<?xml version="1.0" encoding="UTF-8"?>
<window>
	
	<defaultcontrol always="true">52</defaultcontrol>
	
	<coordinates>
		<left>0</left>
		<top>0</top>
	</coordinates>
	
	<onload>CancelAlarm(ShutdownInProgressCancelIfNotWorking,silent)</onload>
	<onload>ClearProperty(ShutdownInProgressText,home)</onload>
	
	
	<onload>SetProperty(ExperimentalStartScreenDone,,home)</onload>
	<onload>SetProperty(ExperimentalStartScreenDoneDelayed,,home)</onload>
	<onload>CancelAlarm(ExperimentalStartScreenAlarm1,silent)</onload>
	<onload>CancelAlarm(ExperimentalStartScreenAlarm2,silent)</onload>
	<onload>CancelAlarm(ExperimentalStartScreenAlarm3,silent)</onload>
	<onload>CancelAlarm(ExperimentalStartScreenAlarm4,silent)</onload>
	
	<animation effect="fade" time="500">WindowOpen</animation>
	<animation effect="fade" time="500">WindowClose</animation>
	
	<controls>
		<!--<include>CommonBackground</include>-->
		
		<control type="group">
			<!--<include>Window_OpenClose_Animation</include>
			<animation effect="fade" time="500">WindowOpen</animation>
			<animation effect="fade" time="500">WindowClose</animation>
			-->
			
			<!--
			<control type="group">
				<control type="image">
					<depth>DepthBackground</depth>
					<description>Normal Default Background Image</description>
					<include>BackgroundDimensions</include>
					<aspectratio>scale</aspectratio>
					<texture>special://skin/backgrounds/login_bg.png</texture>
					<animation effect="fade" start="0" end="20" time="1000" delay="300">WindowOpen</animation>
					<animation effect="fade" end="0" time="400">WindowClose</animation>
				</control>
			</control>
			-->
			
			<include>ContentPanelBackgrounds</include>
			
			<control type="image">
				<description>LOGO</description>
				<left>10</left>
				<top>5</top>
				<width>120</width>
				<height>50</height>
				<aspectratio aligny="top" align="left">keep</aspectratio>
				<texture>kodi-logo.png</texture>
				<include>Window_OpenClose_Animation</include>
			</control>
			<!--
			<control type="image">
				<left>265</left>
				<top>60</top>
				<width>750</width>
				<height>600</height>
				<texture border="10">ContentPanel.png</texture>
			</control>
			<control type="image">
				<left>265</left>
				<top>652</top>
				<width>750</width>
				<height>64</height>
				<texture border="10">ContentPanelMirror.png</texture>
			</control>
			-->
			<control type="label">
				<left>295</left>
				<top>100</top>
				<width>690</width>
				<height>40</height>
				<font>font13</font>
				<textcolor>grey2</textcolor>
				<align>center</align>
				<aligny>center</aligny>
				<label>$LOCALIZE[31421]</label>
			</control>
			<control type="list" id="52">
				<left>295</left>
				<top>170</top>
				<width>690</width>
				<height>401</height>
				<onleft>noop</onleft>
				<onright>noop</onright>
				<onup>noop</onup>
				<ondown>20</ondown>
				<viewtype label="535">list</viewtype>
				<pagecontrol>60</pagecontrol>
				<scrolltime>200</scrolltime>
				<itemlayout height="100" width="690">
					<control type="image">
						<left>0</left>
						<top>0</top>
						<width>690</width>
						<height>95</height>
						<texture border="4">button-nofocus.png</texture>
					</control>
					<control type="image">
						<left>10</left>
						<top>10</top>
						<width>80</width>
						<height>75</height>
						<texture>$INFO[ListItem.Icon]</texture>
						<aspectratio>keep</aspectratio>
					</control>
					<control type="label">
						<left>110</left>
						<top>10</top>
						<width>580</width>
						<height>40</height>
						<font>font24_title</font>
						<textcolor>grey2</textcolor>
						<selectedcolor>selected</selectedcolor>
						<align>left</align>
						<aligny>center</aligny>
						<label>$INFO[ListItem.Label]</label>
					</control>
					<control type="label">
						<left>110</left>
						<top>50</top>
						<width>580</width>
						<height>25</height>
						<font>font13</font>
						<textcolor>grey2</textcolor>
						<selectedcolor>selected</selectedcolor>
						<align>left</align>
						<aligny>center</aligny>
						<label>$INFO[ListItem.Label2]</label>
					</control>
				</itemlayout>
				<focusedlayout height="100" width="580">
					<control type="image">
						<left>0</left>
						<top>0</top>
						<width>690</width>
						<height>95</height>
						<texture border="4">button-nofocus.png</texture>
						<visible>!Control.HasFocus(52)</visible>
						<include>VisibleFadeEffect</include>
					</control>
					<control type="image">
						<left>0</left>
						<top>0</top>
						<width>690</width>
						<height>95</height>
						<texture border="4">button-focus2.png</texture>
						<visible>Control.HasFocus(52)</visible>
						<include>VisibleFadeEffect</include>
					</control>
					<control type="image">
						<left>10</left>
						<top>10</top>
						<width>80</width>
						<height>75</height>
						<texture>$INFO[ListItem.Icon]</texture>
						<aspectratio>keep</aspectratio>
					</control>
					<control type="label">
						<left>110</left>
						<top>10</top>
						<width>580</width>
						<height>40</height>
						<font>font24_title</font>
						<textcolor>white</textcolor>
						<selectedcolor>selected</selectedcolor>
						<align>left</align>
						<aligny>center</aligny>
						<label>$INFO[ListItem.Label]</label>
					</control>
					<control type="label">
						<left>110</left>
						<top>50</top>
						<width>580</width>
						<height>25</height>
						<font>font13</font>
						<textcolor>grey2</textcolor>
						<selectedcolor>selected</selectedcolor>
						<align>left</align>
						<aligny>center</aligny>
						<label>$INFO[ListItem.Label2]</label>
					</control>
				</focusedlayout>
			</control>
			<control type="group">
				<left>930</left>
				<top>600</top>
				<control type="label">
					<left>-580</left>
					<top>0</top>
					<width>580</width>
					<height>45</height>
					<font>font12</font>
					<textcolor>grey2</textcolor>
					<align>right</align>
					<aligny>center</aligny>
					<label>$LOCALIZE[33060]</label>
				</control>
				<control type="button" id="20">
					<description>Power push button</description>
					<left>10</left>
					<top>0</top>
					<width>45</width>
					<height>45</height>
					<label>-</label>
					<font>-</font>
					<onclick>ActivateWindow(ShutdownMenu)</onclick>
					<texturefocus border="4">floor_buttonFO.png</texturefocus>
					<texturenofocus border="4">floor_button.png</texturenofocus>
					<onleft>noop</onleft>
					<onright>noop</onright>
					<onup>52</onup>
					<ondown>noop</ondown>
					<colordiffuse>CCFFFFFF</colordiffuse>
				</control>
				<control type="image">
					<description>Power Icon</description>
					<left>15</left>
					<top>5</top>
					<width>35</width>
					<height>35</height>
					<aspectratio>keep</aspectratio>
					<texture>icon_power.png</texture>
					<animation effect="fade" end="55" time="0" condition="true">Conditional</animation>
					<visible>!Control.HasFocus(20)</visible>
				</control>
				<control type="image">
					<description>Power Icon</description>
					<left>15</left>
					<top>5</top>
					<width>35</width>
					<height>35</height>
					<aspectratio>keep</aspectratio>
					<texture>icon_power.png</texture>
					<visible>Control.HasFocus(20)</visible>
				</control>
			</control>
		</control>
		<control type="grouplist">
			<depth>DepthHeader</depth>
			
			<orientation>horizontal</orientation>
			<align>right</align>
			<top>0</top>
			<right>20</right>
			
			<control type="label">
				<description>Date label</description>
				<width>auto</width>
				<height>54</height><!--51-->
				<align>right</align>
				<aligny>center</aligny>
				<font>Regular14</font>
				<textcolor>white</textcolor>
				<!--
				<shadowcolor>grey</shadowcolor>
				-->
				<label>$INFO[System.Date]  </label>
			</control>
			<include>ClockHome</include>
		</control>
	</controls>
</window>
