<?xml version="1.0" encoding="UTF-8"?>
<window>
	<defaultcontrol always="true">9000</defaultcontrol>
	
	<include>dialogeffect</include>
	
	<onunload>CancelAlarm(TextViewerFocusAddonInfoChangelog,silent)</onunload>
	
	<controls>
		
		<include>BehindDialogDarkBackgroundDarker</include>
		
		<control type="group">
			<left>174</left>
			<top>-10</top>
			<include>VisibleFadeEffect</include>
			<!--<visible>!Window.isVisible(AddonSettings) + !Window.IsActive(TextViewer)</visible>-->
			<!--
			<include content="DialogBackgroundCommons">
				<param name="DialogBackgroundWidth" value="920" />
				<param name="DialogBackgroundHeight" value="639" />
				<param name="DialogHeaderWidth" value="908" />
				<param name="DialogHeaderLabel" value="$LOCALIZE[24003]" />
				<param name="DialogHeaderId" value="2" />
				<param name="CloseButtonLeft" value="845" />
				<param name="CloseButtonNav" value="3" />
			</include>
			-->
			<!--
			<control type="label" id="1">
				<description>header label</description>
				<left>280</left>
				<top>12</top>
				<width>908</width>
				<height>30</height>
				<font>Regular22</font>
				<label>$LOCALIZE[24003]</label>
				<align>left</align>
				<aligny>center</aligny>
				<textcolor>selected</textcolor>
			</control>
			-->
			<control type="image">
				<left>30</left>
				<top>70</top>
				<width>220</width>
				<height>220</height>
				<aspectratio>keep</aspectratio>
				<texture>$INFO[ListItem.Icon]</texture>
				<animation effect="fade" start="100" end="40" time="350" condition="Window.IsVisible(AddonSettings)">Conditional</animation>
			</control>
			<control type="label">
				<description>Addon Title value</description>
				<left>280</left>
				<top>66</top>
				<width>616</width>
				<height>30</height>
				<align>left</align>
				<aligny>center</aligny>
				<font>Light26</font>
				<label>$INFO[ListItem.AddonName]</label>
				<textcolor>white</textcolor>
				<scroll>false</scroll>
			</control>
			
			<control type="image">
				<left>280</left>
				<top>110</top>
				<width>620</width>
				<height>179</height>
				<texture border="2" colordiffuse="FF111111">_added_img/100x100_white.png</texture>
			</control>
			
			<control type="group">
				<left>270</left>
				<top>118</top>
				
				<control type="group">
					<top>4</top>
					<left>16</left>
					<control type="label">
						<description>Type txt</description>
						<left>10</left>
						<top>0</top>
						<width>140</width>
						<height>25</height>
						<label>$LOCALIZE[146]</label>
						<align>left</align>
						<aligny>center</aligny>
						<font>Regular20</font>
						<textcolor>blue</textcolor>
					</control>
					<control type="label">
						<description>Type Value</description>
						<left>160</left>
						<top>0</top>
						<width>440</width>
						<height>25</height>
						<label fallback="416">$INFO[ListItem.AddonType]</label>
						<align>left</align>
						<aligny>center</aligny>
						<font>Regular20</font>
						<scroll>true</scroll>
					</control>
					<control type="label">
						<description>Author txt</description>
						<left>10</left>
						<top>30</top>
						<width>140</width>
						<height>25</height>
						<label>$LOCALIZE[21863]:</label>
						<align>left</align>
						<aligny>center</aligny>
						<font>Regular20</font>
						<textcolor>blue</textcolor>
					</control>
					<control type="label">
						<description>Author Value</description>
						<left>160</left>
						<top>30</top>
						<width>440</width>
						<height>25</height>
						<label fallback="416">$INFO[ListItem.AddonCreator]</label>
						<align>left</align>
						<aligny>center</aligny>
						<font>Regular20</font>
						<scroll>true</scroll>
					</control>
					<control type="label">
						<description>Version txt</description>
						<left>10</left>
						<top>60</top>
						<width>140</width>
						<height>25</height>
						<label>$LOCALIZE[24051]</label>
						<align>left</align>
						<aligny>center</aligny>
						<font>Regular20</font>
						<textcolor>blue</textcolor>
					</control>
					<control type="label">
						<description>Version Value</description>
						<left>160</left>
						<top>60</top>
						<width>440</width>
						<height>25</height>
						<label fallback="416">$INFO[ListItem.AddonVersion]</label>
						<align>left</align>
						<aligny>center</aligny>
						<font>Regular20</font>
						<scroll>true</scroll>
					</control>
					<control type="label">
						<description>Summary txt</description>
						<left>10</left>
						<top>90</top>
						<width>140</width>
						<height>25</height>
						<label>$LOCALIZE[20037]:</label>
						<align>left</align>
						<aligny>center</aligny>
						<font>Regular20</font>
						<textcolor>blue</textcolor>
					</control>
					<control type="fadelabel">
						<description>Summary Value</description>
						<left>160</left>
						<top>90</top>
						<width>440</width>
						<height>25</height>
						<label fallback="416">$INFO[ListItem.AddonSummary]</label>
						<align>left</align>
						<aligny>center</aligny>
						<font>Regular20</font>
						<!--
						<scrollout>false</scrollout>
						<pauseatend>2000</pauseatend>
						-->
						<scroll>false</scroll>
					</control>
					<control type="label">
						<description>Size txt</description>
						<left>10</left>
						<top>120</top>
						<width>140</width>
						<height>25</height>
						<label>$LOCALIZE[22031]:</label>
						<align>left</align>
						<aligny>center</aligny>
						<font>Regular20</font>
						<textcolor>blue</textcolor>
					</control>
					<control type="fadelabel">
						<description>Size Value</description>
						<left>160</left>
						<top>120</top>
						<width>440</width>
						<height>25</height>
						<label fallback="-">$INFO[ListItem.AddonSize]</label>
						<align>left</align>
						<aligny>center</aligny>
						<font>Regular20</font>
					</control>
				</control>
				
				
				
				<control type="group">
					<top>32</top>
					<control type="textbox" id="401">
						<description>Description</description>
						<left>10</left>
						<top>166</top>
						<width>594</width>
						<height>352</height>
						<font>Light19+</font>
						<align>left</align>
						<textcolor>white</textcolor>
						<label>$INFO[ListItem.AddonDescription]</label>
						<pagecontrol>60</pagecontrol>
						<visible>String.IsEmpty(ListItem.AddonDisclaimer)</visible>
					</control>
					<control type="textbox" id="401">
						<description>Description</description>
						<left>10</left>
						<top>166</top>
						<width>594</width>
						<height>352</height>
						<font>Light19+</font>
						<align>left</align>
						<textcolor>white</textcolor>
						<label>$INFO[ListItem.AddonDescription][CR][CR][COLOR=orange]$LOCALIZE[24052]:[/COLOR][CR]$INFO[ListItem.AddonDisclaimer]</label>
						<pagecontrol>60</pagecontrol>
						<visible>!String.IsEmpty(ListItem.AddonDisclaimer)</visible>
					</control>
					<control type="scrollbar" id="60">
						<left>624</left>
						<top>172</top>
						<include>scrollBarStyleDefaultWidth</include>
						<height>346</height>
						<onleft>9000</onleft>
						<onright>60</onright>
						<showonepage>false</showonepage>
						
						<include>scrollBarStyleDefault</include>
						
					</control>
				</control>
			</control>
			<control type="grouplist" id="9000">
				<left>30</left>
				<top>320</top>
				<width>220</width>
				<!--<height>313</height>-->
				<onleft>noop</onleft>
				<onright>60</onright>
				<onup>9000</onup>
				<ondown>9000</ondown>
				<itemgap>2</itemgap>
				<control type="button" id="9">
					<description>Configure Addon</description>
					<width>220</width>
					<height>48</height>
					<label>24020</label>
					<align>center</align>
					<font>Regular21</font>
				</control>
				<control type="button" id="8">
					<description>Update Addon button</description>
					<width>220</width>
					<height>48</height>
					<label>24069</label>
					<align>center</align>
					<font>Regular21</font>
				</control>
				<control type="radiobutton" id="13">
					<description>Auto-update button</description>
					<width>220</width>
					<height>48</height>
					<label>21340</label>
					<align>right</align>
					<font>Regular21</font>
					
					<textoffsetx>48</textoffsetx>
					<textwidth>162</textwidth>
					
				</control>
				<control type="button" id="12">
					<description>Launch Addon button</description>
					<width>220</width>
					<height>48</height>
					<label>518</label>
					<align>center</align>
					<font>Regular21</font>
				</control>
				<control type="button" id="6">
					<description>Install/UnInstall Addon button</description>
					<width>220</width>
					<height>48</height>
					<label>24022</label>
					<align>center</align>
					<font>Regular21</font>
				</control>
				<control type="button" id="7">
					<description>Enable/Disable Addon button</description>
					<width>220</width>
					<height>48</height>
					<label>24021</label>
					<align>center</align>
					<font>Regular21</font>
				</control>
				<control type="button" id="11">
					<description>Changelog button</description>
					<width>220</width>
					<height>48</height>
					<label>24036</label>
					<align>center</align>
					<font>Regular21</font>
					
					<onclick condition="!String.IsEmpty(ListItem.AddonNews)">SetProperty(TextViewer_Header,$ESCINFO[ListItem.AddonName,, – $LOCALIZE[24036]],home)</onclick>
					<onclick condition="!String.IsEmpty(ListItem.AddonNews)">SetProperty(TextViewer_Text_Pre,,home)</onclick>
					<onclick condition="!String.IsEmpty(ListItem.AddonNews)">SetProperty(TextViewer_Text,$ESCINFO[ListItem.AddonNews],home)</onclick>
					<onclick condition="!String.IsEmpty(ListItem.AddonNews)">ActivateWindow(1102)</onclick>
					<enable>!String.IsEmpty(ListItem.AddonNews)</enable>
				</control>
				<!-- Kodi 18+ dependencies button -->
				<control type="button" id="10">
					<description>Dependencies button</description>
					<width>220</width>
					<height>48</height>
					<label>39024</label>
					<align>center</align>
					<font>Regular21</font>
				</control>
			</control>
			<control type="group">
				<visible>!String.IsEmpty(ListItem.AddonBroken)</visible>
				<left>0</left>
				<top>4</top>
				<control type="image">
					<description>Icon image</description>
					<left>20</left>
					<top>10</top>
					<width>52</width>
					<height>52</height>
					<texture>DefaultIconError.png</texture>
				</control>
				<control type="label">
					<description>header label</description>
					<left>72</left>
					<top>12</top>
					<width>850</width>
					<height>25</height>
					<font>Light20</font>
					<label>24096</label>
					<align>left</align>
					<aligny>center</aligny>
					<textcolor>selected</textcolor>
				</control>
				<control type="textbox">
					<description>Reason label</description>
					<left>72</left>
					<top>32</top>
					<width>850</width>
					<height>48</height>
					<font>Light20</font>
					<label>$INFO[ListItem.AddonBroken]</label>
					<align>left</align>
					<textcolor>selected</textcolor>
					
				</control>
			</control>
		</control>
	</controls>
</window>
