<?xml version="1.0" encoding="UTF-8"?>
<window>
	<defaultcontrol always="true">8</defaultcontrol>
	
	
	
	<!--
	<onload condition="Window.IsVisible(1110)">Dialog.Close(1110,true)</onload>
	-->
	
	
	
	<!--<onload>RunScript(script.skin.helper.service,action=similarmovies,imdbid=$INFO[ListItem.IMDBNumber],limit=10,reload=$INFO[ListItem.IMDBNumber])</onload>-->
	<onload condition="!String.IsEmpty(Window(home).Property(OSDinfodialogButtonActive))">Dialog.Close(VideoOSD,true)</onload>
	
	<onload condition="!String.IsEmpty(Window(home).Property(OSDinfodialogButtonActive))">Control.SetFocus(888)</onload>
	
	
	<onload condition="String.IsEmpty(Window(home).Property(OSDinfodialogButtonActive))">Control.SetFocus(8)</onload>
	

	<onload>ClearProperty(dialogvideoinfo_art_blurred,home)</onload>
	<onload>ClearProperty(dialogvideoinfo_art_color,home)</onload>
	<onload>ClearProperty(dialogvideoinfo_art_color_noalpha,home)</onload>
	<onunload>ClearProperty(dialogvideoinfo_art_blurred,home)</onunload>
	<onunload>ClearProperty(dialogvideoinfo_art_color,home)</onunload>
	<onunload>ClearProperty(dialogvideoinfo_art_color_noalpha,home)</onunload>
	
	
	
	
	<onload>ClearProperty(CinemaHelper.UserRating.PROCESS,home)</onload>
	<onload>ClearProperty(CinemaHelper.UserRating.DbId,home)</onload>
	<onload>ClearProperty(CinemaHelper.UserRating.DbType,home)</onload>
	<onload>ClearProperty(CinemaHelper.UserRating.Action,home)</onload>
	
	
	<onload>ClearProperty(CinemaHelper.WatchedState.PROCESS,home)</onload>
	<onload>ClearProperty(CinemaHelper.WatchedState.DbId,home)</onload>
	<onload>ClearProperty(CinemaHelper.WatchedState.DbType,home)</onload>
	<onload>ClearProperty(CinemaHelper.WatchedState.Action,home)</onload>
	
	<onload>ClearProperty(DialogVideoInfoPlaySpamProtection,home)</onload>
	<onunload>ClearProperty(DialogVideoInfoPlaySpamProtection,home)</onunload>
	
	<onload condition="System.hasAddon(service.listitem.helper)">RunScript(service.listitem.helper,action=blurimg,file='"$VAR[PosterInfoDialogSpecial]"',prop=dialogvideoinfo_art,radius=20)</onload>
	
	
	<!--
	<onload condition="Skin.HasSetting(ExperimentalVideoOsdInfoButton) +    !String.IsEmpty(Window(home).Property(OSDinfodialogButtonActive)) + String.IsEqual(ListItem.FilenameAndPath,Player.FilenameAndPath)">Control.SetFocus(9000,0)</onload>
	<onload condition="Skin.HasSetting(ExperimentalVideoOsdInfoButton) +    !String.IsEmpty(Window(home).Property(OSDinfodialogButtonActive)) + !String.IsEqual(ListItem.FilenameAndPath,Player.FilenameAndPath)">Dialog.Close(all,true)</onload>
	
	
	
	
	
	<onunload condition="Skin.HasSetting(ExperimentalVideoOsdInfoButton) +    !String.IsEmpty(Window(home).Property(OSDinfodialogButtonActive))">fullscreen</onunload>
	-->
	
	<!--<onunload condition="!String.IsEmpty(Window(home).Property(OSDinfodialogButtonActive))">SetProperty(OSDinfodialogButtonActive,"",home)</onunload>-->
	<onunload condition="!String.IsEmpty(Window(home).Property(OSDinfodialogButtonActive))">ClearProperty(OSDinfodialogButtonActive,home)</onunload>
	
	<onunload condition="!String.IsEmpty(Window(home).Property(OSDinfodialogButtonActive)) + Skin.HasSetting(FullScreenOsdInfoButtonPauseResume) + Player.Paused">Play</onunload>
	
	<!--<onunload condition="!String.IsEmpty(Window(home).Property(OSDinfodialogButtonActive))">Notification(OSDinfodialogButtonActive CLEAR,$INFO[Window(home).Property(OSDinfodialogButtonActive)],5000)</onunload>-->
	
	
	<controls>
		<control type="group">
			<depth>DepthSideBlade</depth>
			<!--<visible>!Window.IsVisible(FileBrowser)</visible>-->
			

			<animation effect="fade" start="0" end="100" time="1000">WindowOpen</animation><!-- 750 -->
			<animation effect="fade" start="100" end="0" time="600">WindowClose</animation>
			
			<!-- BACKGROUND -->
			<control type="image">
				<left>0</left>
				<top>0</top>
				<width>1280</width>
				<height>720</height>
				<texture>_added_img/1280x720_black.png</texture>
			</control>
			<control type="image">
				<top>0</top>
				<left>486</left>
				<width>796</width>
				<height>720</height>
				<depth>DepthBackground</depth>
				<aspectratio align="left" aligny="top">scale</aspectratio>
				<texture>_added_img/noise00.png</texture>
				<include>backgroundfade</include>
				<animation effect="fade" end="25" time="0" condition="true">Conditional</animation>
				<visible>!Skin.HasSetting(DialogVideoInfoMoodBackgroundDisable) + System.hasAddon(service.listitem.helper)</visible>
			</control>
			<control type="image">
				<top>0</top>
				<left>486</left>
				<width>796</width>
				<height>720</height>
				<depth>DepthBackground</depth>
				<aspectratio>stretch</aspectratio>
				<texture>$INFO[Window(home).Property(dialogvideoinfo_art_blurred)]</texture>
				<aspectratio align="left" aligny="top">stretch</aspectratio>
				<include>backgroundfade</include>
				<fadetime>FanartCrossfadeTime</fadetime>
				<animation effect="fade" end="30" time="0" condition="true">Conditional</animation><!-- 85 70 20 -->
				<visible>!Skin.HasSetting(DialogVideoInfoMoodBackgroundDisable) + System.hasAddon(service.listitem.helper)</visible>
			</control>
			<control type="image">
				<top>0</top>
				<left>486</left>
				<width>800</width>
				<height>100</height>
				<texture>_added_img/posterwall_fadeout_new_dither_2.png</texture>
				<aspectratio align="left" aligny="top">scale</aspectratio>
				<!--
				<animation effect="fade" end="100" time="0" condition="true">Conditional</animation>
				-->
				<visible>!Skin.HasSetting(DialogVideoInfoMoodBackgroundDisable) + System.hasAddon(service.listitem.helper)</visible>
			</control>
			
			
			
			<!-- BACKGROUND LEFT GREY -->
			<control type="image">
				<left>0</left>
				<top>0</top>
				<width>486</width>
				<height>720</height>
				<texture border="2" colordiffuse="FF0c0c0c">_added_img/100x100_white.png</texture>
			</control>
			
			<!-- CLOSE BUTTON -->
			<control type="button">
				<description>Close Window button</description>
				<left>1216</left>
				<top>0</top>
				<width>64</width>
				<height>32</height>
				<label>-</label>
				<font>-</font>
				<onclick>PreviousMenu</onclick>
				<texturefocus>DialogCloseButton-focus.png</texturefocus>
				<texturenofocus>DialogCloseButton.png</texturenofocus>
				<onleft>9000</onleft>
				<onright>9000</onright>
				<onup>9000</onup>
				<ondown>9000</ondown>
				<visible>[System.GetBool(input.enablemouse) + Skin.HasSetting(ShowMouseControlButtons)]</visible>
			</control>
			
			
			<control type="group">

			
			
				<!-- MAIN POSTER -->
				
				
				<!-- scaled: crop -->
				<control type="image" id="18264">
					<left>0</left>
					<top>0</top>
					<width>486</width>
					<height>720</height>
					<aspectratio align="center" aligny="center">scale</aspectratio>
					<!--<aspectratio align="right" aligny="center">keep</aspectratio>-->
					
					<!--<fadetime>IconCrossfadeTime</fadetime>-->
					
					<texture background="true">$VAR[PosterThumbInfoDialog]</texture>
					
					<!--
					<animation effect="slide" start="-486,0" end="0,0" time="750" tween="quadratic" easing="out">WindowOpen</animation>
					<animation effect="slide" start="0,0" end="-486,0" time="300" tween="quadratic" easing="out">WindowClose</animation>
					-->
					<animation type="WindowOpen">
					 <effect type="slide" start="-486,0" end="0,0" time="750" tween="quadratic" easing="out"/>
					 <effect type="fade" start="0" end="100" time="750"/>
					</animation>
					<animation type="WindowClose">
					 <effect type="slide" start="0,0" end="-486,0" time="300" tween="quadratic" easing="out"/>
					</animation>
					
					<visible>String.IsEmpty(Container.PluginName) 
										+ [
										!String.IsEmpty(ListItem.Art(poster)) | 
										
										[!Container.Content(Episodes) + !String.IsEmpty(Window(home).Property(OSDinfodialogButtonActive)) + !String.IsEmpty(Player.Art(poster))]
										
										]</visible>
					<fadetime>250</fadetime>
				</control>
				
				<!-- keep: no crop -->
				<control type="image">
					<left>0</left>
					<top>0</top>
					<width>486</width>
					<height>720</height>
					<aspectratio aligny="top">keep</aspectratio>
					
					<!--<fadetime>IconCrossfadeTime</fadetime>-->
					
					<texture background="true">$VAR[PosterThumbInfoDialog]</texture>
					
					<!--
					<animation effect="slide" start="-486,0" end="0,0" time="750" tween="quadratic" easing="out">WindowOpen</animation>
					<animation effect="slide" start="0,0" end="-486,0" time="300" tween="quadratic" easing="out">WindowClose</animation>
					-->
					<animation type="WindowOpen">
					 <effect type="slide" start="-486,0" end="0,0" time="750" tween="quadratic" easing="out"/>
					 <effect type="fade" start="0" end="100" time="750"/>
					</animation>
					<animation type="WindowClose">
					 <effect type="slide" start="0,0" end="-486,0" time="300" tween="quadratic" easing="out"/>
					</animation>
					
					<!--
					<visible>!String.IsEmpty(Container.PluginName) | String.IsEmpty(ListItem.Art(poster))</visible>
					-->
					<visible>!Control.IsVisible(18264)</visible>
					<fadetime>250</fadetime>
				</control>
				
				
				<control type="image">
					<left>0</left>
					<top>354</top>
					<width>486</width>
					<height>366</height>
					<aspectratio align="center" aligny="top">keep</aspectratio>
					
					<!--<fadetime>IconCrossfadeTime</fadetime>-->
					
					<texture background="true">$VAR[PosterInfoDialogSpecial]</texture>
					
					<!--
					<animation effect="slide" start="-486,0" end="0,0" time="750" tween="quadratic" easing="out">WindowOpen</animation>
					<animation effect="slide" start="0,0" end="-486,0" time="300" tween="quadratic" easing="out">WindowClose</animation>
					-->
					<animation type="WindowOpen">
					 <effect type="slide" start="-486,0" end="0,0" time="750" tween="quadratic" easing="out"/>
					 <effect type="fade" start="0" end="100" time="750"/>
					</animation>
					<animation type="WindowClose">
					 <effect type="slide" start="0,0" end="-486,0" time="300" tween="quadratic" easing="out"/>
					</animation>
					
					
					<visible>String.IsEmpty(Container.PluginName) + Container.Content(Episodes)</visible>
					<fadetime>250</fadetime>
				</control>
				
				
				
				<!--
				<control type="image">
					<left>360</left>
					<top>0</top>
					<width>126</width>
					<height>720</height>
					<aspectratio aligny="top">keep</aspectratio>

					<texture background="true">$INFO[ListItem.Art(tvshow.poster)]</texture>

					<animation effect="slide" start="-486,0" end="0,0" time="750" tween="quadratic" easing="out">WindowOpen</animation>
					<animation effect="slide" start="0,0" end="-486,0" time="300" tween="quadratic" easing="out">WindowClose</animation>
					
					<visible>String.IsEmpty(Container.PluginName) + !String.IsEmpty(ListItem.Art(tvshow.poster))</visible>
				</control>
				-->
				
				
				
			</control>
			
			
			
			
			
					
			<control type="group">

				<!--
				<animation effect="fade" start="0" end="100" time="500">WindowOpen</animation>
				<animation effect="fade" start="100" end="0" time="500">WindowClose</animation>
				-->

				

				<animation effect="slide" start="794,0" end="0,0" time="750" tween="quadratic" easing="out">WindowOpen</animation>
				<animation effect="slide" start="0,0" end="794,0" time="300" tween="quadratic" easing="out">WindowClose</animation>
	
				
				<left>504</left><!-- 486 -->
				<top>18</top><!-- 0 -->
				<width>794</width>
				<height>720</height>

				
				
				<control type="group">
					<top>0</top>
					<!-- STANDARD -->
					<control type="label">
						<description>subheader label</description>
						<left>36</left>
						<top>5</top>
						<width>700</width>
						<height>200</height>
						<label>$INFO[ListItem.Year,[COLOR=grey],[/COLOR]    ]$INFO[ListItem.TVShowTitle,[COLOR=grey],[/COLOR]    ]$INFO[ListItem.Studio,, ]</label>
						<textcolor>grey3</textcolor>
						<align>left</align>
						<visible>!Container.Content(TvShows) + !Container.Content(Episodes)</visible>
						<font>Light20</font>
					</control>
					<!-- TV SHOWS -->
					<control type="label">
						<description>subheader label</description>
						<left>36</left>
						<top>5</top>
						<width>700</width>
						<height>200</height>
						<label>$INFO[ListItem.Year,[COLOR=grey],[/COLOR]    ]$INFO[ListItem.Studio,, ]</label>
						<textcolor>grey3</textcolor>
						<align>left</align>
						<visible>Container.Content(TvShows) + !Container.Content(Episodes)</visible>
						<font>Light20</font>
					</control>
					<!-- TV SHOW EPISODES -->
					<control type="label">
						<description>subheader label</description>
						<left>36</left>
						<top>5</top>
						<width>700</width>
						<height>200</height>
						<label>$INFO[ListItem.TVShowTitle,[COLOR=grey],[/COLOR]    ]$INFO[ListItem.Year,,    ]$INFO[ListItem.Studio,, ]</label>
						<textcolor>grey3</textcolor>
						<align>left</align>
						<visible>!Container.Content(TvShows) + Container.Content(Episodes)</visible>
						<font>Light20</font>
					</control>
				</control>
				
				
				
				<control type="label">
					<description>header label</description>
					<left>34</left><!-- 38 -->
					<top>40</top>
					<width>716</width>
					<height>38</height>
					<font>LightUltraLarge</font>
					<label>$INFO[Listitem.Title]</label>
					<align>left</align>
					<textcolor>white</textcolor>
					<scroll>false</scroll>
				</control>
				
				
				<!-- STINGER -->
				<control type="image">
					<left>584</left>
					<!--<top>344</top>-->
					<!--<top>281</top>-->
					<top>282</top><!--2-->
					<width>34</width>
					<height>34</height>
					<aspectratio>keep</aspectratio>
					<texture background="true">_added_img/stinger_scene.png</texture>
					<visible>!String.IsEmpty(ListItem.Tag) + [String.Contains(ListItem.Tag,aftercreditsstinger) | String.Contains(ListItem.Tag,duringcreditsstinger)]</visible>
					<animation effect="fade" end="20" time="0" condition="true">Conditional</animation>
				</control>
				
				
				
				<!-- overlay watched -->
				<control type="image">
					<left>0</left>
					<top>38</top>
					<width>26</width>
					<height>26</height>
					<aspectratio>keep</aspectratio>
					<texture background="true">OverlayWatched.png</texture>
					<visible>false + !String.IsEmpty(ListItem.PlayCount) + !Control.IsVisible(98156)</visible>
				</control>
				
				
				<control type="group">
				<top>0</top>
				<!-- BACKGROUND RIGHT TOP GREY LEFT STRIPE -->
				<control type="image">
					<left>36</left>
					<top>100</top>
					<width>6</width>
					<height>150</height>
					<texture border="2" colordiffuse="FF2b2b2b">_added_img/100x100_white.png</texture>
				</control>
				
				<!-- CODEC INFO -->
				<control type="grouplist">
					<description>Media Codec Flagging Images</description>
					<left>36</left><!-- 28 -->
					<top>280</top><!--280 -->
					<width>740</width>
					<align>left</align>
					<itemgap>6</itemgap>
					<orientation>horizontal</orientation>
					<include>VisibleFadeEffect</include>
					<visible>[Container.Content(Movies) | Container.Content(TVShows) | Container.Content(Episodes) | Container.Content(MusicVideos)]</visible>
					
					<include>VideoMPAAFlaggingConditions</include>
					<include>VideoRatingStars</include>
					
					<control type="group">
						<description>placeholder</description>
						<width>12</width>
						<height>36</height>
					</control>
					
					<include>VideoCodecFlaggingConditions</include>
					
					<control type="group">
						<description>placeholder</description>
						<width>12</width>
						<height>36</height>
					</control>
					
					<include>AudioCodecFlaggingConditions</include>
					<include>AudioChannelsFlaggingConditions</include>
					
					<control type="group">
						<description>placeholder</description>
						<width>12</width>
						<height>36</height>
					</control>
					
					<!--
					<include>AspectCodecFlaggingConditions</include>
					-->
					<include>VideoStereoscopicsFlaggingConditions</include>
					<!--<include>VideoTypeHackFlaggingConditions</include>-->
				</control>
				

				
				
				
				<!-- MOVIES etc. -->
				<control type="group">
					<visible>[!Container.Content(TvShows) + !Container.Content(Episodes) + !Container.Content(MusicVideos)]</visible>
					<top>20</top>
					<left>0</left>
					<include>VisibleFadeEffect</include>
					
					<control type="list" id="49">
						<left>51</left>
						<top>80</top><!-- 120 -->
						<width>698</width><!-- 705 -->
						<height>150</height><!-- 170 -->
						
						<onleft>9000</onleft>
						<onright>9000</onright>
						<onup>9000</onup>
						<ondown>9000</ondown>
						
						<pagecontrol>80</pagecontrol>
						<scrolltime>200</scrolltime>
						
						<itemlayout width="698" height="30">
							<control type="label">
								<left>5</left>
								<top>0</top>
								<width>160</width>
								<height>30</height>
								<font>Light20</font><!--test2022-->
								<align>left</align>
								<aligny>center</aligny>
								<textcolor>grey</textcolor>
								<selectedcolor>selected</selectedcolor>
								<info>ListItem.Label</info>
							</control>
							<control type="label">
								<left>175</left>
								<top>0</top>
								<width>517</width><!-- 525 -->
								<height>30</height>
								<font>Light20</font><!--test2022-->
								<align>left</align>
								<aligny>center</aligny>
								<textcolor>white</textcolor>
								<selectedcolor>white</selectedcolor>
								<info>ListItem.Label2</info>
							</control>
							
							
							
							<!-- LIVE RATINGS (OPTIONAL) -->
							<control type="group">
								<left>390</left>
								<animation effect="slide" start="0,0" end="20,0" time="0" condition="String.IsEqual(System.Language,German) | String.IsEqual(System.Language,Russian) | String.IsEqual(System.Language,Dutch) | String.IsEqual(System.Language,Danish) | String.IsEqual(System.Language,Ukrainian)">Conditional</animation>
								<visible>!String.IsEmpty(ListItem.Property(rottentomatoesaudience)) | !String.IsEmpty(ListItem.Property(rottentomatoes)) | !String.IsEmpty(ListItem.Property(metacritic)) | !String.IsEmpty(ListItem.Property(imdb))</visible>
								
								<!-- rottentomatoesaudience -->
								<control type="group">
									<left>0</left>
									<visible>!String.IsEmpty(ListItem.Property(rottentomatoesaudience))</visible>
									<control type="image">
										<left>4</left>
										<top>0</top>
										<width>40</width>
										<height>30</height>
										<aspectratio>keep</aspectratio>
										<texture>flagging/ratings/rottentomatoes_audience.png</texture>
									</control>
									<control type="label">
										<left>42</left>
										<top>0</top>
										<width>100</width>
										<height>30</height>
										<font>Light20</font><!--test2022-->
										<align>left</align>
										<aligny>center</aligny>
										<textcolor>white</textcolor>
										<selectedcolor>white</selectedcolor>
										<label>$INFO[ListItem.Property(rottentomatoesaudience),,%]</label>
									</control>
									<animation effect="fade" start="0" end="100" time="500">Visible</animation>
								</control>
								
								<!-- rottentomatoes -->
								<control type="group">
									<left>0</left>
									<visible>!String.IsEmpty(ListItem.Property(rottentomatoes))</visible>
									<control type="image">
										<left>0</left>
										<top>0</top>
										<width>40</width>
										<height>30</height>
										<aspectratio>keep</aspectratio>
										<texture>flagging/ratings/rottentomatoes.png</texture>
									</control>
									<control type="label">
										<left>42</left>
										<top>0</top>
										<width>100</width>
										<height>30</height>
										<font>Light20</font><!--test2022-->
										<align>left</align>
										<aligny>center</aligny>
										<textcolor>white</textcolor>
										<selectedcolor>white</selectedcolor>
										<label>$INFO[ListItem.Property(rottentomatoes),,%]</label>
									</control>
									<animation effect="fade" start="0" end="100" time="500">Visible</animation>
								</control>
								
								<!-- metacritic -->
								<control type="group">
									<left>96</left>
									<visible>!String.IsEmpty(ListItem.Property(metacritic))</visible>
									<control type="image">
										<left>0</left>
										<top>0</top>
										<width>40</width>
										<height>30</height>
										<aspectratio>keep</aspectratio>
										<texture>flagging/ratings/metacritic.png</texture>
									</control>
									<control type="label">
										<left>38</left>
										<top>0</top>
										<width>100</width>
										<height>30</height>
										<font>Light20</font><!--test2022-->
										<align>left</align>
										<aligny>center</aligny>
										<textcolor>white</textcolor>
										<selectedcolor>white</selectedcolor>
										<label>$INFO[ListItem.Property(metacritic),,%]</label>
									</control>
									<animation effect="slide" start="0,0" end="-92,0" time="0" condition="String.IsEmpty(ListItem.Property(rottentomatoes))">Conditional</animation>
									<animation effect="fade" start="0" end="100" time="500">Visible</animation>
								</control>
								
								<!-- imdb -->
								<control type="group">
									<left>188</left>
									<visible>!String.IsEmpty(ListItem.Property(imdb))</visible>
									<control type="image">
										<left>0</left>
										<top>0</top>
										<width>40</width>
										<height>30</height>
										<aspectratio>keep</aspectratio>
										<texture>flagging/ratings/imdb.png</texture>
									</control>
									<control type="label">
										<left>40</left>
										<top>0</top>
										<width>100</width>
										<height>30</height>
										<font>Light20</font><!--test2022-->
										<align>left</align>
										<aligny>center</aligny>
										<textcolor>white</textcolor>
										<selectedcolor>white</selectedcolor>
										<label>$INFO[ListItem.Property(imdb),,%]</label>
									</control>
									<animation effect="slide" start="0,0" end="-92,0" time="0" condition="![String.IsEmpty(ListItem.Property(rottentomatoes)) + String.IsEmpty(ListItem.Property(metacritic))] + [String.IsEmpty(ListItem.Property(rottentomatoes)) | String.IsEmpty(ListItem.Property(metacritic))]">Conditional</animation>
									<animation effect="slide" start="0,0" end="-186,0" time="0" condition="String.IsEmpty(ListItem.Property(rottentomatoes)) + String.IsEmpty(ListItem.Property(metacritic))">Conditional</animation>
									<animation effect="fade" start="0" end="100" time="500">Visible</animation>
								</control>
								
							</control>
							
							
							
						</itemlayout>
						<focusedlayout width="698" height="30">
							<control type="image">
								<left>0</left>
								<top>0</top>
								<width>698</width>
								<height>30</height>
								<visible>Control.HasFocus(49)</visible>
								<texture border="4">MenuItemFO.png</texture>
								<include>VisibleFadeEffect</include>
							</control>
							<control type="label">
								<left>5</left>
								<top>0</top>
								<width>160</width>
								<height>30</height>
								<font>Light20</font><!--test2022-->
								<align>left</align>
								<aligny>center</aligny>
								<textcolor>grey</textcolor>
								<selectedcolor>selected</selectedcolor>
								<info>ListItem.Label</info>
							</control>
							<control type="label">
								<left>175</left>
								<top>0</top>
								<width>517</width><!-- 525 -->
								<height>30</height>
								<font>Light20</font><!--test2022-->
								<align>left</align>
								<aligny>center</aligny>
								<textcolor>white</textcolor>
								<selectedcolor>white</selectedcolor>
								<info>ListItem.Label2</info>
							</control>
							
							
							
							<!-- LIVE RATINGS (OPTIONAL) -->
							<control type="group">
								<left>390</left>
								<animation effect="slide" start="0,0" end="20,0" time="0" condition="String.IsEqual(System.Language,German) | String.IsEqual(System.Language,Russian) | String.IsEqual(System.Language,Dutch) | String.IsEqual(System.Language,Danish) | String.IsEqual(System.Language,Ukrainian)">Conditional</animation>
								<visible>!String.IsEmpty(ListItem.Property(rottentomatoesaudience)) | !String.IsEmpty(ListItem.Property(rottentomatoes)) | !String.IsEmpty(ListItem.Property(metacritic)) | !String.IsEmpty(ListItem.Property(imdb))</visible>
								
								<!-- rottentomatoesaudience -->
								<control type="group">
									<left>0</left>
									<visible>!String.IsEmpty(ListItem.Property(rottentomatoesaudience))</visible>
									<control type="image">
										<left>4</left>
										<top>0</top>
										<width>40</width>
										<height>30</height>
										<aspectratio>keep</aspectratio>
										<texture>flagging/ratings/rottentomatoes_audience.png</texture>
									</control>
									<control type="label">
										<left>42</left>
										<top>0</top>
										<width>100</width>
										<height>30</height>
										<font>Light20</font><!--test2022-->
										<align>left</align>
										<aligny>center</aligny>
										<textcolor>white</textcolor>
										<selectedcolor>white</selectedcolor>
										<label>$INFO[ListItem.Property(rottentomatoesaudience),,%]</label>
									</control>
									<animation effect="fade" start="0" end="100" time="500">Visible</animation>
								</control>
								
								<!-- rottentomatoes -->
								<control type="group">
									<left>0</left>
									<visible>!String.IsEmpty(ListItem.Property(rottentomatoes))</visible>
									<control type="image">
										<left>0</left>
										<top>0</top>
										<width>40</width>
										<height>30</height>
										<aspectratio>keep</aspectratio>
										<texture>flagging/ratings/rottentomatoes.png</texture>
									</control>
									<control type="label">
										<left>42</left>
										<top>0</top>
										<width>100</width>
										<height>30</height>
										<font>Light20</font><!--test2022-->
										<align>left</align>
										<aligny>center</aligny>
										<textcolor>white</textcolor>
										<selectedcolor>white</selectedcolor>
										<label>$INFO[ListItem.Property(rottentomatoes),,%]</label>
									</control>
									<animation effect="fade" start="0" end="100" time="500">Visible</animation>
								</control>
								
								<!-- metacritic -->
								<control type="group">
									<left>96</left>
									<visible>!String.IsEmpty(ListItem.Property(metacritic))</visible>
									<control type="image">
										<left>0</left>
										<top>0</top>
										<width>40</width>
										<height>30</height>
										<aspectratio>keep</aspectratio>
										<texture>flagging/ratings/metacritic.png</texture>
									</control>
									<control type="label">
										<left>38</left>
										<top>0</top>
										<width>100</width>
										<height>30</height>
										<font>Light20</font><!--test2022-->
										<align>left</align>
										<aligny>center</aligny>
										<textcolor>white</textcolor>
										<selectedcolor>white</selectedcolor>
										<label>$INFO[ListItem.Property(metacritic),,%]</label>
									</control>
									<animation effect="slide" start="0,0" end="-92,0" time="0" condition="String.IsEmpty(ListItem.Property(rottentomatoes))">Conditional</animation>
									<animation effect="fade" start="0" end="100" time="500">Visible</animation>
								</control>
								
								<!-- imdb -->
								<control type="group">
									<left>188</left>
									<visible>!String.IsEmpty(ListItem.Property(imdb))</visible>
									<control type="image">
										<left>0</left>
										<top>0</top>
										<width>40</width>
										<height>30</height>
										<aspectratio>keep</aspectratio>
										<texture>flagging/ratings/imdb.png</texture>
									</control>
									<control type="label">
										<left>40</left>
										<top>0</top>
										<width>100</width>
										<height>30</height>
										<font>Light20</font><!--test2022-->
										<align>left</align>
										<aligny>center</aligny>
										<textcolor>white</textcolor>
										<selectedcolor>white</selectedcolor>
										<label>$INFO[ListItem.Property(imdb),,%]</label>
									</control>
									<animation effect="slide" start="0,0" end="-92,0" time="0" condition="![String.IsEmpty(ListItem.Property(rottentomatoes)) + String.IsEmpty(ListItem.Property(metacritic))] + [String.IsEmpty(ListItem.Property(rottentomatoes)) | String.IsEmpty(ListItem.Property(metacritic))]">Conditional</animation>
									<animation effect="slide" start="0,0" end="-186,0" time="0" condition="String.IsEmpty(ListItem.Property(rottentomatoes)) + String.IsEmpty(ListItem.Property(metacritic))">Conditional</animation>
									<animation effect="fade" start="0" end="100" time="500">Visible</animation>
								</control>
								
							</control>
							
							
							
						</focusedlayout>
						<content>
							<item>
								<label>$LOCALIZE[21800]:</label>
								<!--
								<label2>! $INFO[Window(Home).Property(ListItemHelper.rating.rottentomatoes.audience)] $INFO[Window(Home).Property(ListItemHelper.rating.rottentomatoes.url)] $INFO[ListItem.Filename]</label2>
								-->
								<label2>$INFO[ListItem.Filename]</label2>
								
								<onclick>noop</onclick>
								<visible>!String.IsEmpty(ListItem.Filename) + !Skin.HasSetting(DialogVideoInfoFilenameDisable)</visible>
								
								<onclick condition="Skin.HasSetting(ExperimentalShowNtsFile) + 
											String.IsEmpty(Container.PluginName) + [Container.Content(Movies) | Container.Content(TVShows) | Container.Content(Episodes)] + !String.IsEmpty(ListItem.DBID) + 
											System.HasAddon(service.listitem.helper) + 
											!String.IsEmpty(ListItem.IMDBNumber) + 
											String.IsEqual(ListItem.IMDBNumber,Window(Home).Property(ListItemHelper.IMDBNumber))">SetProperty(TextViewer_Header,"Internal Notes",home)</onclick>
								<onclick condition="Skin.HasSetting(ExperimentalShowNtsFile) + 
											String.IsEmpty(Container.PluginName) + [Container.Content(Movies) | Container.Content(TVShows) | Container.Content(Episodes)] + !String.IsEmpty(ListItem.DBID) + 
											System.HasAddon(service.listitem.helper) + 
											!String.IsEmpty(ListItem.IMDBNumber) + 
											String.IsEqual(ListItem.IMDBNumber,Window(Home).Property(ListItemHelper.IMDBNumber))">SetProperty(TextViewer_Text_Pre,,home)</onclick>
								<onclick condition="Skin.HasSetting(ExperimentalShowNtsFile) + 
											String.IsEmpty(Container.PluginName) + [Container.Content(Movies) | Container.Content(TVShows) | Container.Content(Episodes)] + !String.IsEmpty(ListItem.DBID) + 
											System.HasAddon(service.listitem.helper) + 
											!String.IsEmpty(ListItem.IMDBNumber) + 
											String.IsEqual(ListItem.IMDBNumber,Window(Home).Property(ListItemHelper.IMDBNumber))">SetProperty(TextViewer_Text,,home)</onclick>
								<onclick condition="Skin.HasSetting(ExperimentalShowNtsFile) + 
											String.IsEmpty(Container.PluginName) + [Container.Content(Movies) | Container.Content(TVShows) | Container.Content(Episodes)] + !String.IsEmpty(ListItem.DBID) + 
											System.HasAddon(service.listitem.helper) + 
											!String.IsEmpty(ListItem.IMDBNumber) + 
											String.IsEqual(ListItem.IMDBNumber,Window(Home).Property(ListItemHelper.IMDBNumber))">ActivateWindow(1103)</onclick>
											
							</item>
							<item>
								<label>$LOCALIZE[515]:</label>
								<label2>$INFO[ListItem.Genre]</label2>
								<onclick>noop</onclick>
								<visible>!String.IsEmpty(ListItem.Genre)</visible>
							</item>
							<item>
								<label>$LOCALIZE[2050]:</label>
								<label2>$VAR[ItemDuration]</label2>
								<onclick>noop</onclick>
								<visible>!String.IsEmpty(ListItem.Duration)</visible>
								
								<property name="rottentomatoesaudience">$VAR[ItemRatingExternalOptionalRottenTomatoesAudience]</property>
								
							</item>
							<item>
								<label>$LOCALIZE[563]:</label>
								<!--<label2>$INFO[ListItem.RatingAndVotes]$VAR[ItemRatingExternalOptional]</label2>-->
								<label2>$INFO[ListItem.RatingAndVotes]</label2>
								<onclick>noop</onclick>
								
								<property name="rottentomatoes">$VAR[ItemRatingExternalOptionalRottenTomatoes]</property>
								<property name="metacritic">$VAR[ItemRatingExternalOptionalMetacritic]</property>
								<property name="imdb">$VAR[ItemRatingExternalOptionalIMDB]</property>
								
								<visible>[!String.StartsWith(container.folderpath,plugin://plugin.video.youtube) + !String.StartsWith(container.folderpath,plugin://plugin.video.hdtrailers_net)]</visible>
							</item>
							<item>
								<label>$LOCALIZE[20339]:</label>
								<label2>$INFO[ListItem.Director]</label2>
								<onclick>SendClick(2003,13)</onclick>
								<visible>!String.IsEmpty(ListItem.Director)</visible>
							</item>
							<item>
								<label>$LOCALIZE[20417]:</label>
								<label2>$INFO[ListItem.Writer]</label2>
								<onclick>noop</onclick>
								<visible>!String.IsEmpty(ListItem.Writer)</visible>
							</item>
							<item>
								<label>$LOCALIZE[20376]:</label>
								<label2>$INFO[ListItem.OriginalTitle]</label2>
								<onclick>noop</onclick>
								<visible>!String.IsEmpty(ListItem.OriginalTitle) + !String.IsEqual(ListItem.OriginalTitle,Listitem.Title)</visible>
							</item>
							<item>
								<label>$$$:</label>
								<label2>$INFO[Window(Home).Property(ListItemHelper.budget.million),Budget:   $ , million       ]$INFO[Window(Home).Property(ListItemHelper.revenue.million),Revenue:   $ , million]</label2>
								<onclick>noop</onclick>
								<visible>System.HasAddon(service.listitem.helper) + 
											!String.IsEmpty(ListItem.IMDBNumber) + 
											String.IsEqual(ListItem.IMDBNumber,Window(Home).Property(ListItemHelper.IMDBNumber)) + 
											![String.IsEmpty(Window(Home).Property(ListItemHelper.budget.million)) + String.IsEmpty(Window(Home).Property(ListItemHelper.revenue.million))]</visible>
							</item>
							
							<item>
								<label>$LOCALIZE[15311]</label>
								<label2>$INFO[ListItem.FilenameAndPath]</label2>
								<onclick>noop</onclick>
								<visible>!String.IsEmpty(ListItem.FilenameAndPath)</visible>
							</item>
							
							
							
							<item>
								<label>$LOCALIZE[20416]:</label>
								<label2>$INFO[ListItem.Premiered]</label2>
								<onclick>noop</onclick>
								<visible>!String.IsEmpty(ListItem.Premiered)</visible>
							</item>
							
							
							
							<item>
								<label>$LOCALIZE[38018]:</label>
								<label2>$INFO[ListItem.Userrating]</label2>
								<onclick>noop</onclick>
								<visible>!Skin.HasSetting(EnableMyList) + !String.IsEmpty(ListItem.Userrating)</visible>
							</item>
							<item>
								<label>$LOCALIZE[20074]:</label>
								<label2>$INFO[ListItem.Mpaa]</label2>
								<onclick>noop</onclick>
								<visible>!String.IsEmpty(ListItem.Mpaa) + [!String.Contains(ListItem.Mpaa,Rated G) + !String.Contains(ListItem.Mpaa,Rated PG-13) + !String.Contains(ListItem.Mpaa,Rated PG) + !String.Contains(ListItem.Mpaa,Rated R) + !String.Contains(ListItem.Mpaa,Rated NC) + !String.Contains(ListItem.Mpaa,US:not rated) + !String.Contains(ListItem.Mpaa,FSK )] + !String.IsEqual(ListItem.Mpaa,NR)</visible>
							</item>
							
							
							
							<item>
								<label>Awards:</label>
								<label2>$INFO[Window(Home).Property(ListItemHelper.awards)]</label2>
								<onclick>noop</onclick>
								<visible>System.HasAddon(service.listitem.helper) + 
											!String.IsEmpty(ListItem.IMDBNumber) + 
											String.IsEqual(ListItem.IMDBNumber,Window(Home).Property(ListItemHelper.IMDBNumber)) + 
											!String.IsEmpty(Window(Home).Property(ListItemHelper.awards))</visible>
							</item>
							<item>
								<label>Awards:</label>
								<label2>$INFO[Window(Home).Property(SkinHelper.ListItem.Awards)]</label2>
								<onclick>noop</onclick>
								<visible>System.HasAddon(script.skin.helper.service) + !System.HasAddon(service.listitem.helper) + 
											!String.IsEmpty(ListItem.IMDBNumber) + 
											String.IsEqual(ListItem.IMDBNumber,Window(Home).Property(SkinHelper.ListItem.Imdbnumber)) + 
											!String.IsEmpty(Window(Home).Property(SkinHelper.ListItem.Awards))</visible>
							</item>
							
							
							
							<item>
								<label>$LOCALIZE[21875]:</label>
								<label2>[UPPERCASE]$INFO[ListItem.Country][/UPPERCASE]</label2>
								<onclick>noop</onclick>
								<visible>!String.IsEmpty(ListItem.Country)</visible>
							</item>
							
						</content>
					</control>
				</control>
				
				
				
				
				<!-- TV SHOWS -->
				<control type="group">
					<visible>Container.Content(TVShows)</visible>
					<top>20</top>
					<left>0</left>
					<include>VisibleFadeEffect</include>
					
					<control type="list" id="49">
						<left>51</left>
						<top>80</top><!-- 120 -->
						<width>698</width><!-- 705 -->
						<height>150</height><!-- 170 -->
						<onleft>9000</onleft>
						<onright>9000</onright>
						<onup>9000</onup>
						<ondown>9000</ondown>
						<pagecontrol>80</pagecontrol>
						<scrolltime>200</scrolltime>
						<itemlayout width="698" height="30">
							<control type="label">
								<left>5</left>
								<top>0</top>
								<width>160</width>
								<height>30</height>
								<font>Light20</font><!--test2022-->
								<align>left</align>
								<aligny>center</aligny>
								<textcolor>grey</textcolor>
								<selectedcolor>selected</selectedcolor>
								<info>ListItem.Label</info>
							</control>
							<control type="label">
								<left>175</left>
								<top>0</top>
								<width>517</width><!-- 525 -->
								<height>30</height>
								<font>Light20</font><!--test2022-->
								<align>left</align>
								<aligny>center</aligny>
								<textcolor>white</textcolor>
								<selectedcolor>white</selectedcolor>
								<info>ListItem.Label2</info>
							</control>
						</itemlayout>
						<focusedlayout width="698" height="30">
							<control type="image">
								<left>0</left>
								<top>0</top>
								<width>698</width>
								<height>30</height>
								<visible>Control.HasFocus(49)</visible>
								<texture border="4">MenuItemFO.png</texture>
								<include>VisibleFadeEffect</include>
							</control>
							<control type="label">
								<left>5</left>
								<top>0</top>
								<width>160</width>
								<height>30</height>
								<font>Light20</font><!--test2022-->
								<align>left</align>
								<aligny>center</aligny>
								<textcolor>grey</textcolor>
								<selectedcolor>selected</selectedcolor>
								<info>ListItem.Label</info>
							</control>
							<control type="label">
								<left>175</left>
								<top>0</top>
								<width>517</width><!-- 525 -->
								<height>30</height>
								<font>Light20</font><!--test2022-->
								<align>left</align>
								<aligny>center</aligny>
								<textcolor>white</textcolor>
								<selectedcolor>white</selectedcolor>
								<info>ListItem.Label2</info>
							</control>
						</focusedlayout>
						<content>
							<item>
								<label>$LOCALIZE[20360]:</label>
								<label2>$INFO[ListItem.Episode] [COLOR=grey] ($INFO[ListItem.Property(WatchedEpisodes),, $LOCALIZE[16102]] – $INFO[ListItem.Property(UnWatchedEpisodes),, $LOCALIZE[16101]])[/COLOR]</label2>
								<onclick>noop</onclick>
								<visible>!String.IsEmpty(ListItem.Episode)</visible>
							</item>
							<item>
								<label>$LOCALIZE[20416]:</label>
								<label2>$INFO[ListItem.Premiered]</label2>
								<onclick>noop</onclick>
								<visible>!String.IsEmpty(ListItem.Premiered)</visible>
							</item>
							<item>
								<label>$LOCALIZE[515]:</label>
								<label2>$INFO[ListItem.Genre]</label2>
								<onclick>noop</onclick>
								<visible>!String.IsEmpty(ListItem.Genre)</visible>
							</item>
							<!--
							<item>
								<label>$LOCALIZE[562]:</label>
								<label2>$INFO[ListItem.Year]</label2>
								<onclick>noop</onclick>
								<visible>!String.IsEmpty(ListItem.Year)</visible>
							</item>
							-->
							<item>
								<label>$LOCALIZE[38018]:</label>
								<label2>$INFO[ListItem.Userrating]</label2>
								<onclick>noop</onclick>
								<visible>!Skin.HasSetting(EnableMyList) + !String.IsEmpty(ListItem.Userrating)</visible>
							</item>
							<item>
								<label>$LOCALIZE[563]:</label>
								<label2>$INFO[ListItem.RatingAndVotes]$VAR[ItemRatingExternalOptional]</label2>
								<onclick>noop</onclick>
								<visible>!String.IsEmpty(ListItem.RatingAndVotes)</visible>
							</item>
							<item>
								<label>$LOCALIZE[15311]</label>
								<label2>$INFO[ListItem.FilenameAndPath]</label2>
								<onclick>noop</onclick>
								<visible>!String.IsEmpty(ListItem.FilenameAndPath)</visible>
							</item>
						</content>
					</control>
				</control>
				
				
				
				<!-- EPISODES -->
				<control type="group">
					<visible>Container.Content(Episodes)</visible>
					<top>20</top>
					<left>0</left>
					<include>VisibleFadeEffect</include>
					
					<control type="list" id="49">
						<left>51</left>
						<top>80</top><!-- 120 -->
						<width>698</width><!-- 705 -->
						<height>150</height><!-- 170 -->
						<onleft>9000</onleft>
						<onright>9000</onright>
						<onup>9000</onup>
						<ondown>9000</ondown>
						<pagecontrol>80</pagecontrol>
						<scrolltime>200</scrolltime>
						<itemlayout width="698" height="30">
							<control type="label">
								<left>5</left>
								<top>0</top>
								<width>160</width>
								<height>30</height>
								<font>Light20</font><!--test2022-->
								<align>left</align>
								<aligny>center</aligny>
								<textcolor>grey</textcolor>
								<selectedcolor>selected</selectedcolor>
								<info>ListItem.Label</info>
							</control>
							<control type="label">
								<left>175</left>
								<top>0</top>
								<width>517</width><!-- 525 -->
								<height>30</height>
								<font>Light20</font><!--test2022-->
								<align>left</align>
								<aligny>center</aligny>
								<textcolor>white</textcolor>
								<selectedcolor>white</selectedcolor>
								<info>ListItem.Label2</info>
							</control>
						</itemlayout>
						<focusedlayout width="698" height="30">
							<control type="image">
								<left>0</left>
								<top>0</top>
								<width>698</width>
								<height>30</height>
								<visible>Control.HasFocus(49)</visible>
								<texture border="4">MenuItemFO.png</texture>
								<include>VisibleFadeEffect</include>
							</control>
							<control type="label">
								<left>5</left>
								<top>0</top>
								<width>160</width>
								<height>30</height>
								<font>Light20</font><!--test2022-->
								<align>left</align>
								<aligny>center</aligny>
								<textcolor>grey</textcolor>
								<selectedcolor>selected</selectedcolor>
								<info>ListItem.Label</info>
							</control>
							<control type="label">
								<left>175</left>
								<top>0</top>
								<width>517</width><!-- 525 -->
								<height>30</height>
								<font>Light20</font><!--test2022-->
								<align>left</align>
								<aligny>center</aligny>
								<textcolor>white</textcolor>
								<selectedcolor>white</selectedcolor>
								<info>ListItem.Label2</info>
							</control>
						</focusedlayout>
						<content>
							<!--
							<item>
								<label>dbg:</label>
								<label2>imdbno: $INFO[ListItem.IMDBNumber] $VAR[ItemRatingExternalOptionalIMDB] $VAR[ItemRatingExternalOptionalRottenTomatoes] $VAR[ItemRatingExternalOptionalMetacritic] !</label2>
								<onclick>noop</onclick>
							</item>
							-->
							<!--
							<item>
								<label>$LOCALIZE[20364]:</label>
								<label2>$INFO[ListItem.TVShowTitle]</label2>
								<onclick>noop</onclick>
								<visible>!String.IsEmpty(ListItem.TVShowTitle)</visible>
							</item>
							-->
							<item>
								<label>$LOCALIZE[20359]:</label><!--$LOCALIZE[20373]/-->
								<label2>$INFO[ListItem.Season,S, ]$INFO[ListItem.Episode,E,]</label2>
								<onclick>noop</onclick>
								<visible>!String.IsEmpty(ListItem.Episode) | String.IsEmpty(ListItem.Season)</visible>
							</item>
							<item>
								<label>$LOCALIZE[20416]:</label>
								<label2>$INFO[ListItem.Premiered]</label2>
								<onclick>noop</onclick>
								<visible>!String.IsEmpty(ListItem.Premiered)</visible>
							</item>
							<item>
								<label>$LOCALIZE[515]:</label>
								<label2>$INFO[ListItem.Genre]</label2>
								<onclick>noop</onclick>
								<visible>!String.IsEmpty(ListItem.Genre)</visible>
							</item>
							<item>
								<label>$LOCALIZE[2050]:</label>
								<label2>$VAR[ItemDuration]</label2>
								<onclick>noop</onclick>
								<visible>!String.IsEmpty(ListItem.Duration)</visible>
							</item>
							<item>
								<label>$LOCALIZE[38018]:</label>
								<label2>$INFO[ListItem.Userrating]</label2>
								<onclick>noop</onclick>
								<visible>!Skin.HasSetting(EnableMyList) + !String.IsEmpty(ListItem.Userrating)</visible>
							</item>
							<item>
								<label>$LOCALIZE[563]:</label>
								<label2>$INFO[ListItem.RatingAndVotes]$VAR[ItemRatingExternalOptional]</label2>
								<onclick>noop</onclick>
								<visible>!String.IsEmpty(ListItem.RatingAndVotes)</visible>
							</item>
							<item>
								<label>$LOCALIZE[20339]:</label>
								<label2>$INFO[ListItem.Director]</label2>
								<onclick>SendClick(2003,13)</onclick>
								<visible>!String.IsEmpty(ListItem.Director)</visible>
							</item>
							<item>
								<label>$LOCALIZE[20417]:</label>
								<label2>$INFO[ListItem.Writer]</label2>
								<onclick>noop</onclick>
								<visible>!String.IsEmpty(ListItem.Writer)</visible>
							</item>
							<!--
							<item>
								<label>$LOCALIZE[562]:</label>
								<label2>$INFO[ListItem.Year]</label2>
								<onclick>noop</onclick>
								<visible>!String.IsEmpty(ListItem.Year)</visible>
							</item>
							-->
							<item>
								<label>$LOCALIZE[15311]</label>
								<label2>$INFO[ListItem.FilenameAndPath]</label2>
								<onclick>noop</onclick>
								<visible>!String.IsEmpty(ListItem.FilenameAndPath)</visible>
							</item>
						</content>
					</control>
				</control>
				
				
				
				<!-- MUSIC VIDEOS (INCLUDING YT ADDON) -->
				<control type="group">
					<visible>Container.Content(MusicVideos)</visible>
					<top>20</top>
					<left>0</left>
					<include>VisibleFadeEffect</include>
					
					<control type="list" id="49">
						<left>51</left>
						<top>80</top><!-- 120 -->
						<width>698</width><!-- 705 -->
						<height>150</height><!-- 170 -->
						<onleft>9000</onleft>
						<onright>9000</onright>
						<onup>9000</onup>
						<ondown>9000</ondown>
						<pagecontrol>80</pagecontrol>
						<scrolltime>200</scrolltime>
						<itemlayout width="698" height="30">
							<control type="label">
								<left>5</left>
								<top>0</top>
								<width>160</width>
								<height>30</height>
								<font>Light20</font><!--test2022-->
								<align>left</align>
								<aligny>center</aligny>
								<textcolor>grey</textcolor>
								<selectedcolor>selected</selectedcolor>
								<info>ListItem.Label</info>
							</control>
							<control type="label">
								<left>175</left>
								<top>0</top>
								<width>517</width><!-- 525 -->
								<height>30</height>
								<font>Light20</font><!--test2022-->
								<align>left</align>
								<aligny>center</aligny>
								<textcolor>white</textcolor>
								<selectedcolor>white</selectedcolor>
								<info>ListItem.Label2</info>
							</control>
						</itemlayout>
						<focusedlayout width="698" height="30">
							<control type="image">
								<left>0</left>
								<top>0</top>
								<width>698</width>
								<height>30</height>
								<visible>Control.HasFocus(49)</visible>
								<texture border="4">MenuItemFO.png</texture>
								<include>VisibleFadeEffect</include>
							</control>
							<control type="label">
								<left>5</left>
								<top>0</top>
								<width>160</width>
								<height>30</height>
								<font>Light20</font><!--test2022-->
								<align>left</align>
								<aligny>center</aligny>
								<textcolor>grey</textcolor>
								<selectedcolor>selected</selectedcolor>
								<info>ListItem.Label</info>
							</control>
							<control type="label">
								<left>175</left>
								<top>0</top>
								<width>517</width><!-- 525 -->
								<height>30</height>
								<font>Light20</font><!--test2022-->
								<align>left</align>
								<aligny>center</aligny>
								<textcolor>white</textcolor>
								<selectedcolor>white</selectedcolor>
								<info>ListItem.Label2</info>
							</control>
						</focusedlayout>
						<content>
							<item>
								<label>$LOCALIZE[557]:</label>
								<label2>$INFO[ListItem.Artist]</label2>
								<onclick>noop</onclick>
								<visible>!String.IsEmpty(ListItem.Artist)</visible>
							</item>
							<item>
								<label>$LOCALIZE[558]:</label>
								<label2>$INFO[ListItem.Album]</label2>
								<onclick>noop</onclick>
								<visible>!String.IsEmpty(ListItem.Album)</visible>
							</item>
							<item>
								<label>$LOCALIZE[515]:</label>
								<label2>$INFO[ListItem.Genre]</label2>
								<onclick>noop</onclick>
								<visible>!String.IsEmpty(ListItem.Genre)</visible>
							</item>
							<item>
								<label>$LOCALIZE[572]:</label>
								<label2>$INFO[ListItem.Studio]</label2>
								<onclick>noop</onclick>
								<visible>!String.IsEmpty(ListItem.Studio)</visible>
							</item>
							<item>
								<label>$LOCALIZE[20417]:</label>
								<label2>$INFO[ListItem.Writer]</label2>
								<onclick>noop</onclick>
								<visible>!String.IsEmpty(ListItem.Writer)</visible>
							</item>
							<item>
								<label>$LOCALIZE[20339]:</label>
								<label2>$INFO[ListItem.Director]</label2>
								<onclick>noop</onclick>
								<visible>!String.IsEmpty(ListItem.Director)</visible>
							</item>
							<!--
							<item>
								<label>$LOCALIZE[562]:</label>
								<label2>$INFO[ListItem.Year]</label2>
								<onclick>noop</onclick>
								<visible>!String.IsEmpty(ListItem.Year)</visible>
							</item>
							-->
							<item>
								<label>$LOCALIZE[2050]:</label>
								<label2>$INFO[ListItem.Duration] $LOCALIZE[12391]</label2>
								<onclick>noop</onclick>
								<visible>!String.IsEmpty(ListItem.Duration)</visible>
							</item>
							<item>
								<label>$LOCALIZE[38018]:</label>
								<label2>$INFO[ListItem.Userrating]</label2>
								<onclick>noop</onclick>
								<visible>!Skin.HasSetting(EnableMyList) + !String.IsEmpty(ListItem.Userrating)</visible>
							</item>
							<item>
								<label>$LOCALIZE[15311]</label>
								<label2>$INFO[ListItem.FilenameAndPath]</label2>
								<onclick>noop</onclick>
								<visible>!String.IsEmpty(ListItem.FilenameAndPath)</visible>
							</item>
						</content>
					</control>
				</control>
				
				
				
				<control type="scrollbar" id="80">
					<left>752</left>
					<top>92</top>
					<width>20</width>
					<height>166</height>
					<texturesliderbackground border="10">scrollbars/ScrollBarUni-bg.png</texturesliderbackground>
					<texturesliderbar border="10">scrollbars/ScrollBarUni-bar.png</texturesliderbar>
					<texturesliderbarfocus border="10">scrollbars/ScrollBarUni-bar-focus.png</texturesliderbarfocus>
					<textureslidernib>scrollbars/ScrollBarUni-nib.png</textureslidernib>
					<textureslidernibfocus>scrollbars/ScrollBarUni-nib.png</textureslidernibfocus>
					<showonepage>false</showonepage>
					<orientation>vertical</orientation>
					<visible>Control.HasFocus(49)</visible>
					<animation effect="fade" start="100" end="50" time="0" condition="true">Conditional</animation>
					<enable>false</enable>
					<include>VisibleFadeEffect</include>
				</control>
				
				
				
				
				
				<!--
				<control type="list" id="9888">
					<enable>false</enable>
					<left>-20</left>
					<top>395</top>
					<width>100</width>
					<height>100</height>
					<viewtype label="535">list</viewtype>
					<pagecontrol>80</pagecontrol>
					<scrolltime>200</scrolltime>
					<orientation>Horizontal</orientation>
					<include content="HomeItemsWidgetLayoutType1">
						<param name="list_id" value="9888"/>
					</include>
					<content sortby="" sortorder="" target="videos" limit="10">plugin://script.skin.helper.service/?action=similarmovies&amp;imdbid=$INFO[ListItem.IMDBNumber]&amp;limit=10&amp;reload=$INFO[ListItem.IMDBNumber]</content>
				</control>
				-->
				
				
				
				
				
				
				<control type="button" id="499">
					<description>Plot Text Viewer button</description>
					<left>28</left>
					<top>395</top>
					<width>696</width>
					<height>256</height>
					<visible>!Control.IsVisible(50)</visible>
					<texturefocus border="4">button-focus-nobase.png</texturefocus>
					<texturenofocus border="4"></texturenofocus>
					
					<onclick condition="!String.IsEmpty(ListItem.Plot)">SetProperty(TextViewer_Header,$ESCINFO[ListItem.Title],home)</onclick>
					<onclick condition="!String.IsEmpty(ListItem.Plot)">SetProperty(TextViewer_Text_Pre,$ESCINFO[ListItem.TagLine],home)</onclick>
					<onclick condition="!String.IsEmpty(ListItem.Plot)">SetProperty(TextViewer_Text,$ESCINFO[ListItem.Plot],home)</onclick>
					
					<onclick condition="!String.IsEmpty(ListItem.Plot) + String.IsEmpty(Window(home).Property(OSDinfodialogButtonActive))">SetFocus(8)</onclick>
					<onclick condition="!String.IsEmpty(ListItem.Plot) + !String.IsEmpty(Window(home).Property(OSDinfodialogButtonActive))">SetFocus(888)</onclick>
					
					<onclick condition="!String.IsEmpty(ListItem.Plot)">ActivateWindow(1102)</onclick>
					<visible>!String.IsEmpty(ListItem.Plot) + [System.GetBool(videolibrary.showunwatchedplots) | !String.IsEmpty(ListItem.PlayCount)]</visible>
					<onup>9000</onup>
				</control>
				
				<control type="group">
					<animation effect="fade" start="0" end="100" time="1500" delay="0">WindowOpen</animation>
					
					<control type="label">
						<description>...</description>
						<left>36</left>
						<top>534</top><!--520 before lineheight+ -->
						<width>100</width>
						<height>40</height>
						
						<font>Light20</font>
						<align>left</align>
						<textcolor>white</textcolor>
						<label>...</label>
						
						<visible>!Control.IsVisible(50) + !Control.HasFocus(499) + [System.GetBool(videolibrary.showunwatchedplots) | !String.IsEmpty(ListItem.PlayCount)]</visible>
						
					</control>
					
					<control type="textbox">
						<description>Plot Text</description>
						<left>36</left>
						<top>400</top>
						<width>682</width>
						<height>134</height><!--120 before lineheight+ -->
						
						<font>Light20+</font>
						<align>left</align>
						<textcolor>white</textcolor>
						<pagecontrol></pagecontrol>
						<label>$INFO[ListItem.TagLine,,[CR]]$INFO[ListItem.Plot]</label>
						<!--<label>b: $INFO[Window(Home).Property(ListItemHelper.budget)]  |  bf: $INFO[Window(Home).Property(ListItemHelper.budget.formatted)]  |  bm: $INFO[Window(Home).Property(ListItemHelper.budget.million)] Mio.[CR]r: $INFO[Window(Home).Property(ListItemHelper.revenue)]  |  rf: $INFO[Window(Home).Property(ListItemHelper.revenue.formatted)]  |  rm: $INFO[Window(Home).Property(ListItemHelper.revenue.million)] Mio.</label>-->
						
						<visible>!Control.IsVisible(50) + !Control.HasFocus(499) + [System.GetBool(videolibrary.showunwatchedplots) | !String.IsEmpty(ListItem.PlayCount)]</visible>
						
						<animation effect="fade" start="0" end="99" time="0" condition="true">Conditional</animation>
					</control>
					
					<control type="textbox">
						<description>Plot Text</description>
						<left>36</left>
						<top>400</top>
						<width>682</width>
						<height>244</height>
						
						<font>Light20+</font>
						<align>left</align>
						<textcolor>white</textcolor>
						<pagecontrol></pagecontrol>
						<label>$INFO[ListItem.TagLine,,[CR]]$INFO[ListItem.Plot]</label>
						
						<autoscroll time="2000" delay="10000" repeat="10000">Skin.HasSetting(AutoScroll)</autoscroll>
						
						<visible>!Control.IsVisible(50) + Control.HasFocus(499) + [System.GetBool(videolibrary.showunwatchedplots) | !String.IsEmpty(ListItem.PlayCount)]</visible>
					</control>
				
				</control>
				</control>

				

				
				
				<!-- ACTORS -->
				<control type="panel" id="50">
					<left>26</left>
					<top>406</top><!-- 330 -->
					<width>750</width><!-- 765 -->
					<height>350</height>
					<ondown condition="System.hasAddon(script.extendedinfo) + Control.HasFocus(50) + !String.IsEmpty(Container(50).ListItem.Label)">RunScript(script.extendedinfo,info=extendedactorinfo,name=$INFO[Container(50).ListItem.Label])</ondown>
					<ondown condition="!System.hasAddon(script.extendedinfo)">InstallAddon(script.extendedinfo)</ondown>
					<onup>9000</onup>
					
					<viewtype label="">list</viewtype>
					<pagecontrol></pagecontrol>
					<scrolltime>200</scrolltime>
					<orientation>horizontal</orientation>
					
					<itemlayout width="180" height="350">
						<control type="image">
							<left>10</left>
							<top>0</top>
							<width>160</width>
							<height>228</height>
							<aspectratio>scale</aspectratio>
							<texture fallback="DefaultActorSolid.png" colordiffuse="ffb2b2b2">$INFO[Listitem.Thumb]</texture>
						</control>
						<control type="textbox">
							<description>Actor and Role</description>
							<left>8</left>
							<top>232</top>
							<width>164</width>
							<height>60</height>
							<font>Regular16</font>
							<align>center</align>
							<selectedcolor>white</selectedcolor>
							<label>$INFO[ListItem.Label]$INFO[ListItem.Label2,[COLOR FF999999][CR],[/COLOR]]</label>
							<animation effect="fade" end="65" time="0" condition="true">Conditional</animation>
						</control>
					</itemlayout>
					
					<focusedlayout width="180" height="350">
						<control type="image">
							<left>10</left>
							<top>0</top>
							<width>160</width>
							<height>228</height>
							<aspectratio>scale</aspectratio>
							<texture fallback="DefaultActorSolid.png">$INFO[Listitem.Thumb]</texture>
						</control>
						<control type="image">
							<left>10</left>
							<top>0</top>
							<width>160</width>
							<height>228</height>
							<aspectratio>scale</aspectratio>
							<bordertexture border="4">_added_img/focus_border_2px.png</bordertexture>
							<bordersize>2</bordersize>
							<texture>_added_img/posterwall_100x100_clear.png</texture>
						</control>
						<control type="textbox">
							<description>Actor and Role</description>
							<left>8</left>
							<top>232</top>
							<width>164</width>
							<height>60</height>
							<font>Regular16</font>
							<align>center</align>
							<selectedcolor>white</selectedcolor>
							<label>$INFO[ListItem.Label]$INFO[ListItem.Label2,[COLOR FF999999][CR],[/COLOR]]</label>
						</control>
					</focusedlayout>
					
				</control>
				
				
				
				<!--
				<control type="image">
					<left>-486</left>
					<top>640</top>
					<width>1280</width>
					<height>80</height>
					<texture>_added_img/1280x720_black.png</texture>
					<animation effect="fade" end="50" time="0" condition="true">Conditional</animation>
				</control>
				-->
				
				<control type="grouplist" id="9000">
					<left>36</left>
					<top>336</top><!-- 654 660 -->
					<width>740</width><!-- 758 -->
					<height>120</height>
					<itemgap>2</itemgap>
					<align>left</align>
					<orientation>horizontal</orientation>
					<onleft>9000</onleft>
					<onright>9000</onright>
					<onup>49</onup>
					<ondown condition="Control.IsVisible(50)">50</ondown>
					<ondown condition="!Control.IsVisible(50)">499</ondown>
					
					
					
					<control type="radiobutton" id="888">
						<description>Close Info</description>
						<width>144</width>
						<height>50</height>
						<label>$LOCALIZE[15067]</label>
						<onclick>Dialog.Close(all,true)</onclick>
						<visible>!String.IsEmpty(Window(home).Property(OSDinfodialogButtonActive))</visible>
						
						<textureradiooffnofocus>_added_img/icon_close.png</textureradiooffnofocus>
						<textureradioofffocus>_added_img/icon_close.png</textureradioofffocus>
						
						<textureradioonnofocus>_added_img/icon_close.png</textureradioonnofocus>
						<textureradioonfocus>_added_img/icon_close.png</textureradioonfocus>
						
						<textureradiooffdisabled></textureradiooffdisabled>
						<textureradioondisabled></textureradioondisabled>
						
						<include condition="String.Contains(System.Language,English)">PlayButtonEnglishStyle</include>
						<radioposx>16</radioposx>
						<radioposy>12</radioposy>
						
						<align>left</align>
						
						<textoffsetx>48</textoffsetx>
						<textwidth>92</textwidth>
						
						<radiowidth>28</radiowidth>
						<radioheight>28</radioheight>
						
						<include>ButtonInfoDialogsCommonValues</include>
						
					</control>
					
					
					
					<control type="radiobutton" id="8">
						
						
						<onclick condition="String.IsEmpty(Window(home).Property(DialogVideoInfoPlaySpamProtection))">SetProperty(DialogVideoInfoPlaySpamProtection,True,home)</onclick>
						<onclick condition="!String.IsEmpty(Window(home).Property(DialogVideoInfoPlaySpamProtection))">Dialog.Close(VideoOSD)</onclick>
						
						<onclick>AlarmClock(DialogVideoInfoPlaySpamProtectionTimer,ClearProperty(DialogVideoInfoPlaySpamProtection,home),00:00:01,silent)</onclick>
						
						
						<description>Play/browse to Show</description>
						<width>144</width>
						<height>50</height>
						<label>$VAR[PlayButtonLabel]</label>
						
						<texturenofocus border="4" colordiffuse="FF141414">_added_img/100x100_white.png</texturenofocus>
						<texturefocus border="4">_added_img/posterwall_100x100_blue.png</texturefocus>
						
						<!--
						<alttexturenofocus border="4" colordiffuse="FF141414">_added_img/100x100_white.png</alttexturenofocus>
						<alttexturefocus border="4">_added_img/posterwall_100x100_blue.png</alttexturefocus>
						<altlabel>1024</altlabel>
						<usealttexture>Container.Content(TVShows)</usealttexture>
						-->
						
						<visible>String.IsEmpty(Window(home).Property(OSDinfodialogButtonActive))</visible>
						
						
						<include condition="Container.Content(TVShows)">PlayButtonNoRadioButton</include>
						
						<textureradiooffnofocus>_added_img/icon_play.png</textureradiooffnofocus>
						<textureradioofffocus>_added_img/icon_play.png</textureradioofffocus>
						
						<textureradioonnofocus>_added_img/icon_play.png</textureradioonnofocus>
						<textureradioonfocus>_added_img/icon_play.png</textureradioonfocus>
						
						<textureradiooffdisabled></textureradiooffdisabled>
						<textureradioondisabled></textureradioondisabled>
						
						<include condition="String.Contains(System.Language,English)">PlayButtonEnglishStyle</include>
						<radioposx>16</radioposx>
						<radioposy>12</radioposy>
						
						<align>left</align>
						
						<textoffsetx>48</textoffsetx>
						<textwidth>92</textwidth>
						
						<radiowidth>28</radiowidth>
						<radioheight>28</radioheight>
						
						<include>ButtonInfoDialogsCommonValues</include>
						
					</control>
					
					
					
					
					
					
					
					
					
					<control type="radiobutton" id="98155">
						<description></description>
						<width>144</width>
						<height>50</height>
						
						<label>$VAR[MyListLabel]</label>
						
						<onclick condition="true">SetProperty(CinemaHelper.UserRating.DbId,$ESCINFO[ListItem.DbId],home)</onclick>
						<onclick condition="true">SetProperty(CinemaHelper.UserRating.DbType,$ESCINFO[ListItem.DBTYPE],home)</onclick>
						
						<!-- NOT on My List -->
						<onclick condition="[ String.IsEmpty(Window(home).Property(CinemaHelper.UserRating.Action)) + !String.IsEqual(ListItem.UserRating,1) ] 
																	| String.IsEqual(Window(home).Property(CinemaHelper.UserRating.Action),WatchListRemove)">
																	SetProperty(CinemaHelper.UserRating.Action,WatchListAdd,home)</onclick>
						
						<!-- IS on  My List -->
						<onclick condition="[ String.IsEmpty(Window(home).Property(CinemaHelper.UserRating.Action)) + String.IsEqual(ListItem.UserRating,1) ]  
																	| String.IsEqual(Window(home).Property(CinemaHelper.UserRating.Action),WatchListAdd)">
																	SetProperty(CinemaHelper.UserRating.Action,WatchListRemove,home)</onclick>
						
						<onclick condition="true">SetProperty(CinemaHelper.UserRating.PROCESS,True,home)</onclick>
						
						<visible>Skin.HasSetting(EnableMyList) + [String.IsEqual(ListItem.DBTYPE,movie) | String.IsEqual(ListItem.DBTYPE,episode) | String.IsEqual(ListItem.DBTYPE,tvshow)]  + !String.IsEmpty(ListItem.IMDBNumber) + !String.IsEmpty(ListItem.DbId) + String.IsEmpty(Container.PluginName) + [Container.Content(TVShows) | Container.Content(Episodes) | Container.Content(Movies)]</visible>
						
						<textureradiooffnofocus>_added_img/icon_plus.png</textureradiooffnofocus>
						<textureradioofffocus>_added_img/icon_plus_green.png</textureradioofffocus>
						
						<textureradioonnofocus>_added_img/icon_mylist.png</textureradioonnofocus>
						<textureradioonfocus>_added_img/icon_minus_red.png</textureradioonfocus>
						
						<textureradiooffdisabled></textureradiooffdisabled>
						<textureradioondisabled></textureradioondisabled>
						
						<radioposx>100</radioposx>
						<radioposy>12</radioposy>
						
						<align>right</align>
						
						<textoffsetx>46</textoffsetx>
						<textwidth>92</textwidth>
						
						<radiowidth>28</radiowidth>
						<radioheight>28</radioheight>
						
						<include>ButtonInfoDialogsCommonValues</include>
						
						<selected>[ String.IsEmpty(Window(home).Property(CinemaHelper.UserRating.Action)) + String.IsEqual(ListItem.UserRating,1) ]  
																	| String.IsEqual(Window(home).Property(CinemaHelper.UserRating.Action),WatchListAdd)</selected>
						
					</control>
					
					
					
					
					<control type="radiobutton" id="98156">
						<description></description>
						<width>144</width>
						<height>50</height>
						
						<label>$VAR[WatchedStateLabel]</label>
						
						<onclick condition="true">SetProperty(CinemaHelper.WatchedState.DbId,$ESCINFO[ListItem.DbId],home)</onclick>
						<onclick condition="true">SetProperty(CinemaHelper.WatchedState.DbType,$ESCINFO[ListItem.DBTYPE],home)</onclick>
						
						<!-- NOT Watched -->
						<onclick condition="[ String.IsEmpty(Window(home).Property(CinemaHelper.WatchedState.Action)) + String.IsEmpty(ListItem.PlayCount) ]  
																	| String.IsEqual(Window(home).Property(CinemaHelper.WatchedState.Action),SetNotWatched)">
																	SetProperty(CinemaHelper.WatchedState.Action,SetWatched,home)</onclick>
						<!-- IS Watched -->
						<onclick condition="[ String.IsEmpty(Window(home).Property(CinemaHelper.WatchedState.Action)) + !String.IsEmpty(ListItem.PlayCount) ] 
																	| String.IsEqual(Window(home).Property(CinemaHelper.WatchedState.Action),SetWatched)">
																	SetProperty(CinemaHelper.WatchedState.Action,SetNotWatched,home)</onclick>
						<onclick condition="true">SetProperty(CinemaHelper.WatchedState.PROCESS,True,home)</onclick>
						
						
						
						<visible>[String.IsEqual(ListItem.DBTYPE,movie) | String.IsEqual(ListItem.DBTYPE,episode)]  + !String.IsEmpty(ListItem.IMDBNumber) + !String.IsEmpty(ListItem.DbId) + String.IsEmpty(Container.PluginName) + [Container.Content(Episodes) | Container.Content(Movies)]</visible>
						
						<textureradiooffnofocus>_added_img/icon_plus.png</textureradiooffnofocus>
						<textureradioofffocus>_added_img/icon_plus_green.png</textureradioofffocus>
						
						<textureradioonnofocus>_added_img/icon_watched.png</textureradioonnofocus>
						<textureradioonfocus>_added_img/icon_minus_red.png</textureradioonfocus>
						
						<textureradiooffdisabled></textureradiooffdisabled>
						<textureradioondisabled></textureradioondisabled>
						
						<radioposx>106</radioposx>
						<radioposy>12</radioposy>
						
						<align>right</align>
						
						<textoffsetx>36</textoffsetx>
						<textwidth>102</textwidth>
						
						<radiowidth>28</radiowidth>
						<radioheight>28</radioheight>
						
						<include>ButtonInfoDialogsCommonValues</include>
						
						<selected>[ String.IsEmpty(Window(home).Property(CinemaHelper.WatchedState.Action)) + !String.IsEmpty(ListItem.PlayCount) ] 
																					| String.IsEqual(Window(home).Property(CinemaHelper.WatchedState.Action),SetWatched)</selected>
						
					</control>
					

					<control type="button" id="5">
						<description>Cast/Review</description>
						<width>144</width>
						<height>50</height>
						<include>ButtonInfoDialogsCommonValues</include>
						<label>206</label>
						<!--<enable>!String.IsEmpty(Container(50).ListItem.Label)</enable>-->
						<enable>!String.IsEmpty(ListItem.Cast)</enable>
						<visible>[!String.StartsWith(container.folderpath,plugin://plugin.video.youtube) + !String.StartsWith(container.folderpath,plugin://plugin.video.hdtrailers_net)]</visible>
					</control>
					
					<control type="button" id="11">
						<description>Play Trailer</description>
						<width>144</width>
						<height>50</height>
						<include>ButtonInfoDialogsCommonValues</include>
						<label>20410</label>
						<visible>[!String.IsEmpty(ListItem.Trailer) + !Container.Content(Movies)] | [!String.IsEmpty(ListItem.Trailer) + !Skin.HasSetting(HideTrailerButtonInVideoInfoDialog) + Container.Content(Movies)]</visible>
					</control>
					
					<control type="button" id="998965">
						<description>Trailer Search</description>
						<width>144</width>
						<height>50</height>
						<include>ButtonInfoDialogsCommonValues</include>
						<label>$LOCALIZE[20410] $LOCALIZE[137]</label>
						<!--<onclick>RunScript(script.extendedinfo,info=youtubebrowser,id=$INFO[ListItem.Title] $INFO[ListItem.Year] Trailer German)</onclick>-->
						
						<onclick>SetProperty(TempValueAxbmcuser1,$ESCINFO[ListItem.Title],home)</onclick>
						<onclick>SetProperty(TempValueAxbmcuser2,$ESCINFO[ListItem.Year],home)</onclick>
						
						<!--<onclick>Dialog.Close(movieinformation,true)</onclick>-->
						
						<onclick condition="String.IsEqual(Skin.String(TrailerSearchMethod),0) | String.IsEmpty(Skin.String(TrailerSearchMethod))">Dialog.Close(all,true)</onclick>
						<onclick condition="String.IsEqual(Skin.String(TrailerSearchMethod),0) | String.IsEmpty(Skin.String(TrailerSearchMethod))">ActivateWindow(Videos,"plugin://plugin.video.youtube/kodion/search/query/?q=$INFO[Window(home).Property(TempValueAxbmcuser1)] Trailer $VAR[TrailerSearchLanguageString]$INFO[Window(home).Property(TempValueAxbmcuser2)]",return)</onclick>
						
						<onclick condition="String.IsEqual(Skin.String(TrailerSearchMethod),1)">RunScript("special://skin/720p/_yt_trailer_search.py",$ESCINFO[ListItem.Title],$ESCINFO[ListItem.Year],$VAR[TrailerSearchLanguageString])</onclick>
						
						<visible>Container.Content(Movies)</visible>
					</control>
					
					<control type="button" id="88">
						<description>Extended Info</description>
						<width>144</width>
						<height>50</height>
						<include>ButtonInfoDialogsCommonValues</include>
						<label>Extended Info</label>
						<onclick condition="System.hasAddon(script.extendedinfo)">RunScript(script.extendedinfo,info=extendedinfo,dbid=$INFO[ListItem.DBID])</onclick>
						<!--
						<onclick condition="System.hasAddon(script.extendedinfo)">RunScript(script.extendedinfo,info=extendedinfo,imdb_id=$INFO[ListItem.IMDBNumber])</onclick>
						
						<onclick condition="System.hasAddon(script.extendedinfo)">RunScript(script.extendedinfo,info=openinfodialog)</onclick>
						-->
						
						<onclick condition="!System.hasAddon(script.extendedinfo)">InstallAddon(script.extendedinfo)</onclick>
						<!--
						<visible>String.IsEmpty(Container.PluginName) + [Container.Content(Movies) | Container.Content(TVShows) | Container.Content(Episodes)] + !String.IsEmpty(ListItem.DBID)</visible>
						-->
						<visible>String.IsEmpty(Container.PluginName) + [Container.Content(Movies)] + !String.IsEmpty(ListItem.DBID)</visible>
					</control>
					
					<control type="button" id="90">
						<description>Similar Movies</description>
						<width>144</width>
						<height>50</height>
						<include>ButtonInfoDialogsCommonValues</include>
						<label>$LOCALIZE[19003]</label>
						<!--
						<onclick>Control.SetFocus(8888)</onclick>
						<ondown>Control.SetFocus(8888)</ondown>
						-->
						<!--<onclick>Dialog.Close(all)</onclick>-->
						<onclick>SetProperty(TextViewer_Header,$ESCINFO[ListItem.Title,$LOCALIZE[19003]: ,],home)</onclick>
						<onclick>SetProperty(TextViewer_Text_Pre,$ESCINFO[ListItem.Title],home)</onclick>
						<onclick>SetProperty(TextViewer_Text,$ESCINFO[ListItem.IMDBNumber],home)</onclick>
						<onclick>ActivateWindow(1110)</onclick>
						<!--<onclick>Notification(!,$INFO[ListItem.IMDBNumber],5000)</onclick>-->
						
						<visible>false + String.IsEmpty(Container.PluginName) + Container.Content(Movies) + !String.IsEmpty(ListItem.IMDBNumber)</visible>
					</control>
					
					<control type="button" id="89">
						<description>Same Director</description>
						<width>144</width>
						<height>50</height>
						<include>ButtonInfoDialogsCommonValues</include>
						<label>$LOCALIZE[20339]</label>
						<onclick>SendClick(2003,13)</onclick>
						<visible>!String.IsEmpty(ListItem.Director)</visible>
					</control>
					
					<control type="button" id="87">
						<description>View Set</description>
						<width>144</width>
						<height>50</height>
						<include>ButtonInfoDialogsCommonValues</include>
						<label>[CAPITALIZE]$LOCALIZE[36910][/CAPITALIZE]</label>
						
						<!--
						<onclick>Dialog.Close(12003)</onclick>
						<onclick>Dialog.Close(all,true)</onclick>
						-->
						
						<onclick>SetProperty(TempValueAxbmcuser1,$ESCINFO[ListItem.SetId],home)</onclick>
						<onclick>SetProperty(TempValueAxbmcuser2,"",home)</onclick>
						
						<onclick>Dialog.Close(all,true)</onclick>
						
						<onclick>ActivateWindow(Videos,videodb://movies/sets/$INFO[Window(home).Property(TempValueAxbmcuser1)],return)</onclick>
						<visible>!String.IsEmpty(ListItem.SetId)</visible>
					</control>
					
					<control type="button" id="7">
						<description>Set my rating</description>
						<width>144</width>
						<height>50</height>
						<include>ButtonInfoDialogsCommonValues</include>
						<label>38023</label>
						<visible>Control.IsEnabled(7)</visible>
					</control>
					
					<control type="button" id="10">
						<description>Get Thumb</description>
						<width>144</width>
						<height>50</height>
						<include>ButtonInfoDialogsCommonValues</include>
						<label>13511</label>
						<visible>[!String.StartsWith(container.folderpath,plugin://plugin.video.youtube) + !String.StartsWith(container.folderpath,plugin://plugin.video.hdtrailers_net)]</visible>
					</control>
					
					<!--
					<control type="button" id="66666">
						<description>Notes</description>
						<width>144</width>
						<height>50</height>
						<include>ButtonInfoDialogsCommonValues</include>
						<label>Notes</label>
						<onclick>SetProperty(TextViewer_Header,"Internal Notes",home)</onclick>
						<onclick>SetProperty(TextViewer_Text_Pre,,home)</onclick>
						<onclick>SetProperty(TextViewer_Text,$INFO[Window(Home).Property(ListItemHelper.internalnotes)],home)</onclick>
						<onclick>ActivateWindow(1103)</onclick>
						<visible>String.IsEmpty(Container.PluginName) + [Container.Content(Movies) | Container.Content(TVShows) | Container.Content(Episodes)] + !String.IsEmpty(ListItem.DBID) + 
									System.HasAddon(service.listitem.helper) + 
									!String.IsEmpty(ListItem.IMDBNumber) + 
									String.IsEqual(ListItem.IMDBNumber,Window(Home).Property(ListItemHelper.IMDBNumber)) + 
									!String.IsEmpty(Window(Home).Property(ListItemHelper.internalnotes))</visible>
					</control>
					-->
					
					<control type="button" id="6">
						<description>Refresh</description>
						<width>144</width>
						<height>50</height>
						<include>ButtonInfoDialogsCommonValues</include>
						<label>184</label>
						<visible>[!String.StartsWith(container.folderpath,plugin://plugin.video.youtube) + !String.StartsWith(container.folderpath,plugin://plugin.video.hdtrailers_net)]</visible>
					</control>
					
					<control type="button" id="99">
						<description>Dummy</description>
						<width>10</width>
						<height>50</height>
						<include>ButtonInfoDialogsCommonValues</include>
						<label></label>
						<enable>false</enable>
						<animation effect="fade" end="0" time="0" condition="true">Conditional</animation>
					</control>
					

					
					
				</control>

				
				
				
			</control>
			
			
			
			
			
		</control>
		
		
		
		

		
	</controls>
</window>
