<window>
	<defaultcontrol always="true">8000</defaultcontrol>
	<coordinates>
			<system>1</system>
			<left>240</left>
			<top>10</top>
	</coordinates>
	<include>dialogeffect</include>
	
	<controls>
		
		
		
		<control type="image">
				<description>background image</description>
				<left>0</left>
				<top>0</top>
				<width>800</width>
				<height>700</height>
				<texture border="40">DialogBack.png</texture>
		</control>
		<control type="image">
				<description>Dialog Header image</description>
				<left>6</left>
				<top>6</top>
				<width>788</width>
				<height>44</height>
				<texture>dialogheader.png</texture>
		</control>
		
		
		
		<control type="label">
				<description>header label</description>
				<left>40</left>
				<top>12</top>
				<width>720</width>
				<height>30</height>
				<font>Regular24</font><!-- Medium21 --><!-- test 2020 -->
				<label>$ADDON[adsp.biquad.filters 30100]</label>
				<align>center</align>
				<aligny>center</aligny>
				<textcolor>selected</textcolor>
				<shadowcolor>black</shadowcolor>
		</control>
		<control type="button">
				<description>Close Window button</description>
				<left>725</left>
				<top>6</top>
				<width>64</width>
				<height>32</height>
				<label>-</label>
				<font>-</font>
				<onclick>PreviousMenu</onclick>
				<texturefocus>DialogCloseButton-focus.png</texturefocus>
				<texturenofocus>DialogCloseButton.png</texturenofocus>
				<onleft>10</onleft>
				<onright>10</onright>
				<onup>10</onup>
				<ondown>10</ondown>
				<visible>System.GetBool(input.enablemouse)</visible>
		</control>
		
		
		
		<control type="image">
			<left>38</left>
			<top>72</top>
			<width>730</width>
			<height>46</height>
			<texture border="4">button-nofocus.png</texture>
			<visible>!Control.HasFocus(8000)</visible>
		</control>
		<control type="image">
			<left>38</left>
			<top>72</top>
			<width>730</width>
			<height>46</height>
			<texture border="4">button-focus.png</texture>
			<visible>Control.HasFocus(8000)</visible>
		</control>
		<control type="slider" id="8000">
			<description>Preamp Frequency Band Slider</description>
			<left>200</left>
			<top>80</top>
			<width>400</width>
			<height>30</height>
			<visible>true</visible>
			<texturesliderbar>osd/slider/slider-bg-middot.png</texturesliderbar>
			<textureslidernib>osd/slider/slider-nib.png</textureslidernib>
			<textureslidernibfocus>osd/slider/slider-nib-focus.png</textureslidernibfocus>
			<info></info>
			<action></action>
			<controloffsetx></controloffsetx>
			<controloffsety></controloffsety>
			<pulseonselect></pulseonselect>
			<onup>noop</onup>
			<ondown>8001</ondown>
			<onleft>8000</onleft>
			<onright>8000</onright>
			<orientation>horizontal</orientation>
		</control>
		<control type="label" id="8100">
			<description>Preamp Frequency Band Label</description>
			<left>40</left>
			<top>80</top>
			<width>160</width>
			<height>30</height>
			<visible>true</visible>
			<align>center</align>
			<aligny>top</aligny>
			<scroll>false</scroll>
			<label>$ADDON[adsp.parametric.eq 30150]</label>
			<info>Preamp Band Label</info>
			<haspath>false</haspath>
			<font>Regular22</font>
			<textcolor>FFB2D4F5</textcolor>
			<shadowcolor>ff000000</shadowcolor>
			<wrapmultiline>false</wrapmultiline>
			<scrollspeed>50</scrollspeed>
		</control>
		<control type="label" id="8200">
			<description>Preamp dB Level</description>
			<left>600</left>
			<top>80</top>
			<width>160</width>
			<height>30</height>
			<visible>true</visible>
			<align>center</align>
			<aligny>top</aligny>
			<scroll>false</scroll>
			<label>Value</label>
			<info>32Hz Band Value</info>
			<haspath>false</haspath>
			<font>Regular22</font>
			<textcolor>FFB2D4F5</textcolor>
			<shadowcolor>ff000000</shadowcolor>
			<wrapmultiline>false</wrapmultiline>
			<scrollspeed>50</scrollspeed>
		</control>
		
		
		
		<control type="image">
			<left>38</left>
			<top>122</top>
			<width>730</width>
			<height>46</height>
			<texture border="4">button-nofocus.png</texture>
			<visible>!Control.HasFocus(8001)</visible>
		</control>
		<control type="image">
			<left>38</left>
			<top>122</top>
			<width>730</width>
			<height>46</height>
			<texture border="4">button-focus.png</texture>
			<visible>Control.HasFocus(8001)</visible>
		</control>
		<control type="slider" id="8001">
			<description>32Hz Frequency Band Slider</description>
			<left>200</left>
			<top>130</top>
			<width>400</width>
			<height>30</height>
			<visible>true</visible>
			<texturesliderbar>osd/slider/slider-bg-middot.png</texturesliderbar>
			<textureslidernib>osd/slider/slider-nib.png</textureslidernib>
			<textureslidernibfocus>osd/slider/slider-nib-focus.png</textureslidernibfocus>
			<info></info>
			<action></action>
			<controloffsetx></controloffsetx>
			<controloffsety></controloffsety>
			<pulseonselect></pulseonselect>
			<onup>8000</onup>
			<ondown>8002</ondown>
			<onleft>8001</onleft>
			<onright>8001</onright>
			<orientation>horizontal</orientation>
		</control>
		<control type="label" id="8101">
			<description>32Hz Frequency Band Label</description>
			<left>40</left>
			<top>130</top>
			<width>160</width>
			<height>30</height>
			<visible>true</visible>
			<align>center</align>
			<aligny>top</aligny>
			<scroll>false</scroll>
			<label>$ADDON[adsp.parametric.eq 30151]</label>
			<info>32Hz Band Label</info>
			<haspath>false</haspath>
			<font>Regular22</font>
			<textcolor>FFB2D4F5</textcolor>
			<shadowcolor>ff000000</shadowcolor>
			<wrapmultiline>false</wrapmultiline>
			<scrollspeed>50</scrollspeed>
		</control>
		<control type="label" id="8201">
			<description>32Hz dB Level</description>
			<left>600</left>
			<top>130</top>
			<width>160</width>
			<height>30</height>
			<visible>true</visible>
			<align>center</align>
			<aligny>top</aligny>
			<scroll>false</scroll>
			<label>Value</label>
			<info>32Hz Band Value</info>
			<haspath>false</haspath>
			<font>Regular22</font>
			<textcolor>FFB2D4F5</textcolor>
			<shadowcolor>ff000000</shadowcolor>
			<wrapmultiline>false</wrapmultiline>
			<scrollspeed>50</scrollspeed>
		</control>
		
		
		
		<control type="image">
			<left>38</left>
			<top>172</top>
			<width>730</width>
			<height>46</height>
			<texture border="4">button-nofocus.png</texture>
			<visible>!Control.HasFocus(8002)</visible>
		</control>
		<control type="image">
			<left>38</left>
			<top>172</top>
			<width>730</width>
			<height>46</height>
			<texture border="4">button-focus.png</texture>
			<visible>Control.HasFocus(8002)</visible>
		</control>
		<control type="slider" id="8002">
			<description>64Hz Frequency Band Slider</description>
			<left>200</left>
			<top>180</top>
			<width>400</width>
			<height>30</height>
			<visible>true</visible>
			<texturesliderbar>osd/slider/slider-bg-middot.png</texturesliderbar>
			<textureslidernib>osd/slider/slider-nib.png</textureslidernib>
			<textureslidernibfocus>osd/slider/slider-nib-focus.png</textureslidernibfocus>
			<info></info>
			<action></action>
			<controloffsetx></controloffsetx>
			<controloffsety></controloffsety>
			<pulseonselect></pulseonselect>
			<onup>8001</onup>
			<ondown>8003</ondown>
			<onleft>8002</onleft>
			<onright>8002</onright>
			<orientation>horizontal</orientation>
		</control>
		<control type="label" id="8102">
			<description>64Hz Frequency Band Label</description>
			<left>40</left>
			<top>180</top>
			<width>160</width>
			<height>30</height>
			<visible>true</visible>
			<align>center</align>
			<aligny>top</aligny>
			<scroll>false</scroll>
			<label>$ADDON[adsp.parametric.eq 30152]</label>
			<info>32Hz Band Label</info>
			<haspath>false</haspath>
			<font>Regular22</font>
			<textcolor>FFB2D4F5</textcolor>
			<shadowcolor>ff000000</shadowcolor>
			<wrapmultiline>false</wrapmultiline>
			<scrollspeed>50</scrollspeed>
		</control>
		<control type="label" id="8202">
			<description>64Hz dB Level</description>
			<left>600</left>
			<top>180</top>
			<width>160</width>
			<height>30</height>
			<visible>true</visible>
			<align>center</align>
			<aligny>top</aligny>
			<scroll>false</scroll>
			<label>Value</label>
			<info>32Hz Band Value</info>
			<haspath>false</haspath>
			<font>Regular22</font>
			<textcolor>FFB2D4F5</textcolor>
			<shadowcolor>ff000000</shadowcolor>
			<wrapmultiline>false</wrapmultiline>
			<scrollspeed>50</scrollspeed>
		</control>
		
		
		
		<control type="image">
			<left>38</left>
			<top>222</top>
			<width>730</width>
			<height>46</height>
			<texture border="4">button-nofocus.png</texture>
			<visible>!Control.HasFocus(8003)</visible>
		</control>
		<control type="image">
			<left>38</left>
			<top>222</top>
			<width>730</width>
			<height>46</height>
			<texture border="4">button-focus.png</texture>
			<visible>Control.HasFocus(8003)</visible>
		</control>
		<control type="slider" id="8003">
			<description>128Hz Frequency Band Slider</description>
			<left>200</left>
			<top>230</top>
			<width>400</width>
			<height>30</height>
			<visible>true</visible>
			<texturesliderbar>osd/slider/slider-bg-middot.png</texturesliderbar>
			<textureslidernib>osd/slider/slider-nib.png</textureslidernib>
			<textureslidernibfocus>osd/slider/slider-nib-focus.png</textureslidernibfocus>
			<info></info>
			<action></action>
			<controloffsetx></controloffsetx>
			<controloffsety></controloffsety>
			<pulseonselect></pulseonselect>
			<onup>8002</onup>
			<ondown>8004</ondown>
			<onleft>8003</onleft>
			<onright>8003</onright>
			<orientation>horizontal</orientation>
		</control>
		<control type="label" id="8103">
			<description>128Hz Frequency Band Label</description>
			<left>40</left>
			<top>230</top>
			<width>160</width>
			<height>30</height>
			<visible>true</visible>
			<align>center</align>
			<aligny>top</aligny>
			<scroll>false</scroll>
			<label>$ADDON[adsp.parametric.eq 30153]</label>
			<info>32Hz Band Label</info>
			<haspath>false</haspath>
			<font>Regular22</font>
			<textcolor>FFB2D4F5</textcolor>
			<shadowcolor>ff000000</shadowcolor>
			<wrapmultiline>false</wrapmultiline>
			<scrollspeed>50</scrollspeed>
		</control>
		<control type="label" id="8203">
			<description>128Hz dB Level</description>
			<left>600</left>
			<top>230</top>
			<width>160</width>
			<height>30</height>
			<visible>true</visible>
			<align>center</align>
			<aligny>top</aligny>
			<scroll>false</scroll>
			<label>Value</label>
			<info>32Hz Band Value</info>
			<haspath>false</haspath>
			<font>Regular22</font>
			<textcolor>FFB2D4F5</textcolor>
			<shadowcolor>ff000000</shadowcolor>
			<wrapmultiline>false</wrapmultiline>
			<scrollspeed>50</scrollspeed>
		</control>
		
		
		
		<control type="image">
			<left>38</left>
			<top>272</top>
			<width>730</width>
			<height>46</height>
			<texture border="4">button-nofocus.png</texture>
			<visible>!Control.HasFocus(8004)</visible>
		</control>
		<control type="image">
			<left>38</left>
			<top>272</top>
			<width>730</width>
			<height>46</height>
			<texture border="4">button-focus.png</texture>
			<visible>Control.HasFocus(8004)</visible>
		</control>
		<control type="slider" id="8004">
			<description>250Hz Frequency Band Slider</description>
			<left>200</left>
			<top>280</top>
			<width>400</width>
			<height>30</height>
			<visible>true</visible>
			<texturesliderbar>osd/slider/slider-bg-middot.png</texturesliderbar>
			<textureslidernib>osd/slider/slider-nib.png</textureslidernib>
			<textureslidernibfocus>osd/slider/slider-nib-focus.png</textureslidernibfocus>
			<info></info>
			<action></action>
			<controloffsetx></controloffsetx>
			<controloffsety></controloffsety>
			<pulseonselect></pulseonselect>
			<onup>8003</onup>
			<ondown>8005</ondown>
			<onleft>8004</onleft>
			<onright>8004</onright>
			<orientation>horizontal</orientation>
		</control>
		<control type="label" id="8104">
			<description>250Hz Frequency Band Label</description>
			<left>40</left>
			<top>280</top>
			<width>160</width>
			<height>30</height>
			<visible>true</visible>
			<align>center</align>
			<aligny>top</aligny>
			<scroll>false</scroll>
			<label>$ADDON[adsp.parametric.eq 30154]</label>
			<info>32Hz Band Label</info>
			<haspath>false</haspath>
			<font>Regular22</font>
			<textcolor>FFB2D4F5</textcolor>
			<shadowcolor>ff000000</shadowcolor>
			<wrapmultiline>false</wrapmultiline>
			<scrollspeed>50</scrollspeed>
		</control>
		<control type="label" id="8204">
			<description>250Hz dB Level</description>
			<left>600</left>
			<top>280</top>
			<width>160</width>
			<height>30</height>
			<visible>true</visible>
			<align>center</align>
			<aligny>top</aligny>
			<scroll>false</scroll>
			<label>Value</label>
			<info>32Hz Band Value</info>
			<haspath>false</haspath>
			<font>Regular22</font>
			<textcolor>FFB2D4F5</textcolor>
			<shadowcolor>ff000000</shadowcolor>
			<wrapmultiline>false</wrapmultiline>
			<scrollspeed>50</scrollspeed>
		</control>
		
		
		
		<control type="image">
			<left>38</left>
			<top>322</top>
			<width>730</width>
			<height>46</height>
			<texture border="4">button-nofocus.png</texture>
			<visible>!Control.HasFocus(8005)</visible>
		</control>
		<control type="image">
			<left>38</left>
			<top>322</top>
			<width>730</width>
			<height>46</height>
			<texture border="4">button-focus.png</texture>
			<visible>Control.HasFocus(8005)</visible>
		</control>
		<control type="slider" id="8005">
			<description>500Hz Frequency Band Slider</description>
			<left>200</left>
			<top>330</top>
			<width>400</width>
			<height>30</height>
			<visible>true</visible>
			<texturesliderbar>osd/slider/slider-bg-middot.png</texturesliderbar>
			<textureslidernib>osd/slider/slider-nib.png</textureslidernib>
			<textureslidernibfocus>osd/slider/slider-nib-focus.png</textureslidernibfocus>
			<info></info>
			<action></action>
			<controloffsetx></controloffsetx>
			<controloffsety></controloffsety>
			<pulseonselect></pulseonselect>
			<onup>8004</onup>
			<ondown>8006</ondown>
			<onleft>8005</onleft>
			<onright>8005</onright>
			<orientation>horizontal</orientation>
		</control>
		<control type="label" id="8105">
			<description>500Hz Frequency Band Label</description>
			<left>40</left>
			<top>330</top>
			<width>160</width>
			<height>30</height>
			<visible>true</visible>
			<align>center</align>
			<aligny>top</aligny>
			<scroll>false</scroll>
			<label>$ADDON[adsp.parametric.eq 30155]</label>
			<info>32Hz Band Label</info>
			<haspath>false</haspath>
			<font>Regular22</font>
			<textcolor>FFB2D4F5</textcolor>
			<shadowcolor>ff000000</shadowcolor>
			<wrapmultiline>false</wrapmultiline>
			<scrollspeed>50</scrollspeed>
		</control>
		<control type="label" id="8205">
			<description>500Hz dB Level</description>
			<left>600</left>
			<top>330</top>
			<width>160</width>
			<height>30</height>
			<visible>true</visible>
			<align>center</align>
			<aligny>top</aligny>
			<scroll>false</scroll>
			<label>Value</label>
			<info>32Hz Band Value</info>
			<haspath>false</haspath>
			<font>Regular22</font>
			<textcolor>FFB2D4F5</textcolor>
			<shadowcolor>ff000000</shadowcolor>
			<wrapmultiline>false</wrapmultiline>
			<scrollspeed>50</scrollspeed>
		</control>
		
		
		
		<control type="image">
			<left>38</left>
			<top>372</top>
			<width>730</width>
			<height>46</height>
			<texture border="4">button-nofocus.png</texture>
			<visible>!Control.HasFocus(8006)</visible>
		</control>
		<control type="image">
			<left>38</left>
			<top>372</top>
			<width>730</width>
			<height>46</height>
			<texture border="4">button-focus.png</texture>
			<visible>Control.HasFocus(8006)</visible>
		</control>
		<control type="slider" id="8006">
			<description>1kHz Frequency Band Slider</description>
			<left>200</left>
			<top>380</top>
			<width>400</width>
			<height>30</height>
			<visible>true</visible>
			<texturesliderbar>osd/slider/slider-bg-middot.png</texturesliderbar>
			<textureslidernib>osd/slider/slider-nib.png</textureslidernib>
			<textureslidernibfocus>osd/slider/slider-nib-focus.png</textureslidernibfocus>
			<info></info>
			<action></action>
			<controloffsetx></controloffsetx>
			<controloffsety></controloffsety>
			<pulseonselect></pulseonselect>
			<onup>8005</onup>
			<ondown>8007</ondown>
			<onleft>8006</onleft>
			<onright>8006</onright>
			<orientation>horizontal</orientation>
		</control>
		<control type="label" id="8106">
			<description>1kHz Frequency Band Label</description>
			<left>40</left>
			<top>380</top>
			<width>160</width>
			<height>30</height>
			<visible>true</visible>
			<align>center</align>
			<aligny>top</aligny>
			<scroll>false</scroll>
			<label>$ADDON[adsp.parametric.eq 30156]</label>
			<info>1kHz Band Label</info>
			<haspath>false</haspath>
			<font>Regular22</font>
			<textcolor>FFB2D4F5</textcolor>
			<shadowcolor>ff000000</shadowcolor>
			<wrapmultiline>false</wrapmultiline>
			<scrollspeed>50</scrollspeed>
		</control>
		<control type="label" id="8206">
			<description>1kHz dB Level</description>
			<left>600</left>
			<top>380</top>
			<width>160</width>
			<height>30</height>
			<visible>true</visible>
			<align>center</align>
			<aligny>top</aligny>
			<scroll>false</scroll>
			<label>Value</label>
			<info>1kHz Band Value</info>
			<haspath>false</haspath>
			<font>Regular22</font>
			<textcolor>FFB2D4F5</textcolor>
			<shadowcolor>ff000000</shadowcolor>
			<wrapmultiline>false</wrapmultiline>
			<scrollspeed>50</scrollspeed>
		</control>
		
		
		
		<control type="image">
			<left>38</left>
			<top>422</top>
			<width>730</width>
			<height>46</height>
			<texture border="4">button-nofocus.png</texture>
			<visible>!Control.HasFocus(8007)</visible>
		</control>
		<control type="image">
			<left>38</left>
			<top>422</top>
			<width>730</width>
			<height>46</height>
			<texture border="4">button-focus.png</texture>
			<visible>Control.HasFocus(8007)</visible>
		</control>
		<control type="slider" id="8007">
			<description>2kHz Frequency Band Slider</description>
			<left>200</left>
			<top>430</top>
			<width>400</width>
			<height>30</height>
			<visible>true</visible>
			<texturesliderbar>osd/slider/slider-bg-middot.png</texturesliderbar>
			<textureslidernib>osd/slider/slider-nib.png</textureslidernib>
			<textureslidernibfocus>osd/slider/slider-nib-focus.png</textureslidernibfocus>
			<info></info>
			<action></action>
			<controloffsetx></controloffsetx>
			<controloffsety></controloffsety>
			<pulseonselect></pulseonselect>
			<onup>8006</onup>
			<ondown>8008</ondown>
			<onleft>8007</onleft>
			<onright>8007</onright>
			<orientation>horizontal</orientation>
		</control>
		<control type="label" id="8107">
			<description>2kHz Frequency Band Label</description>
			<left>40</left>
			<top>430</top>
			<width>160</width>
			<height>30</height>
			<visible>true</visible>
			<align>center</align>
			<aligny>top</aligny>
			<scroll>false</scroll>
			<label>$ADDON[adsp.parametric.eq 30157]</label>
			<info>32Hz Band Label</info>
			<haspath>false</haspath>
			<font>Regular22</font>
			<textcolor>FFB2D4F5</textcolor>
			<shadowcolor>ff000000</shadowcolor>
			<wrapmultiline>false</wrapmultiline>
			<scrollspeed>50</scrollspeed>
		</control>
		<control type="label" id="8207">
			<description>2kHz dB Level</description>
			<left>600</left>
			<top>430</top>
			<width>160</width>
			<height>30</height>
			<visible>true</visible>
			<align>center</align>
			<aligny>top</aligny>
			<scroll>false</scroll>
			<label>Value</label>
			<info>2kHz Band Value</info>
			<haspath>false</haspath>
			<font>Regular22</font>
			<textcolor>FFB2D4F5</textcolor>
			<shadowcolor>ff000000</shadowcolor>
			<wrapmultiline>false</wrapmultiline>
			<scrollspeed>50</scrollspeed>
		</control>
		
		
		
		<control type="image">
			<left>38</left>
			<top>472</top>
			<width>730</width>
			<height>46</height>
			<texture border="4">button-nofocus.png</texture>
			<visible>!Control.HasFocus(8008)</visible>
		</control>
		<control type="image">
			<left>38</left>
			<top>472</top>
			<width>730</width>
			<height>46</height>
			<texture border="4">button-focus.png</texture>
			<visible>Control.HasFocus(8008)</visible>
		</control>
		<control type="slider" id="8008">
			<description>4kHz Frequency Band Slider</description>
			<left>200</left>
			<top>480</top>
			<width>400</width>
			<height>30</height>
			<visible>true</visible>
			<texturesliderbar>osd/slider/slider-bg-middot.png</texturesliderbar>
			<textureslidernib>osd/slider/slider-nib.png</textureslidernib>
			<textureslidernibfocus>osd/slider/slider-nib-focus.png</textureslidernibfocus>
			<info></info>
			<action></action>
			<controloffsetx></controloffsetx>
			<controloffsety></controloffsety>
			<pulseonselect></pulseonselect>
			<onup>8007</onup>
			<ondown>8009</ondown>
			<onleft>8008</onleft>
			<onright>8008</onright>
			<orientation>horizontal</orientation>
		</control>
		<control type="label" id="8108">
			<description>4kHz Frequency Band Label</description>
			<left>40</left>
			<top>480</top>
			<width>160</width>
			<height>30</height>
			<visible>true</visible>
			<align>center</align>
			<aligny>top</aligny>
			<scroll>false</scroll>
			<label>$ADDON[adsp.parametric.eq 30158]</label>
			<info>4kHz Band Label</info>
			<haspath>false</haspath>
			<font>Regular22</font>
			<textcolor>FFB2D4F5</textcolor>
			<shadowcolor>ff000000</shadowcolor>
			<wrapmultiline>false</wrapmultiline>
			<scrollspeed>50</scrollspeed>
		</control>
		<control type="label" id="8208">
			<description>4kHz dB Level</description>
			<left>600</left>
			<top>480</top>
			<width>160</width>
			<height>30</height>
			<visible>true</visible>
			<align>center</align>
			<aligny>top</aligny>
			<scroll>false</scroll>
			<label>Value</label>
			<info>4kHz Band Value</info>
			<haspath>false</haspath>
			<font>Regular22</font>
			<textcolor>FFB2D4F5</textcolor>
			<shadowcolor>ff000000</shadowcolor>
			<wrapmultiline>false</wrapmultiline>
			<scrollspeed>50</scrollspeed>
		</control>
		
		
		
		<control type="image">
			<left>38</left>
			<top>522</top>
			<width>730</width>
			<height>46</height>
			<texture border="4">button-nofocus.png</texture>
			<visible>!Control.HasFocus(8009)</visible>
		</control>
		<control type="image">
			<left>38</left>
			<top>522</top>
			<width>730</width>
			<height>46</height>
			<texture border="4">button-focus.png</texture>
			<visible>Control.HasFocus(8009)</visible>
		</control>
		<control type="slider" id="8009">
			<description>8kHz Frequency Band Slider</description>
			<left>200</left>
			<top>530</top>
			<width>400</width>
			<height>30</height>
			<visible>true</visible>
			<texturesliderbar>osd/slider/slider-bg-middot.png</texturesliderbar>
			<textureslidernib>osd/slider/slider-nib.png</textureslidernib>
			<textureslidernibfocus>osd/slider/slider-nib-focus.png</textureslidernibfocus>
			<info></info>
			<action></action>
			<controloffsetx></controloffsetx>
			<controloffsety></controloffsety>
			<pulseonselect></pulseonselect>
			<onup>8008</onup>
			<ondown>8010</ondown>
			<onleft>8009</onleft>
			<onright>8009</onright>
			<orientation>horizontal</orientation>
		</control>
		<control type="label" id="8109">
			<description>8kHz Frequency Band Label</description>
			<left>40</left>
			<top>530</top>
			<width>160</width>
			<height>30</height>
			<visible>true</visible>
			<align>center</align>
			<aligny>top</aligny>
			<scroll>false</scroll>
			<label>$ADDON[adsp.parametric.eq 30159]</label>
			<info>8kHz Band Label</info>
			<haspath>false</haspath>
			<font>Regular22</font>
			<textcolor>FFB2D4F5</textcolor>
			<shadowcolor>ff000000</shadowcolor>
			<wrapmultiline>false</wrapmultiline>
			<scrollspeed>50</scrollspeed>
		</control>
		<control type="label" id="8209">
			<description>8kHz dB Level</description>
			<left>600</left>
			<top>530</top>
			<width>160</width>
			<height>30</height>
			<visible>true</visible>
			<align>center</align>
			<aligny>top</aligny>
			<scroll>false</scroll>
			<label>Value</label>
			<info>8kHz Band Value</info>
			<haspath>false</haspath>
			<font>Regular22</font>
			<textcolor>FFB2D4F5</textcolor>
			<shadowcolor>ff000000</shadowcolor>
			<wrapmultiline>false</wrapmultiline>
			<scrollspeed>50</scrollspeed>
		</control>
		
		
		
		<control type="image">
			<left>38</left>
			<top>572</top>
			<width>730</width>
			<height>46</height>
			<texture border="4">button-nofocus.png</texture>
			<visible>!Control.HasFocus(8010)</visible>
		</control>
		<control type="image">
			<left>38</left>
			<top>572</top>
			<width>730</width>
			<height>46</height>
			<texture border="4">button-focus.png</texture>
			<visible>Control.HasFocus(8010)</visible>
		</control>
		<control type="slider" id="8010">
			<description>16kHz Frequency Band Slider</description>
			<left>200</left>
			<top>580</top>
			<width>400</width>
			<height>30</height>
			<visible>true</visible>
			<texturesliderbar>osd/slider/slider-bg-middot.png</texturesliderbar>
			<textureslidernib>osd/slider/slider-nib.png</textureslidernib>
			<textureslidernibfocus>osd/slider/slider-nib-focus.png</textureslidernibfocus>
			<info></info>
			<action></action>
			<controloffsetx></controloffsetx>
			<controloffsety></controloffsety>
			<pulseonselect></pulseonselect>
			<onup>8009</onup>
			<ondown>10000</ondown>
			<onleft>8010</onleft>
			<onright>8010</onright>
			<orientation>horizontal</orientation>
		</control>
		<control type="label" id="8110">
			<description>16kHz Frequency Band Label</description>
			<left>40</left>
			<top>580</top>
			<width>160</width>
			<height>30</height>
			<visible>true</visible>
			<align>center</align>
			<aligny>top</aligny>
			<scroll>false</scroll>
			<label>$ADDON[adsp.parametric.eq 30160]</label>
			<info>16kHz Band Label</info>
			<haspath>false</haspath>
			<font>Regular22</font>
			<textcolor>FFB2D4F5</textcolor>
			<shadowcolor>ff000000</shadowcolor>
			<wrapmultiline>false</wrapmultiline>
			<scrollspeed>50</scrollspeed>
		</control>
		<control type="label" id="8210">
			<description>16kHz dB Level</description>
			<left>600</left>
			<top>580</top>
			<width>160</width>
			<height>30</height>
			<visible>true</visible>
			<align>center</align>
			<aligny>top</aligny>
			<scroll>false</scroll>
			<label>Value</label>
			<info>16kHz Band Value</info>
			<haspath>false</haspath>
			<font>Regular22</font>
			<textcolor>FFB2D4F5</textcolor>
			<shadowcolor>ff000000</shadowcolor>
			<wrapmultiline>false</wrapmultiline>
			<scrollspeed>50</scrollspeed>
		</control>
		
		
		
		
		
		
		<control type="group" id="10000">
			<left>95</left>
			<top>630</top>
			<onup>8010</onup>
			<ondown>10000</ondown>
			<onleft>10000</onleft>
			<onright>10000</onright>
			
			<control type="button" id="10050">
					<description>Ok Button</description>
					<left>0</left>
					<top>0</top>
					<width>200</width>
					<height>42</height>
					<align>center</align>
					<aligny>center</aligny>
					<include>ButtonInfoDialogsCommonValues</include>
					<label>186</label>
					<font>Medium18</font>
					<onup>8010</onup>
					<onleft>10052</onleft>
					<onright>10051</onright>
					<ondown>10000</ondown>
			</control>
			<control type="button" id="10051">
					<description>Cancel Button</description>
					<left>210</left>
					<top>0</top>
					<width>200</width>
					<height>42</height>
					<align>center</align>
					<aligny>center</aligny>
					<include>ButtonInfoDialogsCommonValues</include>
					<label>222</label>
					<font>Medium18</font>
					<onup>8010</onup>
					<onleft>10050</onleft>
					<onright>10052</onright>
					<ondown>10000</ondown>
			</control>
			<control type="button" id="10052">
					<description>Default Button</description>
					<left>420</left>
					<top>0</top>
					<width>200</width>
					<height>42</height>
					<align>center</align>
					<aligny>center</aligny>
					<include>ButtonInfoDialogsCommonValues</include>
					<label>409</label>
					<font>Medium18</font>
					<onup>8010</onup>
					<onleft>10051</onleft>
					<onright>10050</onright>
					<ondown>10000</ondown>
			</control>
			
		</control>
	</controls>
</window>
