<?xml version="1.0" encoding="UTF-8"?>
<window>
	<defaultcontrol always="true">100</defaultcontrol>
	<onload condition="!VideoPlayer.Content(LiveTV)">SetFocus(202)</onload>
	<!--
	<onload condition="!VideoPlayer.Content(LiveTV) + !Control.IsVisible(207)">SetFocus(202)</onload>
	<onload condition="!VideoPlayer.Content(LiveTV) + Control.IsVisible(207)">SetFocus(207)</onload>
	-->
	<onload condition="VideoPlayer.Content(LiveTV)">SetFocus(300)</onload>
	
	
	
	<!--
	<onload condition="System.HasAddon(script.skin.helper.service)">SetProperty(SkinHelper.WidgetContainer,43260,home)</onload>
	-->
	
	
	
	<include>dialogeffectSlower</include>
	
	<depth>DepthOSD</depth>
	<coordinates>
		<left>0</left>
		<top>0</top>
	</coordinates>
	<controls>
		
		
		
		<control type="group">
		
		<visible>!Window.IsVisible(SliderDialog)</visible>
		
		<animation effect="fade" end="100" time="700">Visible</animation>
		<animation effect="fade" end="0" time="350">Hidden</animation>
		
		
		<control type="button">
			<description>Close Window button</description>
			<left>64r</left>
			<top>0</top>
			<width>64</width>
			<height>32</height>
			<label></label>
			<font></font>
			<onclick>Dialog.Close(VideoOSD,true)</onclick>
			<onclick>FullScreen</onclick>
			<texturefocus>DialogCloseButton-focus.png</texturefocus>
			<texturenofocus>DialogCloseButton.png</texturenofocus>
			<!--<animation effect="fade" time="150">VisibleChange</animation>-->
			<!--
			<visible>[System.GetBool(input.enablemouse) + Skin.HasSetting(ShowMouseControlButtons)] + ![Window.IsVisible(SliderDialog) | Window.IsVisible(OSDVideoSettings) | Window.IsVisible(OSDAudioSettings) | Window.IsVisible(OSDAudioDSPSettings) | Window.IsVisible(VideoBookmarks)]</visible>
			dont hide test
			-->
			<visible>[System.GetBool(input.enablemouse) + Skin.HasSetting(ShowMouseControlButtons)] + ![Window.IsVisible(SliderDialog)]</visible>
		</control>
		
		
		
		<control type="image" id="4010">
			<description>Seekbar focus border for mouse</description>
			<left>435</left>
			<top>114r</top>
			<width>682</width><!-- 726 -->
			<height>20</height>
			<texture border="4">button-focus-nobase.png</texture>
			<visible>Control.HasFocus(87) +     [System.GetBool(input.enablemouse)] + ![Window.IsVisible(SliderDialog) | VideoPlayer.Content(LiveTV)]</visible>
		</control>
		
		
		
		<control type="slider" id="87">
			<depth>DepthOSD+</depth>
			<description>Seek Slider</description>
			<left>440</left>
			<top>115r</top><!-- 93r move up test -->
			<width>676</width><!-- 720 -->
			<height>21</height>
			<!--
			<onup>702</onup>
			<ondown>26</ondown>
			-->
			<action>seek</action>
			
			<texturesliderbar>seekslider2.png</texturesliderbar>
			<textureslidernib></textureslidernib>
			<textureslidernibfocus></textureslidernibfocus>
			<!--
			<textureslidernib>osd_slider_nibNF.png</textureslidernib>
			<textureslidernibfocus>osd_slider_nib.png</textureslidernibfocus>
			-->
			
			<!--<animation effect="fade" time="150">VisibleChange</animation>-->
			<visible>[System.GetBool(input.enablemouse)] + ![Window.IsVisible(SliderDialog) | VideoPlayer.Content(LiveTV)]</visible>
		</control>
		
		
		
		<!-- INVISIBLE LIST FOR INFO BUTTON -->
		<include condition="[ VideoPlayer.Content(Movies) | VideoPlayer.Content(Episodes) ] + !String.IsEmpty(VideoPlayer.DBID) + VideoPlayer.HasInfo + !Player.IsInternetStream + !Pvr.IsPlayingRecording">VideoOsdInfoButtonList</include>


		
		
		
		<!-- OSD BUTTONS from left -->
		<control type="grouplist" id="100">
		
			<!--<onup>4011</onup>-->
			
			<left>336</left><!-- 336 -->
			<top>78r</top><!-- 66r -->
			<orientation>horizontal</orientation>
			<itemgap>0</itemgap>
			<!--<animation effect="fade" time="150">VisibleChange</animation>-->
			<!--
			<visible>![Window.IsVisible(SliderDialog) | Window.IsVisible(OSDVideoSettings) | Window.IsVisible(OSDAudioSettings) | Window.IsVisible(OSDAudioDSPSettings) | Window.IsVisible(VideoBookmarks) | Window.IsVisible(PVROSDChannels) | Window.IsVisible(PVRChannelGuide)]</visible>
			dont hide test
			-->
			<!--
			<visible>true + ![Window.IsVisible(SliderDialog)]</visible>
			-->
			<control type="button" id="300">
				<width>54</width>
				<height>54</height>
				<label>210</label>
				<font></font>
				<texturefocus>osd/buttons/OSDChannelUPFO.png</texturefocus>
				<texturenofocus>osd/buttons/OSDChannelUPNF.png</texturenofocus>
				<onclick>PlayerControl(Next)</onclick>
				<visible>VideoPlayer.Content(LiveTV)</visible>
			</control>
			<control type="button" id="301">
				<width>54</width>
				<height>54</height>
				<label>209</label>
				<font></font>
				<texturefocus>osd/buttons/OSDChannelDownFO.png</texturefocus>
				<texturenofocus>osd/buttons/OSDChannelDownNF.png</texturenofocus>
				<onclick>PlayerControl(Previous)</onclick>
				<visible>VideoPlayer.Content(LiveTV)</visible>
			</control>
			<control type="button" id="200">
				<width>54</width>
				<height>54</height>
				<label>210</label>
				<font></font>
				<texturefocus>osd/buttons/OSDPrevTrackFO.png</texturefocus>
				<texturenofocus>osd/buttons/OSDPrevTrackNF.png</texturenofocus>
				<onclick>PlayerControl(Previous)</onclick>
				
				<visible>!VideoPlayer.Content(LiveTV)</visible>
			</control>
			<control type="button" id="201">
				<width>54</width>
				<height>54</height>
				<label>31354</label>
				<font></font>
				<texturefocus>osd/buttons/OSDRewindFO.png</texturefocus>
				<texturenofocus>osd/buttons/OSDRewindNF.png</texturenofocus>
				
				<visible>Player.SeekEnabled + Skin.HasSetting(DisableFullScreenOsdButtonSimplicity)</visible>
				
				<onclick>PlayerControl(Rewind)</onclick>
			</control>
			<control type="togglebutton" id="202">
				<width>54</width>
				<height>54</height>
				<label>31351</label>
				<altlabel>208</altlabel>
				<font></font>
				<texturefocus>osd/buttons/OSDPauseFO.png</texturefocus>
				<texturenofocus>osd/buttons/OSDPauseNF.png</texturenofocus>
				<usealttexture>Player.Paused | Player.Forwarding | Player.Rewinding</usealttexture>
				<alttexturefocus>osd/buttons/OSDPlayFO.png</alttexturefocus>
				<alttexturenofocus>osd/buttons/OSDPlayNF.png</alttexturenofocus>
				<onclick>PlayerControl(Play)</onclick>
				<visible>Player.PauseEnabled</visible>
			</control>
			<control type="button" id="203">
				<width>54</width>
				<height>54</height>
				<label>31352</label>
				<font></font>
				<texturefocus>osd/buttons/OSDStopFO.png</texturefocus>
				<texturenofocus>osd/buttons/OSDStopNF.png</texturenofocus>
				<onclick>PlayerControl(Stop)</onclick>
			</control>
			<control type="button" id="204">
				<width>54</width>
				<height>54</height>
				<label>31353</label>
				<font></font>
				<texturefocus>osd/buttons/OSDForwardFO.png</texturefocus>
				<texturenofocus>osd/buttons/OSDForwardNF.png</texturenofocus>
				
				<visible>Player.SeekEnabled + Skin.HasSetting(DisableFullScreenOsdButtonSimplicity)</visible>
				
				<onclick>PlayerControl(Forward)</onclick>
			</control>
			<control type="button" id="205">
				<width>54</width>
				<height>54</height>
				<label>209</label>
				<font></font>
				<texturefocus>osd/buttons/OSDNextTrackFO.png</texturefocus>
				<texturenofocus>osd/buttons/OSDNextTrackNF.png</texturenofocus>
				<onclick>PlayerControl(Next)</onclick>
				
				<visible>!VideoPlayer.Content(LiveTV) + Skin.HasSetting(DisableFullScreenOsdButtonSimplicity)</visible>
			</control>
			
			
			
			
			
			<control type="image" id="2003">
				<width>16</width><!-- 216 162 -->
				<texture></texture>
				<!--<visible>Control.IsVisible(207) | Control.IsVisible(306)</visible>-->
				<visible>[!String.IsEmpty(Container(43260).ListItem.Label) + [ VideoPlayer.Content(Movies) | VideoPlayer.Content(Episodes) ] + !String.IsEmpty(VideoPlayer.DBID) + VideoPlayer.HasInfo + !Player.IsInternetStream + !Pvr.IsPlayingRecording] | VideoPlayer.Content(LiveTV)</visible>
			</control>
			
			
			
			
			
			<control type="button" id="207">
				<width>54</width>
				<height>54</height>
				<label>INFO</label>
				<font></font>
				<texturefocus>osd/buttons/OSDinfodialogFO.png</texturefocus>
				<texturenofocus>osd/buttons/OSDinfodialogNF.png</texturenofocus>
				
				<onclick>SetFocus(43260)</onclick>
				<onclick>SetProperty(OSDinfodialogButtonActive,True,home)</onclick>
				<onclick condition="Skin.HasSetting(FullScreenOsdInfoButtonPauseResume) + !Player.Paused">Pause</onclick>
				<onclick>SetFocus(43260)</onclick>
				<onclick>SetFocus(43260)</onclick>
				<onclick>Action(Info)</onclick>
				
				<!--<onclick>Dialog.Close(VideoOSD,true)</onclick>-->
				
				<visible>!String.IsEmpty(Container(43260).ListItem.Label) + [ VideoPlayer.Content(Movies) | VideoPlayer.Content(Episodes) ] + !String.IsEmpty(VideoPlayer.DBID) + VideoPlayer.HasInfo + !Player.IsInternetStream + !Pvr.IsPlayingRecording</visible>
				
			</control>
			
			<!--
			<control type="button" id="208">
				<width>54</width>
				<height>54</height>
				<label>PLAYLIST</label>
				<font></font>
				<texturefocus>osd/buttons/OSDplaylistFO.png</texturefocus>
				<texturenofocus>osd/buttons/OSDplaylistNF.png</texturenofocus>
				
				<onclick>Dialog.Close(VideoOSD)</onclick>
				<onclick>ActivateWindow(VideoPlaylist)</onclick>
				
				<visible>[ VideoPlayer.Content(Movies) | VideoPlayer.Content(Episodes) ]    + VideoPlayer.HasInfo + !Player.IsInternetStream + !VideoPlayer.Content(LiveTV) + !VideoPlayer.Content(MusicVideos)</visible>
				
			</control>
			-->
			
			
			
			
			
			
			<control type="button" id="306">
				<width>54</width>
				<height>54</height>
				<label>19019</label>
				<font></font>
				<texturefocus>osd/buttons/OSDChannelListFO.png</texturefocus>
				<texturenofocus>osd/buttons/OSDChannelListNF.png</texturenofocus>
				<onclick>ActivateWindow(PVROSDChannels)</onclick>
				<onclick>Dialog.Close(VideoOSD)</onclick>
				<visible>VideoPlayer.Content(LiveTV)</visible>
			</control>
			<control type="button" id="307">
				<width>54</width>
				<height>54</height>
				<label>$LOCALIZE[19029]$INFO[VideoPlayer.ChannelName, – ]</label>
				<font></font>
				<texturefocus>osd/buttons/OSDepgFO.png</texturefocus>
				<texturenofocus>osd/buttons/OSDepgNF.png</texturenofocus>
				<onclick>ActivateWindow(PVRChannelGuide)</onclick>
				<onclick>Dialog.Close(VideoOSD)</onclick>
				<visible>VideoPlayer.Content(LiveTV)</visible>
			</control>
			<control type="button" id="350">
				<width>54</width>
				<height>54</height>
				<label>31356</label>
				<font></font>
				<texturefocus>osd/buttons/OSDTeleTextFO.png</texturefocus>
				<texturenofocus>osd/buttons/OSDTeleTextNF.png</texturenofocus>
				<onclick>ActivateWindow(Teletext)</onclick>
				<visible>VideoPlayer.Content(LiveTV)</visible>
			</control>
			
			
			
			
			
			
			
			<control type="image" id="2004">
				<width>162</width><!-- 216 162 146 -->
				<texture></texture>
				<visible>!Skin.HasSetting(DisableFullScreenOsdButtonSimplicity) + !VideoPlayer.Content(LiveTV)</visible>
			</control>
			<control type="image" id="2005">
				<width>92</width>
				<texture></texture>
				<visible>VideoPlayer.Content(LiveTV)</visible>
			</control>
			
			
			<!-- ADD 54px IF NOT PauseEnabled -->
			<control type="image" id="1998">
				<width>54</width>
				<texture>-</texture>
				<visible>!Player.PauseEnabled</visible>
			</control>
			
			
			<!-- ADD 54px IF NO INFO-BUTTON -->
			<control type="image" id="1999">
				<width>70</width><!-- 54 +16 -->
				<texture></texture>
				<visible>!VideoPlayer.Content(LiveTV) + !Control.IsVisible(207)</visible><!-- Video + No Info Button -->
			</control>
			
			<control type="image" id="2200">
				<width>132</width><!-- 184 -34(corr 36) 148-16 -->
				<texture></texture>
				<visible>!VideoPlayer.Content(LiveTV) + VideoPlayer.HasMenu</visible><!-- Video + Disc Menu Button -->
			</control>
			
			<!-- ADD 32px IF NO VA-DRC BUTTON -->
			<control type="image" id="2201">
				<width>32</width>
				<texture></texture><!-- Video + Disc Menu Button + No DRC or DRC Button Disabled -->
				<visible>!VideoPlayer.Content(LiveTV) + VideoPlayer.HasMenu 
									+ [!Skin.HasSetting(ExperimentalVolumeAmplificationUseAutomaticPresetSwitching) | Skin.HasSetting(ExperimentalVolumeAmplificationHideOSDToggle)]</visible>
			</control>
			
			<control type="image" id="2600">
				<width>186</width><!-- 239 -34(corr 37) 202-16 -->
				<texture></texture>
				<visible>!VideoPlayer.Content(LiveTV) + !VideoPlayer.HasMenu</visible><!-- Video + No Disc Menu Button -->
			</control>
			
			<!-- ADD 32px IF NO VA-DRC BUTTON -->
			<control type="image" id="2601">
				<width>32</width>
				<texture></texture><!-- Video + No Disc Menu Button + No DRC or DRC Button Disabled -->
				<visible>!VideoPlayer.Content(LiveTV) + !VideoPlayer.HasMenu 
									+ [!Skin.HasSetting(ExperimentalVolumeAmplificationUseAutomaticPresetSwitching) | Skin.HasSetting(ExperimentalVolumeAmplificationHideOSDToggle)]</visible>
			</control>
			
			
			
			<control type="image" id="2300">
				<width>108</width><!-- 160 -34 126 -->
				<texture></texture>
				<visible>VideoPlayer.Content(LiveTV) + [!Player.SeekEnabled | !Skin.HasSetting(DisableFullScreenOsdButtonSimplicity)]</visible><!-- LiveTV -->
			</control>

			
			<control type="image" id="2301">
				<width>18</width><!-- 160 -34 16 +missing 2 -->
				<texture></texture>
				<visible>VideoPlayer.Content(LiveTV)</visible><!-- LiveTV -->
			</control>
			
			
			
			
			
			
			
			
			<control type="button" id="255">
				<enable>VideoPlayer.IsStereoscopic</enable>
				<animation effect="fade" start="100" end="0" time="0" condition="!VideoPlayer.IsStereoscopic">Conditional</animation>
				<width>54</width>
				<height>54</height>
				<label>36501</label>
				<font></font>
				<texturefocus>osd/buttons/OSDStereoscopicFO.png</texturefocus>
				<texturenofocus>osd/buttons/OSDStereoscopicNF.png</texturenofocus>
				<onup>501</onup>
			</control>
			<control type="button" id="250">
				<width>54</width>
				<height>54</height>
				<label>31356</label>
				<font></font>
				<texturefocus>osd/buttons/OSDSubtitlesFO.png</texturefocus>
				<texturenofocus>osd/buttons/OSDSubtitlesNF.png</texturenofocus>
				<onup>440</onup>
				<onclick>ActivateWindow(OSDSubtitleSettings)</onclick>
				<ondown condition="!Control.IsVisible(400)">NextSubtitle</ondown>
			</control>
			<control type="button" id="251">
				<width>54</width>
				<height>54</height>
				<label>13395</label>
				<font></font>
				<texturefocus>osd/buttons/OSDVideoFO.png</texturefocus>
				<texturenofocus>osd/buttons/OSDVideoNF.png</texturenofocus>
				<onclick>ActivateWindow(OSDVideoSettings)</onclick>
			</control>
			<control type="button" id="252">
				<width>54</width>
				<height>54</height>
				<label>13396</label>
				<font></font>
				<texturefocus>osd/buttons/OSDAudioFO.png</texturefocus>
				<texturenofocus>osd/buttons/OSDAudioNF.png</texturenofocus>
				<onclick>ActivateWindow(OSDAudioSettings)</onclick>
				<ondown condition="!String.IsEmpty(VideoPlayer.AudioLanguage)">AudioNextLanguage</ondown>
			</control>
			<control type="button" id="299">
				<width>32</width>
				<height>54</height>
				<label>298</label>
				<font></font>
				<texturefocus>osd/buttons/OSDVADRCFO.png</texturefocus>
				<texturenofocus>osd/buttons/OSDVADRCNF.png</texturenofocus>
				
				<!-- include onclick actions -->
				<include>VolumeAmplification_Preset_DRC_Toggle</include>
				
				<visible>Skin.HasSetting(ExperimentalVolumeAmplificationUseAutomaticPresetSwitching) + !Skin.HasSetting(ExperimentalVolumeAmplificationHideOSDToggle) + !VideoPlayer.Content(LiveTV)</visible>
				
			</control>
			<control type="button" id="253">
				<width>54</width>
				<height>54</height>
				<label>298</label>
				<font></font>
				<texturefocus>osd/buttons/OSDBookmarksFO.png</texturefocus>
				<texturenofocus>osd/buttons/OSDBookmarksNF.png</texturenofocus>
				<onclick>ActivateWindow(VideoBookmarks)</onclick>
				<visible>!VideoPlayer.Content(LiveTV)</visible>
				<!--
				<enable>!Player.IsInternetStream</enable>
				<animation effect="fade" start="100" end="20" time="0" condition="Player.IsInternetStream">Conditional</animation>
				-->
				
			</control>
			<control type="button" id="254">
				<width>54</width>
				<height>54</height>
				<label>31355</label>
				<font></font>
				<texturefocus>osd/buttons/OSDDvdFO.png</texturefocus>
				<texturenofocus>osd/buttons/OSDDvdNF.png</texturenofocus>
				<onclick>PlayerControl(ShowVideoMenu)</onclick>
				<visible>!VideoPlayer.Content(LiveTV) + VideoPlayer.HasMenu</visible>
			</control>
			<control type="togglebutton" id="353">
				<width>54</width>
				<height>54</height>
				<label>264</label>
				<altlabel>265</altlabel>
				<font></font>
				<texturefocus>osd/buttons/OSDRecordOffFO.png</texturefocus>
				<texturenofocus>osd/buttons/OSDRecordOffNF.png</texturenofocus>
				<usealttexture>PVR.IsRecordingPlayingChannel</usealttexture>
				<alttexturefocus>osd/buttons/OSDRecordOnFO.png</alttexturefocus>
				<alttexturenofocus>osd/buttons/OSDRecordOnNF.png</alttexturenofocus>
				<onclick>PVR.ToggleRecordPlayingChannel</onclick>
				<enable>PVR.CanRecordPlayingChannel</enable>
				<animation effect="fade" start="100" end="20" time="0" condition="!PVR.CanRecordPlayingChannel">Conditional</animation>
				<visible>VideoPlayer.Content(LiveTV)</visible>
			</control>
		</control>
		
		
		<!-- SUBTITLE SUBMENU -->
		<control type="button" id="410">
			<description>Fake button for mouse control</description>
			<right>178</right><!-- 134 -->
			<bottom>60</bottom>
			<width>256</width>
			<height>250</height>
			<label></label>
			<font></font>
			<texturenofocus></texturenofocus>
			<texturefocus></texturefocus>
			
			<animation effect="slide" start="0,0" end="55,0" time="0" condition="![VideoPlayer.HasMenu | VideoPlayer.Content(LiveTV)]">Conditional</animation>
			
			<animation effect="slide" start="0,0" end="55,0" time="0" condition="!VideoPlayer.HasMenu + VideoPlayer.Content(LiveTV)">Conditional</animation>
			
			<!-- added -->
			<!-- MOVE 32px LEFT IF VA-DRC TOGGLE VISIBLE -->
			<animation effect="slide" start="0,0" end="-32,0" time="0" condition="!VideoPlayer.Content(LiveTV)   + Skin.HasSetting(ExperimentalVolumeAmplificationUseAutomaticPresetSwitching) + !Skin.HasSetting(ExperimentalVolumeAmplificationHideOSDToggle)">Conditional</animation>
			
			<visible>Control.HasFocus(410) | 
							[ Control.HasFocus(250) + [ Skin.HasSetting(EnableVideoOSDEnableSubtitlesMiniSubMenu) | [ String.StartsWith(System.BuildVersion,17.) + !String.StartsWith(System.BuildVersion,17.7) + !String.StartsWith(System.BuildVersion,17.6 Git:20171126-13194ec) + !String.StartsWith(System.BuildVersion,17.9) ] ] ] 
							| ControlGroup(400).HasFocus | Control.HasFocus(401) | Control.HasFocus(402) | Control.HasFocus(403) | Control.HasFocus(404)</visible>
		</control>
		<control type="grouplist" id="400">
			<depth>DepthOSD+</depth>
			<!--
			<visible>![Window.IsVisible(SliderDialog) | Window.IsVisible(OSDVideoSettings) | Window.IsVisible(OSDAudioSettings) | Window.IsVisible(OSDAudioDSPSettings) | Window.IsVisible(VideoBookmarks)]</visible>
			dont hide test
			-->
			<!--
			<visible>true + ![Window.IsVisible(SliderDialog)]</visible>
			-->
			<!--<animation effect="fade" time="150">VisibleChange</animation>-->
			
			
			
			<!--
			<animation effect="slide" start="0,0" end="0,80" time="0" condition="![VideoPlayer.HasSubtitles + VideoPlayer.SubtitlesEnabled]">Conditional</animation>
			
			<animation effect="slide" start="0,0" end="0,40" time="0" condition="!VideoPlayer.HasSubtitles">Conditional</animation>
			-->
			
			
			<animation effect="slide" start="0,0" end="0,40" time="0" condition="VideoPlayer.HasSubtitles + !VideoPlayer.SubtitlesEnabled">Conditional</animation>
			
			
			<animation effect="slide" start="0,0" end="0,120" time="0" condition="!VideoPlayer.HasSubtitles">Conditional</animation>
			
			
			
			
			
			<animation effect="slide" start="0,0" end="55,0" time="0" condition="![VideoPlayer.HasMenu | VideoPlayer.Content(LiveTV)]">Conditional</animation>

			<animation effect="slide" start="0,0" end="55,0" time="0" condition="!VideoPlayer.HasMenu + VideoPlayer.Content(LiveTV)">Conditional</animation>
			
			<!-- added -->
			<!-- MOVE 32px LEFT IF VA-DRC TOGGLE VISIBLE -->
			<animation effect="slide" start="0,0" end="-32,0" time="0" condition="!VideoPlayer.Content(LiveTV)   + Skin.HasSetting(ExperimentalVolumeAmplificationUseAutomaticPresetSwitching) + !Skin.HasSetting(ExperimentalVolumeAmplificationHideOSDToggle)">Conditional</animation>
			
			<right>178</right><!-- 134 ! -->
			<bottom>64</bottom> <!-- 55 ! -->
			<width>256</width>
			<height>240</height>
			<itemgap>0</itemgap>
			<onleft>250</onleft>
			<onright>250</onright>
			<onup>250</onup>
			<ondown>250</ondown>
			<orientation>vertical</orientation>
			<visible>Control.HasFocus(410) | 
							[ Control.HasFocus(250) + [ Skin.HasSetting(EnableVideoOSDEnableSubtitlesMiniSubMenu) | [ String.StartsWith(System.BuildVersion,17.) + !String.StartsWith(System.BuildVersion,17.7) + !String.StartsWith(System.BuildVersion,17.6 Git:20171126-13194ec) + !String.StartsWith(System.BuildVersion,17.9) ] ] ] 
							| ControlGroup(400).HasFocus | Control.HasFocus(401) | Control.HasFocus(402) | Control.HasFocus(403) | Control.HasFocus(404)</visible>
			<!--<include>VisibleFadeEffect</include>-->
			<include>VisibleFadeEffectNoFadeOutSlow</include>
			<control type="group">
				<description>Header</description>
				<width>256</width>
				<height>40</height>
				<control type="image">
					<description>Header</description>
					<left>0</left>
					<top>0</top>
					<width>256</width>
					<height>40</height>
					<texture border="20,8,20,0">SubMenuBack-Header.png</texture>
				</control>
				<control type="label">
					<left>30</left>
					<top>20</top>
					<width>196</width>
					<height>15</height>
					<font>Regular17</font>
					<label>24012</label>
					<textcolor>blue</textcolor>
					<align>center</align>
					<aligny>center</aligny>
				</control>
			</control>
			
			<control type="togglebutton" id="401">
				<description>Download with Subtitles script</description>
				<height>40</height>
				<width>256</width>
				<font>Regular20</font>
				<label>33003</label>
				<textoffsetx>30</textoffsetx>
				<aligny>center</aligny>
				<texturefocus border="24,4,24,4">SubMenuBack-MiddleFO.png</texturefocus>
				<texturenofocus border="24,4,24,4">SubMenuBack-MiddleNF.png</texturenofocus>
				<alttexturefocus border="24,4,24,4">SubMenuBack-MiddleFO.png</alttexturefocus>
				<alttexturenofocus border="24,4,24,4">SubMenuBack-MiddleNF.png</alttexturenofocus>
				<onclick>Close</onclick>
				<onclick>Dialog.Close(VideoOSD)</onclick>
				<onclick>ActivateWindow(SubtitleSearch)</onclick>
				<!-- no point in downloading subtitles for live programs -->
				<enable>!VideoPlayer.Content(LiveTV) + [!String.StartsWith(container.folderpath,plugin://plugin.video.youtube) + !String.StartsWith(container.folderpath,plugin://plugin.video.hdtrailers_net)]</enable>
			</control>
			<control type="button" id="402">
				<height>40</height>
				<width>256</width>
				<aligny>center</aligny>
				<font>Regular20</font>
				<textoffsetx>30</textoffsetx>
				<texturefocus border="24,4,24,4">SubMenuBack-MiddleFO.png</texturefocus>
				<texturenofocus border="24,4,24,4">SubMenuBack-MiddleNF.png</texturenofocus>
				<pulseonselect>false</pulseonselect>
				<label>22006</label>
				<onclick>SubtitleDelay</onclick>
				<visible>VideoPlayer.HasSubtitles + VideoPlayer.SubtitlesEnabled</visible>
			</control>
			
			<control type="button" id="403">
				<height>40</height>
				<width>256</width>
				<aligny>center</aligny>
				<font>Regular20</font>
				<textoffsetx>30</textoffsetx>
				<texturefocus border="24,4,24,4">SubMenuBack-MiddleFO.png</texturefocus>
				<texturenofocus border="24,4,24,4">SubMenuBack-MiddleNF.png</texturenofocus>
				<pulseonselect>false</pulseonselect>
				<label>$VAR[VideoOSDNextSubtitleLabel]</label><!-- 24012=Subtitles 209=Next 462=Subtitle -->
				<onclick>NextSubtitle</onclick>
				<visible>VideoPlayer.HasSubtitles</visible>
			</control>
			<control type="radiobutton" id="404">
				<height>40</height>
				<width>256</width>
				<textoffsetx>30</textoffsetx>
				<aligny>center</aligny>
				<font>Regular20</font>
				<label>449</label>
				<radioposx>200</radioposx>
				<texturefocus border="24,4,24,4">SubMenuBack-MiddleFO.png</texturefocus>
				<texturenofocus border="24,4,24,4">SubMenuBack-MiddleNF.png</texturenofocus>
				<onclick>ShowSubtitles</onclick>
				<selected>VideoPlayer.SubtitlesEnabled</selected>
				<visible>VideoPlayer.HasSubtitles</visible>
				<pulseonselect>false</pulseonselect>
			</control>
			
			<control type="image" id="440">
				<description>Footer</description>
				<width>256</width>
				<height>20</height>
				<texture flipy="true" border="20,0,20,8">SubMenuBack-Header.png</texture>
			</control>
		</control>
		
		
		<!-- 3D SUBMENU -->
		<control type="button" id="520">
			<description>Fake button for mouse control</description>
			<right>232</right><!-- 188 ! -->
			<bottom>60</bottom>
			<width>256</width>
			<height>220</height>
			<label></label>
			<font></font>
			<texturenofocus></texturenofocus>
			<texturefocus></texturefocus>
			<animation effect="slide" start="0,0" end="55,0" time="0" condition="![VideoPlayer.HasMenu | VideoPlayer.Content(LiveTV)]">Conditional</animation>
			
			<animation effect="slide" start="0,0" end="55,0" time="0" condition="VideoPlayer.Content(LiveTV)">Conditional</animation>
			
			<!-- added -->
			<!-- MOVE 32px LEFT IF VA-DRC TOGGLE VISIBLE -->
			<animation effect="slide" start="0,0" end="-32,0" time="0" condition="!VideoPlayer.Content(LiveTV)   + Skin.HasSetting(ExperimentalVolumeAmplificationUseAutomaticPresetSwitching) + !Skin.HasSetting(ExperimentalVolumeAmplificationHideOSDToggle)">Conditional</animation>
			
			<visible>Control.HasFocus(520) | Control.HasFocus(255) | ControlGroup(500).HasFocus | Control.HasFocus(501) | Control.HasFocus(502) | Control.HasFocus(503)</visible>
		</control>
		<control type="grouplist" id="500">
			<depth>DepthOSD+</depth>
			<!--
			<visible>VideoPlayer.IsStereoscopic + ![Window.IsVisible(SliderDialog) | Window.IsVisible(OSDVideoSettings) | Window.IsVisible(OSDAudioSettings) | Window.IsVisible(OSDAudioDSPSettings) | Window.IsVisible(VideoBookmarks) | Window.IsVisible(PVROSDChannels) | Window.IsVisible(PVRChannelGuide)] + [Control.HasFocus(255) | ControlGroup(500).HasFocus | Control.HasFocus(520)]</visible>
			dont hide test
			-->
			<!--
			<visible>true | VideoPlayer.IsStereoscopic + ![Window.IsVisible(SliderDialog)] + [Control.HasFocus(255) | ControlGroup(500).HasFocus | Control.HasFocus(520)]</visible>
			-->
			<visible>VideoPlayer.IsStereoscopic + [Control.HasFocus(520) | Control.HasFocus(255) | ControlGroup(500).HasFocus | Control.HasFocus(501) | Control.HasFocus(502) | Control.HasFocus(503)]</visible>
			<!--<animation effect="fade" time="150">VisibleChange</animation>-->
			<animation effect="slide" start="0,0" end="55,0" time="0" condition="![VideoPlayer.HasMenu | VideoPlayer.Content(LiveTV)]">Conditional</animation>
			
			<animation effect="slide" start="0,0" end="55,0" time="0" condition="VideoPlayer.Content(LiveTV)">Conditional</animation>
			
			<!-- added -->
			<!-- MOVE 32px LEFT IF VA-DRC TOGGLE VISIBLE -->
			<animation effect="slide" start="0,0" end="-32,0" time="0" condition="!VideoPlayer.Content(LiveTV)   + Skin.HasSetting(ExperimentalVolumeAmplificationUseAutomaticPresetSwitching) + !Skin.HasSetting(ExperimentalVolumeAmplificationHideOSDToggle)">Conditional</animation>
			
			<right>232</right><!-- 188 ! -->
			<bottom>44</bottom>
			<width>256</width>
			<height>220</height>
			<itemgap>0</itemgap>
			<onleft>255</onleft>
			<onright>255</onright>
			<onup>255</onup>
			<ondown>255</ondown>
			<orientation>vertical</orientation>
			<!--<include>VisibleFadeEffect</include>-->
			<include>VisibleFadeEffectNoFadeOutSlow</include>
			<control type="group">
				<description>Header</description>
				<width>256</width>
				<height>40</height>
				<control type="image">
					<description>Header</description>
					<left>0</left>
					<top>0</top>
					<width>256</width>
					<height>40</height>
					<texture border="20,8,20,0">SubMenuBack-Header.png</texture>
				</control>
				<control type="label">
					<left>0</left>
					<top>20</top>
					<width>256</width>
					<height>15</height>
					<font>Regular17</font>
					<label>36501</label>
					<textcolor>blue</textcolor>
					<align>center</align>
					<aligny>center</aligny>
				</control>
			</control>
			<control type="radiobutton" id="503">
				<height>40</height>
				<width>256</width>
				<textoffsetx>30</textoffsetx>
				<aligny>center</aligny>
				<font>Regular20</font>
				<label>31362</label>
				<radioposx>200</radioposx>
				<texturefocus border="24,4,24,4">SubMenuBack-MiddleFO.png</texturefocus>
				<texturenofocus border="24,4,24,4">SubMenuBack-MiddleNF.png</texturenofocus>
				<onclick>ToggleStereoMode</onclick>
				<selected>Integer.IsGreater(System.StereoscopicMode,0)</selected>
				<pulseonselect>false</pulseonselect>
			</control>
			<control type="button" id="502">
				<height>40</height>
				<width>256</width>
				<aligny>center</aligny>
				<font>Regular20</font>
				<textoffsetx>30</textoffsetx>
				<texturefocus border="24,4,24,4">SubMenuBack-MiddleFO.png</texturefocus>
				<texturenofocus border="24,4,24,4">SubMenuBack-MiddleNF.png</texturenofocus>
				<pulseonselect>false</pulseonselect>
				<label>31361</label>
				<onclick>StereoMode</onclick>
			</control>
			<control type="radiobutton" id="501">
				<height>40</height>
				<width>256</width>
				<textoffsetx>30</textoffsetx>
				<aligny>center</aligny>
				<font>Regular20</font>
				<label>31360</label>
				<radioposx>200</radioposx>
				<texturefocus border="24,4,24,4">SubMenuBack-MiddleFO.png</texturefocus>
				<texturenofocus border="24,4,24,4">SubMenuBack-MiddleNF.png</texturenofocus>
				<onclick>StereoModeToMono</onclick>
				<selected>String.IsEqual(System.StereoscopicMode,9)</selected>
				<pulseonselect>false</pulseonselect>
			</control>
			<control type="image" id="549">
				<description>Footer</description>
				<width>256</width>
				<height>20</height>
				<texture flipy="true" border="20,0,20,8">SubMenuBack-Header.png</texture>
			</control>
		</control>
		
		
		<control type="image">
			<left>0</left>
			<top>0</top>
			<width>1280</width>
			<height>720</height>
			<texture>black-back.png</texture>
			<visible>Window.IsVisible(SelectDialog) | Window.IsVisible(OSDVideoSettings) | Window.IsVisible(OSDAudioSettings) | Window.IsVisible(OSDSubtitleSettings) | Window.IsVisible(VideoBookmarks)</visible>
		</control>
		
		</control>
		
		
	</controls>
</window>
