<?xml version="1.0" encoding="UTF-8"?>
<includes>
	<include file="Defaults.xml" />
	<include file="ViewsVideoLibrary.xml" />
	<include file="ViewsMusicLibrary.xml" />
	<include file="ViewsFileMode.xml" />
	<include file="ViewsPictures.xml" />
	<include file="ViewsAddonBrowser.xml" />
	<include file="ViewsLiveTV.xml" />
	<include file="ViewsPVRGuide.xml" />
	<include file="ViewsWeather.xml" />
	<include file="IncludesCodecFlagging.xml" />
	<include file="IncludesHomeRecentlyAdded.xml" />
	<include file="IncludesHomeMenuItems.xml" />
	<include file="IncludesPVR.xml" />
	<include file="IncludesBackgroundBuilding.xml" />
	<!-- CONSTANTS -->
	<constant name="FanartCrossfadeTime">500</constant>
	<constant name="IconCrossfadeTime">400</constant>
	<constant name="DepthDialog">0.50</constant>
	<constant name="DepthDialog+">0.52</constant>
	<constant name="DepthDialog-">0.48</constant>
	<constant name="DepthMax">0.54</constant>
	<constant name="DepthOSD">0.40</constant>
	<constant name="DepthOSD+">0.44</constant>
	<constant name="DepthOSD-">0.36</constant>
	<constant name="DepthOSDPopout">0.48</constant>
	<constant name="DepthContent">0</constant>
	<constant name="DepthContent+">0.08</constant>
	<constant name="DepthContent-">-0.08</constant>
	<constant name="DepthContentPopout">0.15</constant>
	<constant name="DepthMenu">0.08</constant>
	<constant name="DepthMenu+">0.14</constant>
	<constant name="DepthMenu-">0.00</constant>
	<constant name="DepthHeader">0.08</constant>
	<constant name="DepthFooter">0.08</constant>
	<constant name="DepthBackground">-0.80</constant>
	<constant name="DepthFloor">-0.20</constant>
	<constant name="DepthSideBlade">0.15</constant>
	<!-- VARIABLES -->
	<variable name="MusicInfoHeader">
		<value condition="Container.Content(Artists)">$INFO[ListItem.Artist]</value>
		<value condition="Container.Content(Albums)">$INFO[ListItem.Album]</value>
		<value condition="Container.Content(Songs)">$INFO[ListItem.Title]</value>
	</variable>
	<variable name="MusicInfoLabel">
		<value condition="Container.Content(Artists)">$INFO[ListItem.Property(Artist_Description)]</value>
		<value condition="Container.Content(Albums)">$INFO[ListItem.Property(Album_Description)]</value>
		<value condition="Container.Content(Songs)">$INFO[ListItem.Comment]</value>
	</variable>
	<variable name="MusicInfoListThumb">
		<value condition="Container.Content(Artists) + !String.IsEmpty(Container(50).ListItem.Icon)">$INFO[Container(50).ListItem.Icon]</value>
		<value condition="[Container.Content(Albums) | Container.Content(Songs)] + !String.IsEmpty(Container.Art(artist.thumb))">$INFO[Container.Art(artist.thumb)]</value>
		<value condition="Container.Content(Artists)">DefaultAlbumCover.png</value>
		<value condition="Container.Content(Albums) | Container.Content(Songs)">DefaultArtist.png</value>
	</variable>
	<variable name="MediaInfoOverlayVar">
		<value condition="ListItem.IsCollection">flagging/video/Set.png</value>
		<value condition="!ListItem.IsStereoscopic">$INFO[ListItem.VideoResolution,flagging/lists/,.png]</value>
		<value>flagging/lists/3D.png</value>
	</variable>
	<variable name="BannerThumb">
		<value condition="!String.IsEmpty(ListItem.Art(banner))">$INFO[ListItem.Art(banner)]</value>
		<value>$INFO[ListItem.Icon]</value>
	</variable>
	<variable name="PosterThumb">
		<!--
		<value condition="!String.IsEmpty(ListItem.Art(poster))">$INFO[ListItem.Art(poster)]</value>
		<value>$INFO[ListItem.Icon]</value>
		-->
		<value condition="!String.IsEmpty(ListItem.Art(poster))">$INFO[ListItem.Art(poster)]</value>
		<value condition="!String.IsEmpty(Container.Art(tvshow.poster)) + Container.Content(Seasons) + !ListItem.IsParentFolder">$INFO[Container.Art(tvshow.poster)]</value>
		<value>$INFO[ListItem.Icon]</value>
	</variable>
	<variable name="PosterThumbInfoDialog">
		<value condition="!String.IsEmpty(ListItem.Art(poster))">$INFO[ListItem.Art(poster)]</value>
		<value condition="!String.IsEmpty(ListItem.Art(tvshow.poster)) + Container.Content(Seasons) + !ListItem.IsParentFolder">$INFO[ListItem.Art(tvshow.poster)]</value>
		<value condition="!String.IsEmpty(ListItem.Art(season.poster)) + Container.Content(Seasons) + !ListItem.IsParentFolder">$INFO[ListItem.Art(season.poster)]</value>
		<value>$INFO[ListItem.Icon]</value>
	</variable>
	<variable name="MusicInfoPanelLabel">
		<value condition="Container.Content(Artists)">$INFO[ListItem.Label]</value>
		<value condition="Container.Content(Songs)">$INFO[ListItem.Label,[COLOR=selected][B],[/B][/COLOR] - ]$INFO[ListItem.Label2]</value>
		<value>$INFO[ListItem.TrackNumber,([COLOR=selected][B],[/B][/COLOR]) - ]$INFO[ListItem.Label]</value>
	</variable>
	<variable name="PlayList">
		<value condition="Window.IsActive(Videos) + !String.IsEqual(Playlist.Length(video),0)">ActivateWindow(VideoPlaylist)</value>
		<value>ActivateWindow(MusicPlaylist)</value>
	</variable>
	<variable name="SelectBack">
		<!--
		<value condition="![Window.IsVisible(FullscreenVideo) | Window.IsVisible(Visualisation)]">DialogBack.png</value>
		<value>DialogBack2.png</value>
		-->
		<value>DialogBack.png</value>
	</variable>
	<!--
	<variable name="typehackflagging">
		<value condition="[String.Contains(ListItem.FilenameAndPath,bluray) | String.Contains(ListItem.FilenameAndPath,bdrip) | String.Contains(ListItem.FilenameAndPath,brrip) | String.Contains(ListItem.FilenameAndPath,bd25) | String.Contains(ListItem.FilenameAndPath,bd50)]">bluray</value>
		<value condition="String.Contains(ListItem.FilenameAndPath,hddvd)">hddvd</value>
		<value condition="String.Contains(ListItem.FilenameAndPath,dvd)">dvd</value>
		<value condition="[String.Contains(ListItem.FilenameAndPath,pdtv) | String.Contains(ListItem.FilenameAndPath,hdtv) | String.Contains(ListItem.FilenameAndPath,dsr)]">TV</value>
		<value condition="String.Contains(ListItem.FilenameAndPath,vhs)">vhs</value>
	</variable>
	-->
	<variable name="rating">
		<!-- US -->
		<value condition="String.Contains(ListItem.Mpaa,Rated G) | String.Contains(ListItem.Mpaa,Rated: G) | String.Contains(ListItem.Mpaa,US:G) | String.Contains(ListItem.Mpaa,USA:G) | String.Contains(ListItem.Mpaa,US: G) | String.Contains(ListItem.Mpaa,USA: G)">mpaa_general</value>
		<value condition="String.Contains(ListItem.Mpaa,Rated PG-13) | String.Contains(ListItem.Mpaa,Rated: PG-13) | String.Contains(ListItem.Mpaa,US:PG-13) | String.Contains(ListItem.Mpaa,USA:PG-13) | String.Contains(ListItem.Mpaa,US: PG-13) | String.Contains(ListItem.Mpaa,USA: PG-13)">mpaa_pg13</value>
		<value condition="String.Contains(ListItem.Mpaa,Rated PG) | String.Contains(ListItem.Mpaa,Rated: PG) | String.Contains(ListItem.Mpaa,US:PG) | String.Contains(ListItem.Mpaa,USA:PG) | String.Contains(ListItem.Mpaa,US: PG) | String.Contains(ListItem.Mpaa,USA: PG)">mpaa_pg</value>
		<value condition="String.Contains(ListItem.Mpaa,Rated R) | String.Contains(ListItem.Mpaa,Rated: R) | String.Contains(ListItem.Mpaa,US:R) | String.Contains(ListItem.Mpaa,USA:R) | String.Contains(ListItem.Mpaa,US: R) | String.Contains(ListItem.Mpaa,USA: R)">mpaa_restricted</value>
		<value condition="String.Contains(ListItem.Mpaa,Rated NC) | String.Contains(ListItem.Mpaa,Rated: NC) | String.Contains(ListItem.Mpaa,US:NC) | String.Contains(ListItem.Mpaa,USA:NC) | String.Contains(ListItem.Mpaa,US: NC) | String.Contains(ListItem.Mpaa,USA: NC)">mpaa_nc17</value>
		<value condition="String.Contains(ListItem.Mpaa,Not Rated) | String.IsEqual(ListItem.Mpaa,NR)">mpaa_notrated</value>
		
		<!-- DE FSK -->
		<value condition="String.Contains(ListItem.Mpaa,FSK 0) | String.Contains(ListItem.Mpaa,FSK0) | String.Contains(ListItem.Mpaa,FSK o.A) | String.Contains(ListItem.Mpaa,DE:0) | String.Contains(ListItem.Mpaa,DE: 0) | String.Contains(ListItem.Mpaa,DE:o.A) | String.Contains(ListItem.Mpaa,DE: o.A)">de_fsk0</value>
		<value condition="String.Contains(ListItem.Mpaa,FSK 6) | String.Contains(ListItem.Mpaa,FSK6) | String.Contains(ListItem.Mpaa,DE:6) | String.Contains(ListItem.Mpaa,DE: 6)">de_fsk6</value>
		<value condition="String.Contains(ListItem.Mpaa,FSK 12) | String.Contains(ListItem.Mpaa,FSK12) | String.Contains(ListItem.Mpaa,DE:12) | String.Contains(ListItem.Mpaa,DE: 12)">de_fsk12</value>
		<value condition="String.Contains(ListItem.Mpaa,FSK 16) | String.Contains(ListItem.Mpaa,FSK16) | String.Contains(ListItem.Mpaa,DE:16) | String.Contains(ListItem.Mpaa,DE: 16)">de_fsk16</value>
		<value condition="String.Contains(ListItem.Mpaa,FSK 18) | String.Contains(ListItem.Mpaa,FSK18) | String.Contains(ListItem.Mpaa,DE:18) | String.Contains(ListItem.Mpaa,DE: 18)">de_fsk18</value>
		
		<!-- UK -->
		<value condition="String.Contains(ListItem.Mpaa,UK:UC) | String.Contains(ListItem.Mpaa,UK: UC)">bbfc_uc</value>
		<value condition="String.Contains(ListItem.Mpaa,UK:U) | String.Contains(ListItem.Mpaa,UK: U)">bbfc_u</value>
		<value condition="String.Contains(ListItem.Mpaa,UK:PG) | String.Contains(ListItem.Mpaa,UK: PG)">bbfc_pg</value>
		<value condition="String.Contains(ListItem.Mpaa,UK:12A) | String.Contains(ListItem.Mpaa,UK: 12A)">bbfc_12a</value>
		<value condition="String.Contains(ListItem.Mpaa,UK:12) | String.Contains(ListItem.Mpaa,UK: 12)">bbfc_12</value>
		<value condition="String.Contains(ListItem.Mpaa,UK:15) | String.Contains(ListItem.Mpaa,UK: 15)">bbfc_15</value>
		<value condition="String.Contains(ListItem.Mpaa,UK:18) | String.Contains(ListItem.Mpaa,UK: 18)">bbfc_18</value>
		<value condition="String.Contains(ListItem.Mpaa,UK:R18) | String.Contains(ListItem.Mpaa,UK: R18)">bbfc_r18</value>
		
		<!-- Default -->
		<value>mpaa_notrated</value>
	</variable>
	<variable name="videocodec">
		<value condition="[String.StartsWith(ListItem.VideoCodec,div) | String.IsEqual(ListItem.VideoCodec,dx50)]">divx</value>
		<value>$INFO[ListItem.VideoCodec]</value>
	</variable>
	<variable name="SeekLabel">
		<value condition="Player.Playing + !Player.Seeking">$LOCALIZE[31042]</value>
		<value condition="[Player.Paused + !Player.Caching] + !Player.Seeking">$LOCALIZE[31043]</value>
		<value condition="[Player.Paused + Player.Caching] + !Player.Seeking">$LOCALIZE[15107] $INFO[Player.CacheLevel]%</value>
		<value condition="!String.IsEmpty(Player.SeekStepSize) + ![Player.Forwarding | Player.Rewinding]">$LOCALIZE[31046] [COLOR=grey]$INFO[Player.SeekStepSize][/COLOR]</value>
		<value condition="![Player.Forwarding | Player.Rewinding]">$LOCALIZE[31046] [COLOR=grey]$INFO[Player.SeekOffset][/COLOR]</value>
		<value condition="Player.Seeking">$LOCALIZE[31046]</value>
		<value condition="Player.Forwarding">$LOCALIZE[31044]</value>
		<value condition="Player.Rewinding">$LOCALIZE[31045]</value>
		<!-- playing with tempo (non-1.0 playspeed) is still playing, therefore it has to be named "PLAYING" -->
		<value condition="Player.IsTempo">$LOCALIZE[31042]</value>
	</variable>
	<variable name="SelectLabel">
		<value condition="Control.IsVisible(3)">$INFO[Container(3).NumItems] $LOCALIZE[31025]</value>
		<value condition="Control.IsVisible(6)">$INFO[Container(6).NumItems] $LOCALIZE[31025]</value>
	</variable>
	<variable name="PlayerControlsRepeatImageVar">
		<value condition="Playlist.IsRepeatOne + Control.HasFocus(704)">osd/buttons/OSDRepeatOneFO.png</value>
		<value condition="Playlist.IsRepeat + Control.HasFocus(704)">osd/buttons/OSDRepeatAllFO.png</value>
		<value condition="Control.HasFocus(704)">osd/buttons/OSDRepeatFO.png</value>
		<value condition="Playlist.IsRepeatOne">osd/buttons/OSDRepeatOneNF.png</value>
		<value condition="Playlist.IsRepeat">osd/buttons/OSDRepeatAllNF.png</value>
		<value>osd/buttons/OSDRepeatNF.png</value>
	</variable>
	<variable name="PVRChannelMgrHeader">
		<value condition="!String.IsEmpty(Window.Property(IsRadio))">$LOCALIZE[19199] - $LOCALIZE[19024]</value>
		<value>$LOCALIZE[19199] - $LOCALIZE[19023]</value>
	</variable>
	
	
	
	<variable name="PVRTimerIcon">
		<value condition="ListItem.IsRecording">PVR-IsRecording.png</value>
		<value condition="ListItem.HasTimerSchedule + ListItem.TimerHasError">PVR-HasTimerScheduleError.png</value>
		<value condition="ListItem.HasTimer + ListItem.TimerHasError">PVR-HasTimerError.png</value>
		<value condition="ListItem.HasTimerSchedule + ListItem.TimerHasConflict">PVR-HasTimerScheduleConflict.png</value>
		<value condition="ListItem.HasTimer + ListItem.TimerHasConflict">PVR-HasTimerConflict.png</value>
		<value condition="ListItem.HasRecording">PVR-HasRecording.png</value>
		<value condition="ListItem.HasTimerSchedule + !ListItem.TimerIsActive">PVR-HasTimerScheduleDisabled.png</value>
		<value condition="ListItem.HasTimer + !ListItem.TimerIsActive">PVR-HasTimerDisabled.png</value>
		<value condition="ListItem.HasTimerSchedule">PVR-HasTimerSchedule.png</value>
		<value condition="ListItem.HasTimer">PVR-HasTimer.png</value>
	</variable>
	<variable name="PVRTimerLabel">
		<value condition="ListItem.IsRecording">$LOCALIZE[19043]</value>
		<value condition="ListItem.HasTimer + !ListItem.TimerIsActive">$LOCALIZE[19057]</value>
		<value condition="ListItem.HasTimer">$LOCALIZE[31510]</value>
	</variable>
	
	
	
	<!-- INCLUDES -->
	<include name="MusicInfoPanel">
		<control type="panel" id="50">
			<left>$PARAM[panel-left]</left>
			<top>520</top>
			<width>$PARAM[panel-width]</width>
			<height>120</height>
			<onleft>50</onleft>
			<onright>50</onright>
			<onup>49</onup>
			<ondown>9000</ondown>
			<viewtype label="">list</viewtype>
			<pagecontrol>61</pagecontrol>
			<scrolltime>200</scrolltime>
			<orientation>vertical</orientation>
			<itemlayout height="40" width="$PARAM[item-width]">
				<control type="image">
					<left>0</left>
					<top>0</top>
					<width>$PARAM[item-width]</width>
					<height>40</height>
					<texture border="4">button-nofocus.png</texture>
				</control>
				<control type="label">
					<left>10</left>
					<top>0</top>
					<width>$PARAM[label-width]</width>
					<height>40</height>
					<font>font12</font>
					<align>left</align>
					<aligny>center</aligny>
					<selectedcolor>selected</selectedcolor>
					<label>$VAR[MusicInfoPanelLabel]</label>
				</control>
				<control type="label">
					<left>10</left>
					<top>0</top>
					<width>$PARAM[label-width]</width>
					<height>40</height>
					<font>font12</font>
					<align>right</align>
					<aligny>center</aligny>
					<selectedcolor>selected</selectedcolor>
					<label>$INFO[ListItem.Duration]</label>
				</control>
			</itemlayout>
			<focusedlayout height="40" width="$PARAM[item-width]">
				<control type="image">
					<left>0</left>
					<top>0</top>
					<width>$PARAM[item-width]</width>
					<height>40</height>
					<visible>!Control.HasFocus(50)</visible>
					<texture border="4">button-nofocus.png</texture>
				</control>
				<control type="image">
					<left>0</left>
					<top>0</top>
					<width>$PARAM[item-width]</width>
					<height>40</height>
					<visible>Control.HasFocus(50)</visible>
					<texture border="4">button-focus2.png</texture>
				</control>
				<control type="label">
					<left>10</left>
					<top>0</top>
					<width>$PARAM[label-width]</width>
					<height>40</height>
					<font>font12</font>
					<align>left</align>
					<aligny>center</aligny>
					<selectedcolor>selected</selectedcolor>
					<label>$VAR[MusicInfoPanelLabel]</label>
				</control>
				<control type="label">
					<left>10</left>
					<top>0</top>
					<width>$PARAM[label-width]</width>
					<height>40</height>
					<font>font12</font>
					<align>right</align>
					<aligny>center</aligny>
					<selectedcolor>selected</selectedcolor>
					<label>$INFO[ListItem.Duration]</label>
				</control>
			</focusedlayout>
		</control>
	</include>
	<include name="DialogBackgroundCommons">
		<control type="image">
			<description>background image</description>
			<left>0</left>
			<top>0</top>
			<width>$PARAM[DialogBackgroundWidth]</width>
			<height>$PARAM[DialogBackgroundHeight]</height>
			<texture border="40">$VAR[SelectBack]</texture>
			<visible>!Window.IsVisible(OSDAudioSettings) + !Window.IsVisible(OSDVideoSettings)</visible>
		</control>
		<control type="image">
			<description>Dialog Header image</description>
			<left>6</left>
			<top>6</top>
			<width>$PARAM[DialogHeaderWidth]</width>
			<height>44</height>
			<texture>dialogheader.png</texture>
			<visible>!Window.IsVisible(OSDAudioSettings) + !Window.IsVisible(OSDVideoSettings)</visible>
		</control>
		<control type="label" id="$PARAM[DialogHeaderId]">
			<description>header label</description>
			<left>6</left>
			<top>12</top>
			<width>$PARAM[DialogHeaderWidth]</width>
			<height>30</height>
			<font>Regular22</font>
			<label>$PARAM[DialogHeaderLabel]</label>
			<align>center</align>
			<aligny>center</aligny>
			<textcolor>selected</textcolor>
			<!--
			<shadowcolor>black</shadowcolor>
			-->
		</control>
		<control type="button" id="5234">
			<description>Close Window button</description>
			<left>$PARAM[CloseButtonLeft]</left>
			<top>6</top>
			<width>64</width>
			<height>32</height>
			<label>-</label>
			<font>-</font>
			<onclick>PreviousMenu</onclick>
			<texturefocus>DialogCloseButton-focus.png</texturefocus>
			<texturenofocus>DialogCloseButton.png</texturenofocus>
			<onleft>$PARAM[CloseButtonNav]</onleft>
			<onright>$PARAM[CloseButtonNav]</onright>
			<onup>noop</onup>
			<ondown>$PARAM[CloseButtonNav]</ondown>
			<visible>System.GetBool(input.enablemouse) + !Window.IsVisible(OSDAudioSettings) + !Window.IsVisible(OSDVideoSettings)</visible>
		</control>
	</include>
	<include name="BehindDialogFadeOut">
		<control type="image">
			<left>0</left>
			<top>0</top>
			<width>1280</width>
			<height>720</height>
			<texture>black-back.png</texture>
			<animation effect="fade" time="300">Visible</animation>
			<animation effect="fade" time="150">Hidden</animation>
			<visible>Window.IsActive(Favourites) | 
					Window.IsActive(MovieInformation) | 
					Window.IsActive(MusicInformation) | 
					Window.IsActive(SongInformation) | 
					Window.IsActive(FileBrowser) | 
					Window.IsActive(TextViewer) | 
					Window.IsActive(AddonSettings) | 
					Window.IsActive(ContentSettings) | 
					Window.IsActive(SelectDialog) | 
					Window.IsActive(MediaSource) | 
					Window.IsActive(PictureInfo) | 
					Window.IsActive(PlayerControls) | 
					Window.IsActive(VirtualKeyboard) | 
					Window.IsActive(NumericInput) | 
					Window.IsActive(ProfileSettings) | 
					Window.IsActive(LockSettings) | 
					Window.IsActive(SmartPlaylistEditor) | 
					Window.IsActive(SmartPlaylistRule) | 
					Window.IsActive(script-RSS_Editor-rssEditor.xml) | 
					Window.IsActive(script-RSS_Editor-setEditor.xml) | 
					Window.IsActive(AddonInformation) | 
					Window.IsActive(PeripheralSettings) | 
					Window.IsActive(script-cu-lrclyrics-main.xml) | 
					Window.IsActive(MediaFilter) | 
					Window.IsActive(YesNoDialog) | 
					Window.IsActive(VirtualKeyboard) | 
					Window.IsActive(DialogAudioDSPManager.xml) | 
					Window.IsActive(ProgressDialog)</visible>
		</control>
	</include>
	<include name="WindowTitleCommons">
		<left>0</left>
		<top>0</top>
		<width min="0" max="800">auto</width>
		<height>30</height>
		<font>font14</font>
		<textcolor>white</textcolor>
		<shadowcolor>black</shadowcolor>
		<scroll>false</scroll>
		<align>left</align>
		<aligny>center</aligny>
	</include>
	<include name="ButtonCommonValues">
		<height>40</height>
		<width>250</width>
		<textoffsetx>10</textoffsetx>
		<textwidth>200</textwidth>
		<aligny>center</aligny>
		<font>font13</font>
		<texturefocus border="4">button-focus.png</texturefocus>
		<texturenofocus>-</texturenofocus>
		<pulseonselect>false</pulseonselect>
	</include>
	<include name="ButtonMediaSubCommonValues">
		<height>40</height>
		<width>221</width>
		<textoffsetx>20</textoffsetx>
		<textwidth>195</textwidth>
		<aligny>center</aligny>
		<font>font12_title</font>
		<texturefocus border="4">button-focus.png</texturefocus>
		<texturenofocus border="4">button-nofocus.png</texturenofocus>
		<pulseonselect>false</pulseonselect>
	</include>
	<include name="ButtonHomeSubCommonValues">
		<height>40</height>
		<width>180</width>
		<textwidth>174</textwidth>
		<align>center</align>
		<aligny>center</aligny>
		<font>Regular17</font>
		<textcolor>grey2</textcolor>
		<focusedcolor>white</focusedcolor>
		<texturefocus border="4">HomeSubFO.png</texturefocus>
		<texturenofocus border="4" colordiffuse="f5FFFFFF">HomeSubNF.png</texturenofocus>
		<pulseonselect>false</pulseonselect>
	</include>
	<include name="HomeSubMenuCommonValues">
		<left>0</left>
		<top>0</top>
		<width>1280</width>
		<height>40</height>
		<align>center</align>
		<onup>9000</onup>
		<ondown>9002</ondown>
		<itemgap>0</itemgap>
		<orientation>Horizontal</orientation>
		
		<!--
		<animation effect="slide" start="0,-40" end="0,0" delay="150" time="150" tween="quadratic" easing="out">Visible</animation>
		<animation effect="slide" start="0,0" end="0,-40" time="150" tween="quadratic" easing="out">Hidden</animation>
		-->
		
		
		<!--
		<animation effect="slide" start="0,0" end="0,-40" time="0" easing="out">Hidden</animation>
		<animation effect="fade" start="100" end="0" time="0">Hidden</animation>
		-->
		<animation type="Hidden">
		  <effect type="slide" start="0,0" end="0,-40" time="0" easing="out" />
		  <effect type="fade" start="100" end="0" time="0" />
		</animation>
		
		<!--
		<animation effect="slide" start="0,-40" end="0,0" time="250">Visible</animation>
		<animation effect="fade" start="0" end="100" time="250">Visible</animation>
		-->
		<animation type="Visible">
		  <effect type="slide" start="0,-40" end="0,0" time="250" />
		  <effect type="fade" start="0" end="100" time="250" />
		</animation>
		
		
		
	</include>
	<include name="ButtonInfoDialogsCommonValues">
		<height>40</height>
		<width>170</width>
		<textoffsetx>5</textoffsetx>
		<align>center</align>
		<aligny>center</aligny>
		<font>Medium18</font>
		<texturefocus border="4">button-focus.png</texturefocus>
		<texturenofocus border="4">button-nofocus.png</texturenofocus>
		<pulseonselect>false</pulseonselect>
	</include>
	
	
	
	
	
	
	<include name="SideBladeLeft">
		<depth>DepthSideBlade</depth>

		<animation effect="slide" start="0,0" end="250,0" time="300" tween="quadratic" easing="out" condition="[ControlGroup(9000).HasFocus | Control.HasFocus(9001) | Control.HasFocus(8999)] + ![Window.IsActive(PVRGuideInfo) | Window.IsActive(PVRRadioRDSInfo)]">Conditional</animation>
		<animation effect="slide" start="0,0" end="-300,0" time="300" tween="quadratic" easing="out" condition="ControlGroup(9000).HasFocus | Control.HasFocus(9001)">WindowClose</animation>
		<animation effect="slide" start="0,0" end="-50,0" time="225" tween="quadratic" easing="out" condition="![ControlGroup(9000).HasFocus | Control.HasFocus(9001)]">WindowClose</animation>
		<animation effect="slide" start="-50,0" end="0,0" time="225" tween="quadratic" easing="out">WindowOpen</animation>

		<control type="button" id="8999">
			<description>Fake button for mouse control</description>
			<left>0</left>
			<top>0</top>
			<width>254</width>
			<height>720</height>
			<label>-</label>
			<font>-</font>
			<texturenofocus>-</texturenofocus>
			<texturefocus>-</texturefocus>
			<visible>true</visible>
		</control>
		<!--
		<control type="button" id="9001">
			<left>250</left>
			<top>260</top>
			<width>42</width>
			<height>128</height>
			<font>-</font>
			<texturefocus>HasSub.png</texturefocus>
			<texturenofocus>HasSub.png</texturenofocus>
		</control>
		-->
		<control type="image">
			<left>-2</left>
			<top>0</top>
			<width>256</width>
			<height>720</height>
			<texture border="0,0,10,0">MediaBladeSub.png</texture>
		</control>
	</include>
	
	
	
	
	
	
	<include name="MainWindowMouseButtons">
		<control type="group">
			<left>120r</left>
			<top>50r</top><!--55r-->
			<animation effect="fade" time="200" condition="Window.Previous(Home)">WindowOpen</animation>
			<animation effect="fade" time="200" condition="Window.Next(Home)">WindowClose</animation>
			<visible>System.GetBool(input.enablemouse)</visible>
			<control type="button">
				<description>Back push button</description>
				<left>0</left>
				<top>0</top>
				<width>45</width>
				<height>45</height>
				<label>1036</label>
				<font>-</font>
				<onclick>back</onclick>
				<texturefocus border="4">floor_buttonFO.png</texturefocus>
				<texturenofocus border="4">floor_button.png</texturenofocus>
				<onleft>50</onleft>
				<onright>50</onright>
				<onup>50</onup>
				<ondown>50</ondown>
			</control>
			<control type="image">
				<description>Back Icon</description>
				<left>5</left>
				<top>6</top>
				<width>33</width>
				<height>33</height>
				<aspectratio>keep</aspectratio>
				<texture>icon_back.png</texture>
			</control>
			<control type="button">
				<description>Home push button</description>
				<left>55</left>
				<top>0</top>
				<width>45</width>
				<height>45</height>
				<label>31003</label>
				<font>-</font>
				<onclick>ActivateWindow(home)</onclick>
				<texturefocus border="4">floor_buttonFO.png</texturefocus>
				<texturenofocus border="4">floor_button.png</texturenofocus>
				<onleft>50</onleft>
				<onright>50</onright>
				<onup>50</onup>
				<ondown>50</ondown>
			</control>
			<control type="image">
				<description>Home Icon</description>
				<left>60</left>
				<top>5</top>
				<width>35</width>
				<height>35</height>
				<aspectratio>keep</aspectratio>
				<texture>icon_home.png</texture>
			</control>
		</control>
	</include>
	<include name="CommonNowPlaying">
		<control type="group">
			<visible>Player.HasMedia + String.IsEmpty(Window(Videos).Property(PlayingBackgroundMedia))</visible>
			<include>VisibleFadeEffect</include>
			<animation effect="fade" time="200" condition="Window.Previous(Home)">WindowOpen</animation>
			<animation effect="fade" time="200" condition="Window.Next(Home)">WindowClose</animation>
			
			<control type="button" id="90001">
				<description>push button</description>
				<left>20</left><!--30-->
				<top>50r</top><!--55r-->
				<width>45</width>
				<height>45</height>
				<label>31003</label>
				<font>-</font>
				<onclick>ActivateWindow(PlayerControls)</onclick>
				<texturefocus border="4">floor_buttonFO.png</texturefocus>
				<texturenofocus border="4">floor_button.png</texturenofocus>
				<onleft>50</onleft>
				<onright>50</onright>
				<onup>50</onup>
				<ondown>50</ondown>
			</control>
			<control type="image">
				<description>Player Icon</description>
				<left>25</left><!--35-->
				<top>45r</top><!--50r-->
				<width>35</width>
				<height>35</height>
				<aspectratio>keep</aspectratio>
				<texture>icon_player.png</texture>
			</control>
			
			
			
			<control type="label">
				<left>75</left><!--85-->
				<top>28r</top>
				<width>530</width>
				<height>20</height>
				<label>$INFO[Player.Title]</label>
				<align>left</align>
				<aligny>center</aligny>
				<font>font12</font>
				<textcolor>grey</textcolor>
				<shadowcolor>black</shadowcolor>
			</control>
			
			
			
			<control type="label">
				<left>75</left>
				<top>49r</top>
				<width>530</width>
				<height>20</height>
				<label>$INFO[Player.Time] [COLOR=blue]/[/COLOR] $INFO[Player.Duration]</label>
				<align>left</align>
				<aligny>center</aligny>
				<font>font12</font>
				<textcolor>grey</textcolor>
				<shadowcolor>black</shadowcolor>
				<visible>Player.HasVideo + !VideoPlayer.Content(Movies) + !VideoPlayer.Content(Episodes) + String.IsEmpty(VideoPlayer.TVShowTitle) + !VideoPlayer.Content(MusicVideos) + !VideoPlayer.Content(LiveTV)</visible>
			</control>
			<control type="label">
				<left>75</left>
				<top>49r</top>
				<width>530</width>
				<height>20</height>
				<label>$INFO[Player.Time] [COLOR=blue]/[/COLOR] $INFO[Player.Duration,,    ]$INFO[MusicPlayer.Artist]$INFO[MusicPlayer.Album, - ]$INFO[MusicPlayer.Year, (,)]</label>
				<align>left</align>
				<aligny>center</aligny>
				<font>font12</font>
				<textcolor>grey</textcolor>
				<shadowcolor>black</shadowcolor>
				<visible>Player.HasAudio</visible>
			</control>
			<control type="label">
				<left>75</left>
				<top>49r</top>
				<width>530</width>
				<height>20</height>
				<label>$INFO[Player.Time] [COLOR=blue]/[/COLOR] $INFO[Player.Duration,,    ]$INFO[VideoPlayer.Year,,    ]$INFO[VideoPlayer.Studio]</label>
				<align>left</align>
				<aligny>center</aligny>
				<font>font12</font>
				<textcolor>grey</textcolor>
				<shadowcolor>black</shadowcolor>
				<visible>Player.HasVideo + VideoPlayer.Content(Movies)</visible>
			</control>
			<control type="label">
				<left>75</left>
				<top>49r</top>
				<width>530</width>
				<height>20</height>
				<label>$INFO[Player.Time] [COLOR=blue]/[/COLOR] $INFO[Player.Duration,,    ]$INFO[VideoPlayer.TVShowTitle] ($INFO[VideoPlayer.Season,$LOCALIZE[20373] , - ]$INFO[VideoPlayer.episode,$LOCALIZE[20359] ,])$INFO[VideoPlayer.Premiered, (,)]</label>
				<align>left</align>
				<aligny>center</aligny>
				<font>font12</font>
				<textcolor>grey</textcolor>
				<shadowcolor>black</shadowcolor>
				<visible>Player.HasVideo + [VideoPlayer.Content(Episodes) | !String.IsEmpty(VideoPlayer.TVShowTitle)]</visible>
			</control>
			<control type="label">
				<left>75</left>
				<top>49r</top>
				<width>530</width>
				<height>20</height>
				<label>$INFO[Player.Time] [COLOR=blue]/[/COLOR] $INFO[Player.Duration,,    ]$INFO[VideoPlayer.Artist]</label>
				<align>left</align>
				<aligny>center</aligny>
				<font>font12</font>
				<textcolor>grey</textcolor>
				<shadowcolor>black</shadowcolor>
				<visible>Player.HasVideo + VideoPlayer.Content(MusicVideos)</visible>
			</control>
			<control type="label">
				<left>75</left>
				<top>49r</top>
				<width>530</width>
				<height>20</height>
				<label>$INFO[Player.Time] [COLOR=blue]/[/COLOR] $INFO[Player.Duration,,    ]$INFO[VideoPlayer.ChannelName]$INFO[VideoPlayer.EpisodeName, (,)]</label>
				<align>left</align>
				<aligny>center</aligny>
				<font>font12</font>
				<textcolor>grey</textcolor>
				<shadowcolor>black</shadowcolor>
				<visible>Player.HasVideo + VideoPlayer.Content(LiveTV)</visible>
			</control>
		</control>
	</include>
	<include name="CommonPageCount">
		<control type="group">
			<animation effect="slide" start="0,0" end="-108,0" time="0" condition="System.GetBool(input.enablemouse)">Conditional</animation>
			<control type="label">
				<description>Page Count Label</description>
				<right>22</right>
				<top>28r</top><!--49r-->
				<width>500</width>
				<height>20</height>
				<font>font12</font>
				<textcolor>grey</textcolor>
				<shadowcolor>black</shadowcolor>
				<scroll>false</scroll>
				<align>right</align>
				<aligny>center</aligny>
				<label>$INFO[Container.NumItems,, ]$LOCALIZE[31025]</label>
				<include>Window_OpenClose_Animation</include>
			</control>
			<!--
			<control type="label">
				<description>Container Duration Label</description>
				<right>40</right>
				<top>28r</top>
				<width>500</width>
				<height>20</height>
				<font>font12</font>
				<textcolor>grey</textcolor>
				<scroll>false</scroll>
				<align>right</align>
				<aligny>center</aligny>
				<label>$INFO[Container.TotalTime,$LOCALIZE[31009] ([COLOR=blue],[/COLOR])]</label>
				<include>Window_OpenClose_Animation</include>
			</control>
			-->
		</control>
	</include>
	<include name="SmallMusicInfo">
		<control type="image">
			<description>gradient</description>
			<left>0</left>
			<top>0</top>
			<width>500</width>
			<height>165</height>
			<colordiffuse>DDFFFFFF</colordiffuse>
			<texture border="20">OverlayDialogBackground.png</texture>
		</control>
		<control type="image">
			<description>Cover image</description>
			<left>20</left>
			<top>17</top>
			<width>130</width>
			<height>130</height>
			<texture>$INFO[MusicPlayer.Cover]</texture>
		</control>
		<control type="label">
			<description>Artist label</description>
			<left>160</left>
			<top>20</top>
			<height>30</height>
			<width>325</width>
			<label>$INFO[MusicPlayer.Artist]</label>
			<align>left</align>
			<aligny>center</aligny>
			<font>font12_title</font>
			<textcolor>grey2</textcolor>
			<shadowcolor>black</shadowcolor>
		</control>
		<control type="fadelabel">
			<description>Title label</description>
			<left>160</left>
			<top>43</top>
			<height>30</height>
			<width>325</width>
			<label>$INFO[Player.Title]</label>
			<align>left</align>
			<aligny>center</aligny>
			<font>font13_title</font>
			<textcolor>white</textcolor>
			<shadowcolor>black</shadowcolor>
			<scrollout>false</scrollout>
			<pauseatend>2000</pauseatend>
		</control>
		<control type="label">
			<description>Album Label</description>
			<left>160</left>
			<top>70</top>
			<height>30</height>
			<width>325</width>
			<label>$INFO[MusicPlayer.Album]$INFO[MusicPlayer.discnumber, - $LOCALIZE[427]:]</label>
			<align>left</align>
			<aligny>center</aligny>
			<font>font12</font>
			<textcolor>white</textcolor>
			<shadowcolor>black</shadowcolor>
		</control>
		<control type="label">
			<description>Time Label</description>
			<left>160</left>
			<top>95</top>
			<height>30</height>
			<width>325</width>
			<label>$INFO[MusicPlayer.Time]$INFO[MusicPlayer.Duration, / ]</label>
			<align>left</align>
			<aligny>center</aligny>
			<font>font12</font>
			<textcolor>white</textcolor>
			<shadowcolor>black</shadowcolor>
		</control>
		<control type="label">
			<description>Next Label</description>
			<left>160</left>
			<top>120</top>
			<height>30</height>
			<width>325</width>
			<label>[COLOR=blue]$LOCALIZE[19031] :[/COLOR] $INFO[MusicPlayer.offset(1).Title]</label>
			<align>right</align>
			<aligny>center</aligny>
			<font>font12</font>
			<textcolor>grey</textcolor>
			<shadowcolor>black</shadowcolor>
		</control>
	</include>
	<include name="SmallVideoInfo">
		<control type="image">
			<description>gradient</description>
			<left>0</left>
			<top>0</top>
			<width>500</width>
			<height>165</height>
			<colordiffuse>DDFFFFFF</colordiffuse>
			<texture border="20">OverlayDialogBackground.png</texture>
		</control>
		<control type="image">
			<description>Cover image</description>
			<left>20</left>
			<top>17</top>
			<width>130</width>
			<height>130</height>
			<aspectratio>keep</aspectratio>
			<texture>$INFO[VideoPlayer.cover]</texture>
		</control>
		<control type="label">
			<description>Studio label</description>
			<left>160</left>
			<top>20</top>
			<height>30</height>
			<width>325</width>
			<label>$INFO[VideoPlayer.Studio]</label>
			<align>left</align>
			<aligny>center</aligny>
			<font>font12_title</font>
			<textcolor>grey2</textcolor>
			<shadowcolor>black</shadowcolor>
			<visible>!VideoPlayer.Content(Episodes) + !VideoPlayer.Content(MusicVideos)</visible>
		</control>
		<control type="label">
			<description>TV Show Title label</description>
			<left>160</left>
			<top>20</top>
			<height>30</height>
			<width>325</width>
			<label>$INFO[VideoPlayer.tvshowtitle]</label>
			<align>left</align>
			<aligny>center</aligny>
			<font>font12_title</font>
			<textcolor>white</textcolor>
			<shadowcolor>black</shadowcolor>
			<visible>VideoPlayer.Content(Episodes)</visible>
		</control>
		<control type="fadelabel">
			<description>Music Video Artist label</description>
			<left>160</left>
			<top>20</top>
			<height>30</height>
			<width>325</width>
			<label>$INFO[VideoPlayer.Artist]</label>
			<align>left</align>
			<aligny>center</aligny>
			<font>font12_title</font>
			<textcolor>white</textcolor>
			<shadowcolor>black</shadowcolor>
			<visible>VideoPlayer.Content(MusicVideos)</visible>
			<scrollout>false</scrollout>
			<pauseatend>2000</pauseatend>
		</control>
		<control type="fadelabel">
			<description>Title label</description>
			<left>160</left>
			<top>43</top>
			<height>30</height>
			<width>325</width>
			<label>$INFO[Player.Title]</label>
			<align>left</align>
			<aligny>center</aligny>
			<font>font13_title</font>
			<textcolor>white</textcolor>
			<shadowcolor>black</shadowcolor>
			<scrollout>false</scrollout>
			<pauseatend>2000</pauseatend>
		</control>
		<control type="label">
			<description>Genre label</description>
			<left>160</left>
			<top>70</top>
			<height>30</height>
			<width>325</width>
			<label>$INFO[VideoPlayer.Genre]</label>
			<align>left</align>
			<aligny>center</aligny>
			<font>font12</font>
			<textcolor>white</textcolor>
			<shadowcolor>black</shadowcolor>
			<visible>!VideoPlayer.Content(Episodes) + !VideoPlayer.Content(MusicVideos)</visible>
		</control>
		<control type="label">
			<left>160</left>
			<top>70</top>
			<height>30</height>
			<width>325</width>
			<label>$INFO[VideoPlayer.Album]</label>
			<align>left</align>
			<aligny>center</aligny>
			<font>font12</font>
			<textcolor>white</textcolor>
			<shadowcolor>black</shadowcolor>
			<visible>VideoPlayer.Content(MusicVideos)</visible>
		</control>
		<control type="label">
			<description>Season and Episode label</description>
			<left>160</left>
			<top>70</top>
			<height>30</height>
			<width>325</width>
			<label>$LOCALIZE[20373] $INFO[VideoPlayer.Season] - $LOCALIZE[20359] $INFO[VideoPlayer.episode]</label>
			<align>left</align>
			<aligny>center</aligny>
			<font>font12</font>
			<textcolor>white</textcolor>
			<shadowcolor>black</shadowcolor>
			<visible>VideoPlayer.Content(Episodes)</visible>
		</control>
		<control type="label">
			<description>Time Label</description>
			<left>160</left>
			<top>95</top>
			<height>30</height>
			<width>325</width>
			<label>$INFO[VideoPlayer.Time]$INFO[VideoPlayer.Duration, / ]</label>
			<align>left</align>
			<aligny>center</aligny>
			<font>font12</font>
			<textcolor>white</textcolor>
			<shadowcolor>black</shadowcolor>
		</control>
	</include>
	
	
	
	<include name="CommonNowPlaying_Controls">
		<control type="label" id="202">
			<width>250</width>
			<height>35</height>
			<font>font12</font>
			<label>31023</label>
			<textcolor>blue</textcolor>
			<align>center</align>
			<aligny>center</aligny>
			<visible>Player.HasMedia | Control.IsVisible(612)</visible>
			<!--<include>VisibleFadeEffect</include>-->
		</control>
		<control type="button" id="610">
			<description>Fake Button to fix Player Controls Navigation</description>
			<visible>false</visible>
		</control>
		
		<!-- sidebar player controls LiveTV -->
		<control type="group" id="90060">
			<height>45</height>
			<visible>VideoPlayer.Content(LiveTV)</visible>
			<!--<include>VisibleFadeEffect</include>-->
			<defaultcontrol always="true">603</defaultcontrol>
			<control type="grouplist" id="9006">
				<width>241</width>
				
				<left>5</left>
				
				<height>45</height>
				<itemgap>1</itemgap>
				<orientation>horizontal</orientation>
				<!--<onright>50</onright>-->
				<onback>50</onback>
				<onup>610</onup>
				<ondown>611</ondown>
				<control type="button" id="600">
					<width>39</width>
					<height>39</height>
					<label>-</label>
					<texturefocus>osd/buttons/OSDChannelUPFO.png</texturefocus>
					<texturenofocus>osd/buttons/OSDChannelUPNF.png</texturenofocus>
					<onclick>ChannelDown</onclick>
				</control>
				<control type="button" id="601">
					<width>39</width>
					<height>39</height>
					<label>-</label>
					<texturefocus>osd/buttons/OSDChannelDownFO.png</texturefocus>
					<texturenofocus>osd/buttons/OSDChannelDownNF.png</texturenofocus>
					<onclick>ChannelUp</onclick>
				</control>
				<control type="button" id="603">
					<width>39</width>
					<height>39</height>
					<label>-</label>
					<texturefocus>osd/buttons/OSDStopFO.png</texturefocus>
					<texturenofocus>osd/buttons/OSDStopNF.png</texturenofocus>
					<onclick>down</onclick>
					<onclick>PlayerControl(Stop)</onclick>
				</control>
				<control type="togglebutton" id="604">
					<width>39</width>
					<height>39</height>
					<label>-</label>
					<texturefocus>osd/buttons/OSDPauseFO.png</texturefocus>
					<texturenofocus>osd/buttons/OSDPauseNF.png</texturenofocus>
					<usealttexture>Player.Paused | Player.Forwarding | Player.Rewinding</usealttexture>
					<alttexturefocus>osd/buttons/OSDPlayFO.png</alttexturefocus>
					<alttexturenofocus>osd/buttons/OSDPlayNF.png</alttexturenofocus>
					<onclick>PlayerControl(Play)</onclick>
					<enable>Player.PauseEnabled</enable>
					<animation effect="fade" start="100" end="30" time="0" condition="!Player.PauseEnabled">Conditional</animation>
				</control>
				<control type="togglebutton" id="605">
					<width>39</width>
					<height>39</height>
					<label>-</label>
					<texturefocus>osd/buttons/OSDRecordOffFO.png</texturefocus>
					<texturenofocus>osd/buttons/OSDRecordOffNF.png</texturenofocus>
					
					<!-- Player.Recording alttexture test -->
					<usealttexture>Player.Recording</usealttexture>
					<alttexturefocus>osd/buttons/OSDRecordOnFO.png</alttexturefocus>
					<alttexturenofocus>osd/buttons/OSDRecordOnNF.png</alttexturenofocus>
					
					<onclick>PlayerControl(Record)</onclick>
					<enable>Player.CanRecord</enable>
					<animation effect="fade" start="100" end="30" time="0" condition="!Player.CanRecord">Conditional</animation>
				</control>
				<!--
				<control type="button" id="606">
					<width>39</width>
					<height>39</height>
					<label>-</label>
					<visible>RDS.HasRadiotextPlus</visible>
					<texturefocus>osd/buttons/OSDRadioRDSFO.png</texturefocus>
					<texturenofocus>osd/buttons/OSDRadioRDSNF.png</texturenofocus>
					<onclick>ActivateWindow(PVRRadioRDSInfo)</onclick>
				</control>
				<control type="button" id="622">
					<width>39</width>
					<height>39</height>
					<label>-</label>
					<visible>!RDS.HasRadiotextPlus</visible>
					<texturefocus>osd/buttons/OSDChannelListFO.png</texturefocus>
					<texturenofocus>osd/buttons/OSDChannelListNF.png</texturenofocus>
					<onclick>ActivateWindow(PVRGuideInfo)</onclick>
				</control>
				-->
			</control>
		</control>
		
		<!-- sidebar player controls NON-LiveTV -->
		<control type="group" id="90050">
			<visible>Player.HasMedia</visible>
			<visible>!VideoPlayer.Content(LiveTV)</visible>
			<!--<include>VisibleFadeEffect</include>-->
			<height>45</height>
			<defaultcontrol always="true">703</defaultcontrol>
			<control type="grouplist" id="9005">
				<width>241</width>
				
				<left>5</left>
				
				<height>45</height>
				<itemgap>1</itemgap>
				<orientation>horizontal</orientation>
				<!--<onright>50</onright>-->
				<onback>50</onback>
				<onup>610</onup>
				<ondown>611</ondown>
				
				<control type="button" id="700">
					<width>39</width>
					<height>39</height>
					<label>-</label>
					<texturefocus>osd/buttons/OSDPrevTrackFO.png</texturefocus>
					<texturenofocus>osd/buttons/OSDPrevTrackNF.png</texturenofocus>
					<onclick>PlayerControl(Previous)</onclick>
				</control>
				<control type="button" id="706">
					<width>39</width>
					<height>39</height>
					<label>-</label>
					<texturefocus>osd/buttons/OSDRewindFO.png</texturefocus>
					<texturenofocus>osd/buttons/OSDRewindNF.png</texturenofocus>
					<onclick>PlayerControl(Rewind)</onclick>
					<visible>Window.IsVisible(MusicPlaylist) | Window.IsVisible(VideoPlaylist) | Player.HasVideo</visible>
				</control>
				<control type="togglebutton" id="703">
					<width>39</width>
					<height>39</height>
					<label>-</label>
					<texturefocus>osd/buttons/OSDPauseFO.png</texturefocus>
					<texturenofocus>osd/buttons/OSDPauseNF.png</texturenofocus>
					<usealttexture>Player.Paused | Player.Forwarding | Player.Rewinding</usealttexture>
					<alttexturefocus>osd/buttons/OSDPlayFO.png</alttexturefocus>
					<alttexturenofocus>osd/buttons/OSDPlayNF.png</alttexturenofocus>
					<onclick>PlayerControl(Play)</onclick>
				</control>
				<control type="button" id="701">
					<width>39</width>
					<height>39</height>
					<label>-</label>
					<texturefocus>osd/buttons/OSDStopFO.png</texturefocus>
					<texturenofocus>osd/buttons/OSDStopNF.png</texturenofocus>
					<onclick>down</onclick>
					<onclick>PlayerControl(Stop)</onclick>
				</control>
				<control type="button" id="707">
					<width>39</width>
					<height>39</height>
					<label>-</label>
					<texturefocus>osd/buttons/OSDForwardFO.png</texturefocus>
					<texturenofocus>osd/buttons/OSDForwardNF.png</texturenofocus>
					<onclick>PlayerControl(Forward)</onclick>
					<visible>Window.IsVisible(MusicPlaylist) | Window.IsVisible(VideoPlaylist) | Player.HasVideo</visible>
				</control>
				<control type="button" id="702">
					<width>39</width>
					<height>39</height>
					<label>-</label>
					<texturefocus>osd/buttons/OSDNextTrackFO.png</texturefocus>
					<texturenofocus>osd/buttons/OSDNextTrackNF.png</texturenofocus>
					<onclick>PlayerControl(Next)</onclick>
				</control>
				<control type="group" id="799">
					<width>39</width>
					<height>39</height>
					<visible>!Window.IsVisible(MusicPlaylist) + !Window.IsVisible(VideoPlaylist) + !Player.HasVideo</visible>
					<control type="button" id="704">
						<width>39</width>
						<height>39</height>
						<label>-</label>
						<texturefocus>-</texturefocus>
						<texturenofocus>-</texturenofocus>
						<onleft>702</onleft>
						<onright>705</onright>
						<onclick>PlayerControl(Repeat)</onclick>
						<visible>!Window.IsVisible(MusicPlaylist) + !Window.IsVisible(VideoPlaylist) + !Player.HasVideo</visible>
					</control>
					<control type="image" id="713">
						<width>39</width>
						<height>39</height>
						<texture>$VAR[PlayerControlsRepeatImageVar]</texture>
						<visible>!Window.IsVisible(MusicPlaylist) + !Window.IsVisible(VideoPlaylist) + !Player.HasVideo</visible>
					</control>
				</control>
				<control type="togglebutton" id="705">
					<width>39</width>
					<height>39</height>
					<label>-</label>
					<texturefocus>osd/buttons/OSDRandomOffFO.png</texturefocus>
					<texturenofocus>osd/buttons/OSDRandomOffNF.png</texturenofocus>
					<usealttexture>Playlist.IsRandom</usealttexture>
					<alttexturefocus>osd/buttons/OSDRandomOnFO.png</alttexturefocus>
					<alttexturenofocus>osd/buttons/OSDRandomOnNF.png</alttexturenofocus>
					<onclick>PlayerControl(Random)</onclick>
					<visible>!Window.IsVisible(MusicPlaylist) + !Window.IsVisible(VideoPlaylist) + !Player.HasVideo</visible>
				</control>
			</control>
		</control>
		
		<control type="radiobutton" id="611">
			
			<!-- move radio button right icon position to left  -->
			<radioposx>10</radioposx>
			<textoffsetx>40</textoffsetx>
			
			<description>Go to fullscreen Playback</description>
			<include>ButtonCommonValues</include>
			<label>31008</label>
			<onclick>fullscreen</onclick>
			<textureradioonfocus>GoFullscreen.png</textureradioonfocus>
			<textureradioonnofocus colordiffuse="ccFFFFFF">GoFullscreen.png</textureradioonnofocus>
			<textureradioofffocus>GoFullscreen.png</textureradioofffocus>
			<textureradiooffnofocus colordiffuse="ccFFFFFF">GoFullscreen.png</textureradiooffnofocus>
			<visible>Player.HasMedia</visible>
		</control>
		<control type="radiobutton" id="612">
		
			<!-- move radio button right icon position to left -->
			<radioposx>10</radioposx>
			<textoffsetx>40</textoffsetx>
			
			<textureradioonfocus>_added_img/playlist_icon.png</textureradioonfocus>
			<textureradioonnofocus colordiffuse="ccFFFFFF">_added_img/playlist_icon.png</textureradioonnofocus>
			<textureradioofffocus>_added_img/playlist_icon.png</textureradioofffocus>
			<textureradiooffnofocus colordiffuse="ccFFFFFF">_added_img/playlist_icon.png</textureradiooffnofocus>
			
			<description>Go to playlist</description>
			<include>ButtonCommonValues</include>
			<label>13350</label>
			<onclick>$VAR[PlayList]</onclick>
			<visible>[Window.IsActive(Videos) + !String.IsEqual(Playlist.Length(video),0)] | [[Window.IsActive(Music)] + !String.IsEqual(Playlist.Length(music),0)]</visible>
		</control>
	</include>
	<include name="ScrollOffsetLabel">
		<control type="group">
			<depth>DepthSideBlade</depth>
			<visible>Container.Scrolling + [String.IsEqual(Container.SortMethod,$LOCALIZE[551]) | String.IsEqual(Container.SortMethod,$LOCALIZE[561]) | String.IsEqual(Container.SortMethod,$LOCALIZE[558]) | String.IsEqual(Container.SortMethod,$LOCALIZE[557]) | String.IsEqual(Container.SortMethod,$LOCALIZE[556])]</visible>
			<animation effect="slide" start="0,0" end="0,-60" time="75">Visible</animation>
			<animation effect="slide" start="0,-60" end="0,0" delay="300" time="75">Hidden</animation>
			<left>300r</left>
			<top>720</top>
			<control type="image">
				<left>4</left>
				<top>0</top>
				<width>66</width>
				<height>65</height>
				<texture border="20">InfoMessagePanel.png</texture>
			</control>
			<control type="label">
				<left>5</left>
				<top>0</top>
				<width>65</width>
				<height>60</height>
				<align>center</align>
				<aligny>center</aligny>
				<label>$INFO[ListItem.SortLetter]</label>
				<textcolor>white</textcolor>
				<font>font30_title</font>
			</control>
		</control>
	</include>
	
	
	
	<include name="Clock">
		<control type="label">
			<description>time label</description>
			<right>20</right>
			<top>6</top><!-- 5 -->
			<width>200</width>
			<height>30</height>
			<align>right</align>
			<aligny>center</aligny>
			<font>Medium28</font>
			<textcolor>white</textcolor>
			<shadowcolor>black</shadowcolor>
			<label>$INFO[System.Time]</label>
			<animation effect="slide" start="0,0" end="-40,0" time="0" condition="Player.Muted">conditional</animation>
		</control>
	</include>
	
	<include name="ClockHome">
		<control type="label">
			<description>time label</description>
			<width>auto</width>
			<height>40</height>
			<align>right</align>
			<aligny>center</aligny>
			<font>Medium28</font>
			<textcolor>white</textcolor>
			<shadowcolor>black</shadowcolor>
			<label>$INFO[System.Time]</label>
		</control>
	</include>
	
	
	
	<include name="HomeAddonsCommonLayout">
		<include>Window_OpenClose_Animation</include>
		<animation type="Visible">
			<!--
			<effect type="slide" start="0,30" end="0,0" delay="150" easing="out" tween="quadratic" time="150" />
			<effect type="fade" start="0" end="100" delay="150" time="150" />
			-->
			<!--
			<effect type="zoom" start="130" end="100" center="auto" easing="in" tween="quadratic" time="250" />
			-->
			<effect type="fade" start="0" end="100" time="300" delay="350" />
		</animation>
		<animation type="Hidden">
			<!--
			<effect type="zoom" start="100" end="70" center="auto" easing="in" tween="quadratic" time="250" />
			-->
			<effect type="fade" start="100" end="0" time="150" />
		</animation>
		<hitrect x="0" y="525" w="1280" h="125" />
		<left>3</left>
		<top>190r</top><!-- 190r 206r -->
		<width>1280</width>
		<height>120</height>
		<pagecontrol>-</pagecontrol>
		<scrolltime>0</scrolltime>
		<focusposition>3</focusposition>
		<movement>3</movement>
		<orientation>Horizontal</orientation>
		<!-- ITEM LAYOUT -->
		<itemlayout width="182" height="120"><!-- 182 -->
			
			
			<!--
			<control type="image">
				<left>31</left>
				<top>0</top>
				<width>120</width>
				<height>94</height>
				<texture border="4">RecentAddedBack.png</texture>
			</control>
			-->
			
			
			<control type="image">
				<left>64</left>
				<top>10</top>
				<width>55</width>
				<height>55</height>
				<aspectratio aligny="bottom">keep</aspectratio>
				<!--
				<bordertexture border="1">button-nofocus.png</bordertexture>
				<bordersize>1</bordersize>
				-->
				<texture background="true">$INFO[ListItem.Icon]</texture>
				<animation effect="fade" end="90" time="0" condition="true">Conditional</animation>
			</control>
			<control type="label">
				<left>36</left>
				<top>68</top>
				<width>110</width>
				<height>20</height>
				<font>font10</font>
				<textcolor>grey</textcolor>
				<shadowcolor>black</shadowcolor>
				<align>center</align>
				<aligny>center</aligny>
				<label>$INFO[ListItem.Label]</label>
				<animation effect="fade" end="90" time="0" condition="true">Conditional</animation>
			</control>
		</itemlayout>
		<!-- FOCUSED LAYOUT -->
		<focusedlayout width="182" height="120"><!-- 182 -->
			
			
			<!--
			<control type="image">
				<left>31</left>
				<top>0</top>
				<width>120</width>
				<height>94</height>
				<texture border="4">RecentAddedBack.png</texture>
				<visible>!ControlGroup(9002).HasFocus</visible>
			</control>
			-->
			
			
			<control type="image">
				<left>31</left>
				<top>0</top>
				<width>120</width>
				<height>94</height>
				<texture border="4">HomeSubFO.png</texture>
				<visible>ControlGroup(9002).HasFocus</visible>
				<animation effect="fade" end="90" time="0" condition="true">Conditional</animation>
			</control>
			<control type="image">
				<left>64</left>
				<top>10</top>
				<width>55</width>
				<height>55</height>
				<aspectratio aligny="bottom">keep</aspectratio>
				<!--
				<bordertexture border="1">button-nofocus.png</bordertexture>
				<bordersize>1</bordersize>
				-->
				<texture background="true">$INFO[ListItem.Icon]</texture>
				<visible>ControlGroup(9002).HasFocus</visible>
				<animation effect="fade" end="100" time="0" condition="true">Conditional</animation>
			</control>
			<control type="image">
				<left>64</left>
				<top>10</top>
				<width>55</width>
				<height>55</height>
				<aspectratio aligny="bottom">keep</aspectratio>
				<!--
				<bordertexture border="1">button-nofocus.png</bordertexture>
				<bordersize>1</bordersize>
				-->
				<texture background="true">$INFO[ListItem.Icon]</texture>
				<visible>!ControlGroup(9002).HasFocus</visible>
				<animation effect="fade" end="90" time="0" condition="true">Conditional</animation>
			</control>
			<control type="label">
				<left>36</left>
				<top>68</top>
				<width>110</width>
				<height>20</height>
				<font>font10</font>
				<textcolor>white</textcolor>
				<align>center</align>
				<aligny>center</aligny>
				<label>$INFO[ListItem.Label]</label>
				<visible>ControlGroup(9002).HasFocus</visible>
			</control>
			<control type="label">
				<left>36</left>
				<top>68</top>
				<width>110</width>
				<height>20</height>
				<font>font10</font>
				<textcolor>grey</textcolor>
				<shadowcolor>black</shadowcolor>
				<align>center</align>
				<aligny>center</aligny>
				<label>$INFO[ListItem.Label]</label>
				<visible>!ControlGroup(9002).HasFocus</visible>
				<animation effect="fade" end="90" time="0" condition="true">Conditional</animation>
			</control>
		</focusedlayout>
	</include>
	<include name="TVNextAiredListCommonLayout">
		<itemlayout height="150" width="280">
			<control type="image">
				<left>0</left>
				<top>0</top>
				<width>280</width>
				<height>145</height>
				<texture border="10">button-nofocus.png</texture>
			</control>
			<control type="image">
				<description>Thumb</description>
				<left>5</left>
				<top>5</top>
				<width>270</width>
				<height>55</height>
				<aspectratio>keep</aspectratio>
				<texture background="true">$INFO[ListItem.Property(Art(poster))]</texture>
				<visible>String.IsEqual(Window(Home).Property(TVGuide.ThumbType),0)</visible>
			</control>
			<control type="image">
				<description>Banner</description>
				<left>5</left>
				<top>5</top>
				<width>270</width>
				<height>55</height>
				<aspectratio>keep</aspectratio>
				<texture background="true">$INFO[ListItem.Property(Art(banner))]</texture>
				<visible>String.IsEqual(Window(Home).Property(TVGuide.ThumbType),1)</visible>
			</control>
			<control type="image">
				<description>Logo</description>
				<left>5</left>
				<top>5</top>
				<width>270</width>
				<height>55</height>
				<aspectratio>keep</aspectratio>
				<texture background="true">$INFO[ListItem.Property(Path),,logo.png]</texture>
				<visible>String.IsEqual(Window(Home).Property(TVGuide.ThumbType),2)</visible>
			</control>
			<control type="label">
				<description>Episode Number</description>
				<left>10</left>
				<top>60</top>
				<width>260</width>
				<height>15</height>
				<label>$INFO[ListItem.Property(NextNumber),$LOCALIZE[20359] [COLOR=blue]-[/COLOR] ]</label>
				<textcolor>white</textcolor>
				<font>font12</font>
				<align>center</align>
			</control>
			<control type="label">
				<description>Episode Name</description>
				<left>10</left>
				<top>80</top>
				<width>260</width>
				<height>15</height>
				<label>$INFO[ListItem.Property(NextTitle)]</label>
				<textcolor>white</textcolor>
				<font>font12</font>
				<align>center</align>
			</control>
			<control type="label">
				<description>Next air date/time</description>
				<left>10</left>
				<top>100</top>
				<width>260</width>
				<height>15</height>
				<label>$INFO[ListItem.Property(ShortTime)]$INFO[ListItem.Property(NextDate), [COLOR=blue]-[/COLOR] ]</label>
				<textcolor>grey2</textcolor>
				<font>font12</font>
				<align>center</align>
			</control>
			<control type="label">
				<description>Duration</description>
				<left>10</left>
				<top>120</top>
				<width>260</width>
				<height>15</height>
				<label>$INFO[ListItem.Property(Runtime),, $LOCALIZE[12391]]$INFO[ListItem.Property(Network), [COLOR=blue]-[/COLOR] (,)]</label>
				<textcolor>grey2</textcolor>
				<font>font12</font>
				<align>center</align>
			</control>
		</itemlayout>
		<focusedlayout height="150" width="280">
			<control type="image">
				<left>0</left>
				<top>0</top>
				<width>280</width>
				<height>145</height>
				<texture border="10">button-focus2.png</texture>
			</control>
			<control type="image">
				<description>Thumb</description>
				<left>5</left>
				<top>5</top>
				<width>270</width>
				<height>55</height>
				<aspectratio>keep</aspectratio>
				<texture background="true">$INFO[ListItem.Property(Art(poster))]</texture>
				<visible>String.IsEqual(Window(Home).Property(TVGuide.ThumbType),0)</visible>
			</control>
			<control type="image">
				<description>Banner</description>
				<left>5</left>
				<top>5</top>
				<width>270</width>
				<height>55</height>
				<aspectratio>keep</aspectratio>
				<texture background="true">$INFO[ListItem.Property(Art(banner))]</texture>
				<visible>String.IsEqual(Window(Home).Property(TVGuide.ThumbType),1)</visible>
			</control>
			<control type="image">
				<description>Logo</description>
				<left>5</left>
				<top>5</top>
				<width>270</width>
				<height>55</height>
				<aspectratio>keep</aspectratio>
				<texture background="true">$INFO[ListItem.Property(Path),,logo.png]</texture>
				<visible>String.IsEqual(Window(Home).Property(TVGuide.ThumbType),2)</visible>
			</control>
			<control type="label">
				<description>Episode Number</description>
				<left>10</left>
				<top>60</top>
				<width>260</width>
				<height>15</height>
				<label>$INFO[ListItem.Property(NextNumber),$LOCALIZE[20359] [COLOR=blue]-[/COLOR] ]</label>
				<textcolor>selected</textcolor>
				<font>font12</font>
				<align>center</align>
			</control>
			<control type="label">
				<description>Episode Name</description>
				<left>10</left>
				<top>80</top>
				<width>260</width>
				<height>15</height>
				<label>$INFO[ListItem.Property(NextTitle)]</label>
				<textcolor>selected</textcolor>
				<font>font12</font>
				<align>center</align>
			</control>
			<control type="label">
				<description>Next air date/time</description>
				<left>10</left>
				<top>100</top>
				<width>260</width>
				<height>15</height>
				<label>$INFO[ListItem.Property(ShortTime)]$INFO[ListItem.Property(NextDate), [COLOR=blue]-[/COLOR] ]</label>
				<textcolor>white</textcolor>
				<font>font12</font>
				<align>center</align>
			</control>
			<control type="label">
				<description>Duration</description>
				<left>10</left>
				<top>120</top>
				<width>260</width>
				<height>15</height>
				<label>$INFO[ListItem.Property(Runtime),, $LOCALIZE[12391]]$INFO[ListItem.Property(Network), [COLOR=blue]-[/COLOR] (,)]</label>
				<textcolor>white</textcolor>
				<font>font12</font>
				<align>center</align>
			</control>
		</focusedlayout>
	</include>
	<include name="backgroundfade">
		<animation effect="fade" time="1000">Visible</animation>
		<animation effect="fade" time="1000">Hidden</animation>
	</include>
	<include name="Window_OpenClose_Animation">
		<animation effect="fade" time="350">WindowOpen</animation>
		<animation effect="fade" time="350">WindowClose</animation>
	</include>
	<include name="dialogeffect">
		<depth>DepthDialog</depth>
		<animation effect="fade" time="350">WindowOpen</animation>
		<animation effect="fade" time="350">WindowClose</animation>
	</include>
	<include name="VisibleFadeEffect">
		<!-- 225 before reducing effectslowdown -->
		<animation effect="fade" time="350">Visible</animation>
		<animation effect="fade" time="350">Hidden</animation>
	</include>
	<include name="VisibleFadeEffectNoFadeOut">
		<animation effect="fade" time="350">Visible</animation>
		<animation effect="fade" time="0">Hidden</animation>
	</include>
	<include name="VisibleFadeEffectNoFadeOutSlow">
		<animation effect="fade" time="500">Visible</animation>
		<animation effect="fade" time="0">Hidden</animation>
	</include>
	<include name="KeyboardButton">
		<width>50</width>
		<height>50</height>
		<texturenofocus border="4">KeyboardKeyNF.png</texturenofocus>
		<texturefocus border="4">KeyboardKey.png</texturefocus>
		<align>center</align>
		<aligny>center</aligny>
		<font>font13</font>
		<focusedcolor>white</focusedcolor>
	</include>
	<include name="CommonWindowHeader">
		<param name="Icon" default="icon_home" />
		<param name="Label" default="" />
		<param name="ShowLabel2" default="False" />
		<definition>
			<control type="group">
				<depth>DepthHeader</depth>
				<control type="image">
					<description>Section header image</description>
					<left>20</left>
					<top>3</top>
					<width>35</width>
					<height>35</height>
					<aspectratio>keep</aspectratio>
					<texture>$PARAM[Icon].png</texture>
				</control>
				<control type="grouplist">
					<left>70</left><!-- 65 -->
					<top>5</top>
					<width>1000</width>
					<height>30</height>
					<orientation>horizontal</orientation>
					<align>left</align>
					<itemgap>5</itemgap>
					
					<control type="label" id="654622">
						<include>WindowTitleCommons</include>
						<label>$PARAM[Label]</label>
					</control>
					
					<control type="label">
						<include>WindowTitleCommons</include>
						<label>[COLOR=blue] - [/COLOR]$INFO[Container.FolderName]</label>
						<visible>!String.IsEmpty(Container.FolderName) + String.IsEmpty(Container.ShowTitle) + !String.IsEqual(Control.GetLabel(654622),Container.FolderName)</visible>
					</control>
					
					<control type="label">
						<include>WindowTitleCommons</include>
						<label>[COLOR=blue] - [/COLOR]$INFO[Container.ShowTitle]</label>
						<visible>!String.IsEmpty(Container.ShowTitle) + String.IsEqual(Container.ShowTitle,Container.FolderName)</visible>
					</control>
					
					<control type="label">
						<include>WindowTitleCommons</include>
						<label>[COLOR=blue] - [/COLOR]$INFO[Container.ShowTitle][COLOR=blue] - [/COLOR]$INFO[Container.FolderName]</label>
						<visible>!String.IsEmpty(Container.ShowTitle) + !String.IsEqual(Container.ShowTitle,Container.FolderName)</visible>
					</control>
					
					
					
					
					
					
					<control type="label">
						<include>WindowTitleCommons</include>
						<label>[COLOR=blue] - [/COLOR]$INFO[Control.GetLabel(2)]</label>
						<visible>$PARAM[ShowLabel2] + !Window.IsVisible(SkinSettings)</visible>
					</control>
					<control type="label">
						<include>WindowTitleCommons</include>
						<label>[COLOR=blue] - [/COLOR]$LOCALIZE[20077]</label>
						<visible>$PARAM[ShowLabel2] + Window.IsVisible(SkinSettings)</visible>
					</control>
					
				</control>
				<include>Clock</include>
			</control>
		</definition>
	</include>
	<include name="BackgroundDimensions">
		<width>1280</width>
		<height>720</height>
		<animation effect="zoom" center="auto" end="101,101" time="0" condition="Integer.IsGreater(System.StereoscopicMode,0)">conditional</animation>
	</include>
	<include name="MusicInfoArtistInfo">
		<item>
			<label>$LOCALIZE[21893]:</label>
			<label2>$INFO[ListItem.Property(Artist_Born)]</label2>
			<onclick>noop</onclick>
			<visible>!String.IsEmpty(ListItem.Property(Artist_Born))</visible>
		</item>
		<item>
			<label>$LOCALIZE[21894]:</label>
			<label2>$INFO[ListItem.Property(Artist_Formed)]</label2>
			<onclick>noop</onclick>
			<visible>!String.IsEmpty(ListItem.Property(Artist_Formed))</visible>
		</item>
		<item>
			<label>$LOCALIZE[515]:</label>
			<label2>$INFO[ListItem.Genre]</label2>
			<onclick>noop</onclick>
			<visible>!String.IsEmpty(ListItem.Genre)</visible>
		</item>
		<item>
			<label>$LOCALIZE[175]:</label>
			<label2>$INFO[ListItem.Property(Artist_Mood)]</label2>
			<onclick>noop</onclick>
			<visible>!String.IsEmpty(ListItem.Property(Artist_Mood))</visible>
		</item>
		<item>
			<label>$LOCALIZE[176]:</label>
			<label2>$INFO[ListItem.Property(Artist_Style)]</label2>
			<onclick>noop</onclick>
			<visible>!String.IsEmpty(ListItem.Property(Artist_Style))</visible>
		</item>
		<item>
			<label>$LOCALIZE[21892]:</label>
			<label2>$INFO[ListItem.Property(Artist_Instrument)]</label2>
			<onclick>noop</onclick>
			<visible>!String.IsEmpty(ListItem.Property(Artist_Instrument))</visible>
		</item>
		<item>
			<label>$LOCALIZE[21897]:</label>
			<label2>$INFO[ListItem.Property(Artist_Died)]</label2>
			<onclick>noop</onclick>
			<visible>!String.IsEmpty(ListItem.Property(Artist_Died))</visible>
		</item>
		<item>
			<label>$LOCALIZE[21896]:</label>
			<label2>$INFO[ListItem.Property(Artist_Disbanded)]</label2>
			<onclick>noop</onclick>
			<visible>!String.IsEmpty(ListItem.Property(Artist_Disbanded))</visible>
		</item>
		<item>
			<label>$LOCALIZE[21898]:</label>
			<label2>$INFO[ListItem.Property(Artist_YearsActive)]</label2>
			<onclick>noop</onclick>
			<visible>!String.IsEmpty(ListItem.Property(Artist_YearsActive))</visible>
		</item>
	</include>
	<include name="MusicInfoAlbumInfo">
		<item>
			<label>$LOCALIZE[557]:</label>
			<label2>$INFO[ListItem.Artist]</label2>
			<onclick>noop</onclick>
			<visible>!String.IsEmpty(ListItem.Artist)</visible>
		</item>
		<item>
			<label>$LOCALIZE[515]:</label>
			<label2>$INFO[ListItem.Genre]</label2>
			<onclick>noop</onclick>
			<visible>!String.IsEmpty(ListItem.Genre)</visible>
		</item>
		<item>
			<label>$LOCALIZE[563]:</label>
			<label2>$INFO[ListItem.RatingAndVotes]</label2>
			<onclick>noop</onclick>
			<visible>!String.IsEmpty(ListItem.RatingAndVotes)</visible>
		</item>
		<item>
			<label>$LOCALIZE[38018]:</label>
			<label2>$INFO[ListItem.Userrating]</label2>
			<onclick>noop</onclick>
			<visible>!String.IsEmpty(ListItem.Userrating)</visible>
		</item>
		<item>
			<label>$LOCALIZE[175]:</label>
			<label2>$INFO[ListItem.Property(Album_Mood)]</label2>
			<onclick>noop</onclick>
			<visible>!String.IsEmpty(ListItem.Property(Album_Mood))</visible>
		</item>
		<item>
			<label>$LOCALIZE[176]:</label>
			<label2>$INFO[ListItem.Property(Album_Style)]</label2>
			<onclick>noop</onclick>
			<visible>!String.IsEmpty(ListItem.Property(Album_Style))</visible>
		</item>
		<item>
			<label>$LOCALIZE[21895]:</label>
			<label2>$INFO[ListItem.Property(Album_Theme)]</label2>
			<onclick>noop</onclick>
			<visible>!String.IsEmpty(ListItem.Property(Album_Theme))</visible>
		</item>
		<item>
			<label>146</label>
			<label2>$INFO[ListItem.Property(Album_Type)]</label2>
			<onclick>noop</onclick>
			<visible>!String.IsEmpty(ListItem.Property(Album_Type))</visible>
		</item>
		<item>
			<label>$LOCALIZE[21899]:</label>
			<label2>$INFO[ListItem.Property(Album_Label)]</label2>
			<onclick>noop</onclick>
			<visible>!String.IsEmpty(ListItem.Property(Album_Label))</visible>
		</item>
		<item>
			<label>$LOCALIZE[562]:</label>
			<label2>$INFO[ListItem.Year]</label2>
			<onclick>noop</onclick>
			<visible>!String.IsEmpty(ListItem.Year)</visible>
		</item>
	</include>
	<include name="MusicInfoSongInfo">
		<item>
			<label>$LOCALIZE[557]:</label>
			<label2>$INFO[ListItem.Artist]</label2>
			<onclick>noop</onclick>
			<visible>!String.IsEmpty(ListItem.Artist)</visible>
		</item>
		<item>
			<label>$LOCALIZE[558]:</label>
			<label2>$INFO[ListItem.Album]$INFO[ListItem.discnumber, - $LOCALIZE[427] ]</label2>
			<onclick>noop</onclick>
			<visible>!String.IsEmpty(ListItem.Album)</visible>
		</item>
		<item>
			<label>$LOCALIZE[515]:</label>
			<label2>$INFO[ListItem.Genre]</label2>
			<onclick>noop</onclick>
			<visible>!String.IsEmpty(ListItem.Genre)</visible>
		</item>
		<item>
			<label>$LOCALIZE[175]:</label>
			<label2>$INFO[ListItem.Mood]</label2>
			<onclick>noop</onclick>
			<visible>!String.IsEmpty(ListItem.Mood)</visible>
		</item>
		<item>
			<label>$LOCALIZE[562]:</label>
			<label2>$INFO[ListItem.Year]</label2>
			<onclick>noop</onclick>
			<visible>!String.IsEmpty(ListItem.Year)</visible>
		</item>
		<item>
			<label>$LOCALIZE[554]:</label>
			<label2>$INFO[ListItem.TrackNumber]</label2>
			<onclick>noop</onclick>
			<visible>!String.IsEmpty(ListItem.TrackNumber)</visible>
		</item>
		<item>
			<label>$LOCALIZE[563]:</label>
			<label2>$INFO[ListItem.RatingAndVotes]</label2>
			<onclick>noop</onclick>
			<visible>!String.IsEmpty(ListItem.RatingAndVotes)</visible>
		</item>
		<item>
			<label>$LOCALIZE[38018]:</label>
			<label2>$INFO[ListItem.Userrating]</label2>
			<onclick>noop</onclick>
			<visible>!String.IsEmpty(ListItem.Userrating)</visible>
		</item>
		<item>
			<label>$LOCALIZE[29903]:</label>
			<label2>$INFO[ListItem.Property(Role.Composer)]</label2>
			<onclick>noop</onclick>
			<visible>!String.IsEmpty(ListItem.Property(Role.Composer))</visible>
		</item>
		<item>
			<label>$LOCALIZE[29905]:</label>
			<label2>$INFO[ListItem.Property(Role.Conductor)]</label2>
			<onclick>noop</onclick>
			<visible>!String.IsEmpty(ListItem.Property(Role.Conductor))</visible>
		</item>
		<item>
			<label>$LOCALIZE[38034]:</label>
			<label2>$INFO[ListItem.Property(Role.Orchestra)]</label2>
			<onclick>noop</onclick>
			<visible>!String.IsEmpty(ListItem.Property(Role.Orchestra))</visible>
		</item>
		<item>
			<label>$LOCALIZE[38035]:</label>
			<label2>$INFO[ListItem.Property(Role.Lyricist)]</label2>
			<onclick>noop</onclick>
			<visible>!String.IsEmpty(ListItem.Property(Role.Lyricist))</visible>
		</item>
		<item>
			<label>$LOCALIZE[38036]:</label>
			<label2>$INFO[ListItem.Property(Role.Remixer)]</label2>
			<onclick>noop</onclick>
			<visible>!String.IsEmpty(ListItem.Property(Role.Remixer))</visible>
		</item>
		<item>
			<label>$LOCALIZE[38037]:</label>
			<label2>$INFO[ListItem.Property(Role.Arranger)]</label2>
			<onclick>noop</onclick>
			<visible>!String.IsEmpty(ListItem.Property(Role.Arranger))</visible>
		</item>
		<item>
			<label>$LOCALIZE[38038]:</label>
			<label2>$INFO[ListItem.Property(Role.Engineer)]</label2>
			<onclick>noop</onclick>
			<visible>!String.IsEmpty(ListItem.Property(Role.Engineer))</visible>
		</item>
		<item>
			<label>$LOCALIZE[38039]:</label>
			<label2>$INFO[ListItem.Property(Role.Producer)]</label2>
			<onclick>noop</onclick>
			<visible>!String.IsEmpty(ListItem.Property(Role.Producer))</visible>
		</item>
		<item>
			<label>$LOCALIZE[38040]:</label>
			<label2>$INFO[ListItem.Property(Role.DJMixer)]</label2>
			<onclick>noop</onclick>
			<visible>!String.IsEmpty(ListItem.Property(Role.DJMixer))</visible>
		</item>
		<item>
			<label>$LOCALIZE[38041]:</label>
			<label2>$INFO[ListItem.Property(Role.Mixer)]</label2>
			<onclick>noop</onclick>
			<visible>!String.IsEmpty(ListItem.Property(Role.Mixer))</visible>
		</item>
	</include>
	
	
	
	
	
	
	<!-- EXTEND WITH CUSTOM VARIABLES -->
	<include file="_variables.xml" />
	
	<!-- EXTEND WITH CUSTOM INCLUDES -->
	<include file="_includes.xml" />
	
	
	
</includes>
