<?xml version="1.0" encoding="UTF-8"?>
<window type="dialog" id="1190">
		
	<defaultcontrol always="true">11901</defaultcontrol>
	
	<coordinates>
		<left>0</left>
		<top>0</top>
	</coordinates>
	<!--
	<onload>Notification(PostMovieDialog,!,5000)</onload>
	-->
	
	<onunload condition="String.IsEqual(Skin.String(ExperimentalPostMovieInfoDialogType),2)">ClearProperty(PlayerArtPosterTemp,home)</onunload>
	<onunload condition="String.IsEqual(Skin.String(ExperimentalPostMovieInfoDialogType),2)">ClearProperty(ExperimentalPostMovieDialogOpensNow,home)</onunload>
	<!--
	<onunload condition="String.IsEqual(Skin.String(ExperimentalPostMovieInfoDialogType),2)">Notification(Debug,Clear: PostMovieInfoDialogOpensNow + PlayerArtPosterTemp,1500)</onunload>
	-->
	
	<controls>
	
		<control type="button" id="11901">
			<left>0</left>
			<top>0</top>
			<width>1280</width>
			<height>720</height>
			<texturenofocus></texturenofocus>
			<texturefocus></texturefocus>
			<hitrect x="0" y="0" w="1280" h="720" />
			<onclick>noop</onclick>
		</control>
		
		<control type="group">
			<control type="image">
				<left>0</left>
				<top>0</top>
				<width>1280</width>
				<height>720</height>
				<texture>_added_img/100x100_black.png</texture>
			</control>
			<animation effect="fade" end="0" time="500" delay="0">WindowClose</animation>
			<visible>String.IsEqual(Skin.String(ExperimentalPostMovieInfoDialogType),2)</visible>
		</control>
		
		<control type="group">
			<control type="group">
				<control type="image">
					<left>0</left>
					<top>0</top>
					<width>1280</width>
					<height>720</height>
					<texture background="true">$VAR[CinemaPostMovieCinemaScreenImage]</texture>
					<animation type="conditional" condition="true" reversible="true" pulse="true">
						<effect type="zoom" start="0,0,1280,720" end="-80,0,1440,730" time="35000" tween="sine" easing="inout" />
					</animation>
					<animation effect="fade" start="90" end="100" time="7500" pulse="true" reversible="true" condition="true" tween="linear">conditional</animation>
				</control>
			</control>
			<animation effect="fade" start="0" end="100" time="10000" delay="15000">WindowOpen</animation>
			<animation effect="fade" end="0" time="500" delay="0">WindowClose</animation>
			<visible>String.IsEqual(Skin.String(ExperimentalPostMovieInfoDialogType),2)</visible>
		</control>
		
		<control type="group">
			<control type="textbox" id="2000">
				<left>215</left>
				<top>0</top>
				<width>836</width>
				<height>700</height>
				<font>LightUltraLarge</font>
				<textcolor>grey</textcolor>
				<align>center</align>
				<aligny>center</aligny>
				<label>$INFO[Skin.String(ExperimentalPostMovieInfoDialogCinemaScreenText)]</label>
			</control>
			<animation effect="fade" start="0" end="92" time="10000" delay="25000">WindowOpen</animation>
			<animation effect="fade" end="0" time="500" delay="0">WindowClose</animation>
			<visible>Window.IsActive(1190) + String.IsEqual(Skin.String(ExperimentalPostMovieInfoDialogType),2) + Skin.HasSetting(ExperimentalPostMovieInfoDialogCinemaScreenEnable) + !String.IsEmpty(Skin.String(ExperimentalPostMovieInfoDialogCinemaScreenText))</visible>
		</control>
		<!--
		<control type="textbox" id="2000">
		<left>30</left>
		<top>86</top>
		<width>1200</width>
		<height>634</height>
		<pagecontrol>3000</pagecontrol>
		<font>Mono14</font>
		<label>Window(home).Property(PostMovieDBID) $INFO[Window(home).Property(PostMovieDBID)]</label>
		<visible>!String.IsEmpty(Window(home).Property(PostMovieDBID))</visible>
		</control>
		<control type="button" id="11901">
			<description>Fake button for mouse control</description>
			<left>0</left>
			<top>0</top>
			<width>1280</width>
			<height>720</height>
			<texturenofocus></texturenofocus>
			<texturefocus></texturefocus>
			<onleft>SetFocus(11902)</onleft>
			<onup>SetFocus(11902)</onup>
			<onright>SetFocus(11902)</onright>
			<ondown>SetFocus(11902)</ondown>
			<onclick>SetFocus(11902)</onclick>
		</control>
		
		<control type="button" id="11902">
			<left>0</left>
			<top>0</top>
			<width>1280</width>
			<height>720</height>
			<texturefocus>kodi-logo.png</texturefocus>
			<texturenofocus></texturenofocus>
			<onfocus>SetFocus(11901)</onfocus>
			<onfocus>Dialog.Close(1190,true)</onfocus>
			
			<onclick>SetFocus(11901)</onclick>
			<onclick>Dialog.Close(1190,true)</onclick>
			
			<hitrect x="0" y="0" w="1280" h="720" />
		</control>
		-->
		
		<control type="list" id="43260">
			<left>0</left>
			<top>0</top>
			<width>1</width>
			<height>1</height>
			<itemlayout/>
			<focusedlayout/>
			<content>$VAR[CinemaPostMovieContentUrl]</content>
			<!--
			<visible>String.IsEqual(Skin.String(ExperimentalPostMovieInfoDialogType),1)</visible>
			-->
		</control>
	
	</controls>
</window>
