<?xml version="1.0" encoding="UTF-8"?>
<window>
	<coordinates>
		<left>0</left>
		<top>0</top>
	</coordinates>
	<depth>DepthDialog</depth>
	<controls>
		<control type="group" id="100">
			<include>VisibleFadeEffect</include>
			<!-- control type="image">
				<left>0</left>
				<top>0</top>
				<width>1280</width>
				<height>720</height>
				<texture background="true">$INFO[Container(111).ListItem.Property(Fanart_Image)]</texture>
				<aspectratio>scale</aspectratio>
				<fadetime>200</fadetime>
				<animation effect="fade" time="200">Visible</animation>
				<animation effect="fade" time="200">Hidden</animation>
				<visible>Control.HasFocus(111)</visible>
			</control>
			<control type="image">
				<left>0</left>
				<top>0</top>
				<width>1280</width>
				<height>720</height>
				<texture background="true">$INFO[Container(121).ListItem.Property(Fanart_Image)]</texture>
				<aspectratio>scale</aspectratio>
				<fadetime>200</fadetime>
				<animation effect="fade" time="200">Visible</animation>
				<animation effect="fade" time="200">Hidden</animation>
				<visible>Control.HasFocus(121)</visible>
			</control>
			<control type="image">
				<left>0</left>
				<top>0</top>
				<width>1280</width>
				<height>720</height>
				<texture background="true">$INFO[Container(131).ListItem.Property(Fanart_Image)]</texture>
				<aspectratio>scale</aspectratio>
				<fadetime>200</fadetime>
				<animation effect="fade" time="200">Visible</animation>
				<animation effect="fade" time="200">Hidden</animation>
				<visible>Control.HasFocus(131)</visible>
			</control>
			<control type="image">
				<left>0</left>
				<top>0</top>
				<width>1280</width>
				<height>720</height>
				<texture background="true">$INFO[Container(141).ListItem.Property(Fanart_Image)]</texture>
				<aspectratio>scale</aspectratio>
				<fadetime>200</fadetime>
				<animation effect="fade" time="200">Visible</animation>
				<animation effect="fade" time="200">Hidden</animation>
				<visible>Control.HasFocus(141)</visible>
			</control>
			<control type="image">
				<left>0</left>
				<top>0</top>
				<width>1280</width>
				<height>720</height>
				<texture background="true">$INFO[Container(151).ListItem.Property(Fanart_Image)]</texture>
				<aspectratio>scale</aspectratio>
				<fadetime>200</fadetime>
				<animation effect="fade" time="200">Visible</animation>
				<animation effect="fade" time="200">Hidden</animation>
				<visible>Control.HasFocus(151)</visible>
			</control>
			<control type="image">
				<left>0</left>
				<top>0</top>
				<width>1280</width>
				<height>720</height>
				<texture background="true">$INFO[Container(161).ListItem.Property(Fanart_Image)]</texture>
				<aspectratio>scale</aspectratio>
				<fadetime>200</fadetime>
				<animation effect="fade" time="200">Visible</animation>
				<animation effect="fade" time="200">Hidden</animation>
				<visible>Control.HasFocus(161)</visible>
			</control>
			<control type="image">
				<left>0</left>
				<top>0</top>
				<width>1280</width>
				<height>720</height>
				<texture background="true">$INFO[Container(171).ListItem.Property(Fanart_Image)]</texture>
				<aspectratio>scale</aspectratio>
				<fadetime>200</fadetime>
				<animation effect="fade" time="200">Visible</animation>
				<animation effect="fade" time="200">Hidden</animation>
				<visible>Control.HasFocus(171)</visible>
			</control>
			<control type="image">
				<left>0</left>
				<top>0</top>
				<width>1280</width>
				<height>720</height>
				<texture background="true">$INFO[Container(181).ListItem.Property(Fanart_Image)]</texture>
				<aspectratio>scale</aspectratio>
				<fadetime>200</fadetime>
				<animation effect="fade" time="200">Visible</animation>
				<animation effect="fade" time="200">Hidden</animation>
				<visible>Control.HasFocus(181)</visible>
			</control -->
			<control type="image">
				<left>0</left>
				<top>0</top>
				<width>1280</width>
				<height>720</height>
				<texture>black-back.png</texture>
				<animation effect="fade" time="300">WindowOpen</animation>
				<animation effect="fade" time="150">WindowClose</animation>
			</control>
			<control type="group">
				<left>90</left>
				<top>30</top>
				<animation type="WindowOpen" reversible="false">
					<effect type="zoom" start="80" end="100" center="640,360" easing="out" tween="back" time="225" />
					<effect type="fade" start="0" end="100" time="225" />
				</animation>
				<animation type="WindowClose" reversible="false">
					<effect type="zoom" start="100" end="80" center="640,360" easing="in" tween="back" time="225" />
					<effect type="fade" start="100" end="0" time="225" />
				</animation>
				<control type="image">
					<left>5</left>
					<top>5</top>
					<width>1090</width>
					<height>630</height>
					<texture border="15">ContentPanel.png</texture>
				</control>
				<control type="image">
					<left>5</left>
					<top>5</top>
					<width>1090</width>
					<height>630</height>
					<texture border="15">ContentPanel.png</texture>
				</control>
				<control type="button">
					<description>Close Window button</description>
					<left>980</left>
					<top>11</top>
					<width>64</width>
					<height>32</height>
					<label>-</label>
					<font>-</font>
					<onclick>PreviousMenu</onclick>
					<texturefocus>DialogCloseButton-focus.png</texturefocus>
					<texturenofocus>DialogCloseButton.png</texturenofocus>
					<onleft>1</onleft>
					<onright>1</onright>
					<onup>1</onup>
					<ondown>1</ondown>
					<visible>system.getbool(input.enablemouse)</visible>
				</control>
				<!--
				<control type="image">
					<description>LOGO</description>
					<left>30</left>
					<top>10</top>
					<width>220</width>
					<height>80</height>
					<aspectratio>keep</aspectratio>
					<texture>Confluence_Logo.png</texture>
				</control>
				-->
				<control type="list" id="9000">
					<left>10</left>
					<top>80</top>
					<width>260</width>
					<height>540</height>
					<onleft>9010</onleft>
					<onright>101</onright>
					<onup>9000</onup>
					<ondown>9000</ondown>
					<pagecontrol>-</pagecontrol>
					<scrolltime>300</scrolltime>
					<itemlayout height="60" width="260">
						<control type="image">
							<left>0</left>
							<top>0</top>
							<width>260</width>
							<height>61</height>
							<texture border="5">MenuItemNF.png</texture>
						</control>
						<control type="label">
							<left>10</left>
							<top>4</top>
							<width>240</width>
							<height>25</height>
							<font>font24_title</font>
							<textcolor>grey3</textcolor>
							<align>right</align>
							<aligny>center</aligny>
							<label>$INFO[ListItem.Label]</label>
						</control>
						<control type="label">
							<left>10</left>
							<top>32</top>
							<width>240</width>
							<height>20</height>
							<font>font13</font>
							<textcolor>grey2</textcolor>
							<align>right</align>
							<aligny>center</aligny>
							<label>$INFO[ListItem.Label2]</label>
						</control>
					</itemlayout>
					<focusedlayout height="60" width="260">
						<control type="image">
							<left>0</left>
							<top>0</top>
							<width>260</width>
							<height>61</height>
							<texture border="5">MenuItemFO.png</texture>
							<animation effect="fade" start="100" end="50" time="75" condition="!Control.HasFocus(9000)">Conditional</animation>
						</control>
						<control type="label">
							<left>10</left>
							<top>4</top>
							<width>240</width>
							<height>25</height>
							<font>font24_title</font>
							<textcolor>white</textcolor>
							<align>right</align>
							<aligny>center</aligny>
							<label>$INFO[ListItem.Label]</label>
						</control>
						<control type="label">
							<left>10</left>
							<top>32</top>
							<width>240</width>
							<height>20</height>
							<font>font13</font>
							<textcolor>grey2</textcolor>
							<align>right</align>
							<aligny>center</aligny>
							<label>$INFO[ListItem.Label2]</label>
						</control>
					</focusedlayout>
					<content>
						<item id="1">
							<label>$LOCALIZE[19069]</label>
							<label2>$LOCALIZE[31206] $INFO[Control.GetLabel(220)] $LOCALIZE[31025]</label2>
							<onclick>noop</onclick>
							<visible>Control.IsVisible(229)</visible>
						</item>
						<item id="2">
							<label>$LOCALIZE[342]</label>
							<label2>$LOCALIZE[31206] $INFO[Control.GetLabel(110)] $LOCALIZE[31025]</label2>
							<onclick>noop</onclick>
							<visible>Control.IsVisible(119)</visible>
						</item>
						<item id="3">
							<label>$LOCALIZE[344]</label>
							<label2>$LOCALIZE[31206] $INFO[Control.GetLabel(210)] $LOCALIZE[31025]</label2>
							<onclick>noop</onclick>
							<visible>Control.IsVisible(219)</visible>
						</item>
						<item id="4">
							<label>$LOCALIZE[20343]</label>
							<label2>$LOCALIZE[31206] $INFO[Control.GetLabel(120)] $LOCALIZE[31025]</label2>
							<onclick>noop</onclick>
							<visible>Control.IsVisible(129)</visible>
						</item>
						<item id="5">
							<label>$LOCALIZE[33054]</label>
							<label2>$LOCALIZE[31206] $INFO[Control.GetLabel(130)] $LOCALIZE[31025]</label2>
							<onclick>noop</onclick>
							<visible>Control.IsVisible(139)</visible>
						</item>
						<item id="6">
							<label>$LOCALIZE[20360]</label>
							<label2>$LOCALIZE[31206] $INFO[Control.GetLabel(140)] $LOCALIZE[31025]</label2>
							<onclick>noop</onclick>
							<visible>Control.IsVisible(149)</visible>
						</item>
						<item id="7">
							<label>$LOCALIZE[20389]</label>
							<label2>$LOCALIZE[31206] $INFO[Control.GetLabel(150)] $LOCALIZE[31025]</label2>
							<onclick>noop</onclick>
							<visible>Control.IsVisible(159)</visible>
						</item>
						<item id="8">
							<label>$LOCALIZE[133]</label>
							<label2>$LOCALIZE[31206] $INFO[Control.GetLabel(160)] $LOCALIZE[31025]</label2>
							<onclick>noop</onclick>
							<visible>Control.IsVisible(169)</visible>
						</item>
						<item id="9">
							<label>$LOCALIZE[132]</label>
							<label2>$LOCALIZE[31206] $INFO[Control.GetLabel(170)] $LOCALIZE[31025]</label2>
							<onclick>noop</onclick>
							<visible>Control.IsVisible(179)</visible>
						</item>
						<item id="10">
							<label>$LOCALIZE[134]</label>
							<label2>$LOCALIZE[31206] $INFO[Control.GetLabel(180)] $LOCALIZE[31025]</label2>
							<onclick>noop</onclick>
							<visible>Control.IsVisible(189)</visible>
						</item>
						<item id="11">
							<label>$LOCALIZE[20348]</label>
							<label2>$LOCALIZE[31206] $INFO[Control.GetLabel(230)] $LOCALIZE[31025]</label2>
							<onclick>noop</onclick>
							<visible>Control.IsVisible(239)</visible>
						</item>
						<item id="12">
							<label>[COLOR=blue]$INFO[Control.GetLabel(198)][/COLOR]</label>
							<label2>$LOCALIZE[31207]</label2>
							<onclick>Control.Setfocus(9000,0)</onclick>
							<onclick>SendClick(198)</onclick>
							<visible>Control.IsVisible(198)</visible>
						</item>
					</content>
				</control>
				<control type="image">
					<left>268</left>
					<top>10</top>
					<width>790</width>
					<height>618</height>
					<texture border="5">black-back2.png</texture>
				</control>
				<control type="image">
					<left>268</left>
					<top>10</top>
					<width>804</width>
					<height>52</height>
					<texture>dialogheader.png</texture>
				</control>
				<control type="label">
					<description>header label Finished Searching</description>
					<left>300</left>
					<top>20</top>
					<width>740</width>
					<height>30</height>
					<font>font16</font>
					<label>$INFO[Container(9000).ListItem.Label]</label>
					<align>center</align>
					<aligny>center</aligny>
					<textcolor>white</textcolor>
					<shadowcolor>black</shadowcolor>
					<visible>Control.IsVisible(198)</visible>
				</control>
				<control type="label">
					<description>header Label Still Searching</description>
					<left>300</left>
					<top>20</top>
					<width>740</width>
					<height>30</height>
					<font>font16</font>
					<label>$INFO[Control.GetLabel(190)] $INFO[Control.GetLabel(191)]</label>
					<align>center</align>
					<aligny>center</aligny>
					<textcolor>blue</textcolor>
					<shadowcolor>black</shadowcolor>
					<visible>!Control.IsVisible(198)</visible>
				</control>
				<control type="label" id="190">
					<!-- Hide this Control off the screen because we use the label above instead -->
					<left>2000</left>
					<top>2000</top>
					<width>100</width>
					<height>0</height>
					<label>-</label>
					<font>-</font>
					<textcolor>-</textcolor>
				</control>
				<control type="label" id="191">
					<!-- Hide this Control off the screen because we use the label above instead -->
					<left>2000</left>
					<top>2000</top>
					<width>100</width>
					<height>0</height>
					<label>-</label>
					<font>-</font>
				</control>
				<control type="label" id="199">
					<left>40</left>
					<top>358</top>
					<width>1200</width>
					<height>20</height>
					<label>[B]$LOCALIZE[284][/B]</label>
					<font>font13</font>
					<textcolor>white</textcolor>
					<align>center</align>
					<aligny>center</aligny>
				</control>
			</control>
			<control type="group">
				<animation type="WindowOpen" reversible="false">
					<effect type="zoom" start="80" end="100" center="640,360" easing="out" tween="back" time="225" />
					<effect type="fade" start="0" end="100" time="225" />
				</animation>
				<animation type="WindowClose" reversible="false">
					<effect type="zoom" start="100" end="80" center="640,360" easing="in" tween="back" time="225" />
					<effect type="fade" start="100" end="0" time="225" />
				</animation>
				<left>380</left>
				<top>90</top>
				<control type="button" id="198">
					<!-- Hide this button  off the screen because we use the list above to pass to it instead -->
					<left>2000</left>
					<top>2000</top>
					<width>10</width>
					<height>10</height>
					<label>-</label>
					<font>font10</font>
					<textcolor>white</textcolor>
					<align>center</align>
					<aligny>center</aligny>
					<texturefocus border="5">button-focus.png</texturefocus>
					<texturenofocus border="5">button-nofocus.png</texturenofocus>
					<onup>101</onup>
					<ondown>101</ondown>
					<onleft>101</onleft>
					<onright>101</onright>
				</control>
				<control type="group" id="101">
					<top>4</top>
					<control type="group" id="229">
						<left>0</left>
						<top>0</top>
						<width>750</width>
						<height>530</height>
						<control type="label" id="220">
							<!-- Hide this Control off the screen because we use the list above to pass to it instead -->
							<left>2000</left>
							<top>2000</top>
							<width>100</width>
							<height>0</height>
							<label>-</label>
							<font>-</font>
							<textcolor>-</textcolor>
						</control>
						<control type="panel" id="221">
							<visible>Container(9000).HasFocus(1)</visible>
							<include>VisibleFadeEffect</include>
							<left>0</left>
							<top>0</top>
							<width>750</width>
							<height>530</height>
							<onleft>9000</onleft>
							<onright>228</onright>
							<onup>221</onup>
							<ondown>221</ondown>
							<viewtype label="535">list</viewtype>
							<preloaditems>2</preloaditems>
							<pagecontrol>228</pagecontrol>
							<itemlayout width="750" height="106">
								<control type="image">
									<left>0</left>
									<top>0</top>
									<width>750</width>
									<height>101</height>
									<texture border="5">button-nofocus.png</texture>
								</control>
								<control type="image">
									<left>5</left>
									<top>5</top>
									<width>100</width>
									<height>90</height>
									<aspectratio>keep</aspectratio>
									<texture background="true">$INFO[ListItem.Icon]</texture>
								</control>
								<control type="label">
									<left>110</left>
									<top>10</top>
									<width>630</width>
									<height>15</height>
									<label>[B]$INFO[ListItem.Label][/B]</label>
									<font>font12</font>
									<textcolor>white</textcolor>
									<aligny>center</aligny>
								</control>
								<control type="label">
									<left>110</left>
									<top>30</top>
									<width>630</width>
									<height>15</height>
									<label>$INFO[ListItem.Property(ChannelNumber),,. ]$INFO[ListItem.Property(ChannelName)]</label>
									<font>font12</font>
									<textcolor>grey2</textcolor>
									<aligny>center</aligny>
								</control>
								<control type="textbox">
									<left>110</left>
									<top>48</top>
									<width>630</width>
									<height>50</height>
									<label>$INFO[ListItem.Property(Plot)]</label>
									<font>font10</font>
									<textcolor>white</textcolor>
								</control>
							</itemlayout>
							<focusedlayout width="400" height="110">
								<control type="image">
									<left>0</left>
									<top>0</top>
									<width>750</width>
									<height>101</height>
									<texture border="5">button-focus2.png</texture>
								</control>
								<control type="image">
									<left>5</left>
									<top>5</top>
									<width>100</width>
									<height>90</height>
									<aspectratio>keep</aspectratio>
									<texture background="true">$INFO[ListItem.Icon]</texture>
								</control>
								<control type="label">
									<left>110</left>
									<top>10</top>
									<width>630</width>
									<height>15</height>
									<label>[B]$INFO[ListItem.Label][/B]</label>
									<font>font12</font>
									<textcolor>white</textcolor>
									<aligny>center</aligny>
								</control>
								<control type="label">
									<left>110</left>
									<top>30</top>
									<width>630</width>
									<height>15</height>
									<label>$INFO[ListItem.Property(ChannelNumber),,. ]$INFO[ListItem.Property(ChannelName)]</label>
									<font>font12</font>
									<textcolor>grey2</textcolor>
									<aligny>center</aligny>
								</control>
								<control type="textbox">
									<left>110</left>
									<top>48</top>
									<width>630</width>
									<height>50</height>
									<label>$INFO[ListItem.Property(Plot)]</label>
									<font>font10</font>
									<textcolor>white</textcolor>
								</control>
							</focusedlayout>
						</control>
						<control type="scrollbar" id="228">
							<left>770</left>
							<top>0</top>
							<width>25</width>
							<height>530</height>
							<texturesliderbackground border="0,14,0,14">ScrollBarV.png</texturesliderbackground>
							<texturesliderbar border="0,14,0,14">ScrollBarV_bar.png</texturesliderbar>
							<texturesliderbarfocus border="0,14,0,14">ScrollBarV_bar_focus.png</texturesliderbarfocus>
							<textureslidernib>ScrollBarNib.png</textureslidernib>
							<textureslidernibfocus>ScrollBarNib.png</textureslidernibfocus>
							<onleft>221</onleft>
							<onright>9000</onright>
							<showonepage>false</showonepage>
							<orientation>vertical</orientation>
							<visible>Container(9000).HasFocus(1)</visible>
						</control>
						<control type="label">
							<description>number of files/pages in list text label</description>
							<left>250</left>
							<top>530</top>
							<width>500</width>
							<height>35</height>
							<font>font12</font>
							<align>right</align>
							<aligny>center</aligny>
							<scroll>true</scroll>
							<textcolor>grey</textcolor>
							<label>([COLOR=blue]$INFO[Container(221).NumItems][/COLOR]) $LOCALIZE[31025] - $LOCALIZE[31024] ([COLOR=blue]$INFO[Container(221).CurrentPage]/$INFO[Container(221).NumPages][/COLOR])</label>
							<visible>Container(9000).HasFocus(1)</visible>
						</control>
					</control>
					<control type="group" id="119">
						<left>0</left>
						<top>0</top>
						<width>750</width>
						<height>530</height>
						<control type="label" id="110">
							<!-- Hide this Control off the screen because we use the list above to pass to it instead -->
							<left>2000</left>
							<top>2000</top>
							<width>100</width>
							<height>0</height>
							<label>-</label>
							<font>-</font>
							<textcolor>-</textcolor>
						</control>
						<control type="panel" id="111">
							<visible>Container(9000).HasFocus(2)</visible>
							<include>VisibleFadeEffect</include>
							<left>0</left>
							<top>0</top>
							<width>750</width>
							<height>530</height>
							<onleft>9000</onleft>
							<onright>118</onright>
							<onup>111</onup>
							<ondown>111</ondown>
							<viewtype label="535">panel</viewtype>
							<preloaditems>2</preloaditems>
							<pagecontrol>118</pagecontrol>
							<itemlayout width="375" height="130">
								<control type="image">
									<left>0</left>
									<top>0</top>
									<width>370</width>
									<height>125</height>
									<texture border="5">button-nofocus.png</texture>
								</control>
								<control type="image">
									<left>5</left>
									<top>5</top>
									<width>80</width>
									<height>115</height>
									<texture background="true">$INFO[ListItem.Icon]</texture>
									<aspectratio>keep</aspectratio>
								</control>
								<control type="image">
									<left>50</left>
									<top>70</top>
									<width>30</width>
									<height>30</height>
									<texture>OverlayWatched.png</texture>
									<visible>Integer.IsGreater(ListItem.Property(PlayCount),0)</visible>
								</control>
								<control type="label">
									<left>100</left>
									<top>10</top>
									<width>265</width>
									<height>12</height>
									<label>[B]$INFO[ListItem.Label][/B]</label>
									<font>font12</font>
									<textcolor>white</textcolor>
									<aligny>center</aligny>
								</control>
								<control type="label">
									<left>100</left>
									<top>30</top>
									<width>265</width>
									<height>15</height>
									<label>$INFO[ListItem.Property(Year),, - ]$INFO[ListItem.Property(Duration),, $LOCALIZE[12391]]</label>
									<font>font12</font>
									<textcolor>grey2</textcolor>
									<aligny>center</aligny>
									<visible>!String.Contains(ListItem.Property(Duration),min)</visible>
								</control>
								<control type="label">
									<left>100</left>
									<top>30</top>
									<width>265</width>
									<height>15</height>
									<label>$INFO[ListItem.Property(Year),, - ]$INFO[ListItem.Property(Duration)]</label>
									<font>font12</font>
									<textcolor>grey2</textcolor>
									<aligny>center</aligny>
									<visible>String.Contains(ListItem.Property(Duration),min)</visible>
								</control>
								<control type="textbox">
									<left>100</left>
									<top>47</top>
									<width>265</width>
									<height>73</height>
									<label>$INFO[ListItem.Property(Tagline)]</label>
									<font>font10</font>
									<textcolor>white</textcolor>
								</control>
								<control type="textbox">
									<left>100</left>
									<top>47</top>
									<width>265</width>
									<height>73</height>
									<label>$INFO[ListItem.Property(PlotOutline)]</label>
									<font>font10</font>
									<textcolor>white</textcolor>
									<visible>String.IsEmpty(ListItem.Property(TagLine))</visible>
								</control>
								<control type="textbox">
									<left>100</left>
									<top>47</top>
									<width>265</width>
									<height>73</height>
									<label>$INFO[ListItem.Property(Plot)]</label>
									<font>font10</font>
									<textcolor>white</textcolor>
									<visible>String.IsEmpty(ListItem.Property(TagLine)) + String.IsEmpty(ListItem.Property(PlotOutline))</visible>
								</control>
							</itemlayout>
							<focusedlayout width="375" height="130">
								<control type="image">
									<left>0</left>
									<top>0</top>
									<width>370</width>
									<height>125</height>
									<texture border="5">button-focus2.png</texture>
								</control>
								<control type="image">
									<left>5</left>
									<top>5</top>
									<width>80</width>
									<height>115</height>
									<texture background="true">$INFO[ListItem.Icon]</texture>
									<aspectratio>keep</aspectratio>
								</control>
								<control type="image">
									<left>50</left>
									<top>70</top>
									<width>30</width>
									<height>30</height>
									<texture>OverlayWatched.png</texture>
									<visible>Integer.IsGreater(ListItem.Property(PlayCount),0)</visible>
								</control>
								<control type="label">
									<left>100</left>
									<top>10</top>
									<width>265</width>
									<height>12</height>
									<label>[B]$INFO[ListItem.Label][/B]</label>
									<font>font12</font>
									<textcolor>white</textcolor>
									<aligny>center</aligny>
								</control>
								<control type="label">
									<left>100</left>
									<top>30</top>
									<width>265</width>
									<height>15</height>
									<label>$INFO[ListItem.Property(Year),, - ]$INFO[ListItem.Property(Duration),, $LOCALIZE[12391]]</label>
									<font>font12</font>
									<textcolor>grey2</textcolor>
									<aligny>center</aligny>
									<visible>!String.Contains(ListItem.Property(Duration),min)</visible>
								</control>
								<control type="label">
									<left>100</left>
									<top>30</top>
									<width>265</width>
									<height>15</height>
									<label>$INFO[ListItem.Property(Year),, - ]$INFO[ListItem.Property(Duration)]</label>
									<font>font12</font>
									<textcolor>grey2</textcolor>
									<aligny>center</aligny>
									<visible>String.Contains(ListItem.Property(Duration),min)</visible>
								</control>
								<control type="textbox">
									<left>100</left>
									<top>47</top>
									<width>265</width>
									<height>73</height>
									<label>$INFO[ListItem.Property(Tagline)]</label>
									<font>font10</font>
									<textcolor>white</textcolor>
								</control>
								<control type="textbox">
									<left>100</left>
									<top>47</top>
									<width>265</width>
									<height>73</height>
									<label>$INFO[ListItem.Property(PlotOutline)]</label>
									<font>font10</font>
									<textcolor>white</textcolor>
									<visible>String.IsEmpty(ListItem.Property(TagLine))</visible>
								</control>
								<control type="textbox">
									<left>100</left>
									<top>47</top>
									<width>265</width>
									<height>73</height>
									<label>$INFO[ListItem.Property(Plot)]</label>
									<font>font10</font>
									<textcolor>white</textcolor>
									<visible>String.IsEmpty(ListItem.Property(TagLine)) + String.IsEmpty(ListItem.Property(PlotOutline))</visible>
								</control>
							</focusedlayout>
						</control>
						<control type="scrollbar" id="118">
							<left>770</left>
							<top>0</top>
							<width>25</width>
							<height>530</height>
							<texturesliderbackground border="0,14,0,14">ScrollBarV.png</texturesliderbackground>
							<texturesliderbar border="0,14,0,14">ScrollBarV_bar.png</texturesliderbar>
							<texturesliderbarfocus border="0,14,0,14">ScrollBarV_bar_focus.png</texturesliderbarfocus>
							<textureslidernib>ScrollBarNib.png</textureslidernib>
							<textureslidernibfocus>ScrollBarNib.png</textureslidernibfocus>
							<onleft>111</onleft>
							<onright>9000</onright>
							<showonepage>false</showonepage>
							<orientation>vertical</orientation>
							<visible>Container(9000).Hasfocus(2)</visible>
						</control>
						<control type="label">
							<description>number of files/pages in list text label</description>
							<left>250</left>
							<top>530</top>
							<width>500</width>
							<height>35</height>
							<font>font12</font>
							<align>right</align>
							<aligny>center</aligny>
							<scroll>true</scroll>
							<textcolor>grey</textcolor>
							<label>([COLOR=blue]$INFO[Container(111).NumItems][/COLOR]) $LOCALIZE[31025] - $LOCALIZE[31024] ([COLOR=blue]$INFO[Container(111).CurrentPage]/$INFO[Container(111).NumPages][/COLOR])</label>
							<visible>Container(9000).Hasfocus(2)</visible>
						</control>
					</control>
					<control type="group" id="219">
						<left>0</left>
						<top>0</top>
						<width>750</width>
						<height>530</height>
						<control type="label" id="210">
							<!-- Hide this Control off the screen because we use the list above to pass to it instead -->
							<left>2000</left>
							<top>2000</top>
							<width>100</width>
							<height>0</height>
							<label>-</label>
							<font>-</font>
							<textcolor>-</textcolor>
						</control>
						<control type="panel" id="211">
							<visible>Container(9000).HasFocus(3)</visible>
							<include>VisibleFadeEffect</include>
							<left>0</left>
							<top>0</top>
							<width>750</width>
							<height>530</height>
							<onleft>9000</onleft>
							<onright>218</onright>
							<onup>211</onup>
							<ondown>211</ondown>
							<viewtype label="535">panel</viewtype>
							<preloaditems>2</preloaditems>
							<pagecontrol>218</pagecontrol>
							<itemlayout width="375" height="130">
								<control type="image">
									<left>0</left>
									<top>0</top>
									<width>370</width>
									<height>125</height>
									<texture border="5">button-nofocus.png</texture>
								</control>
								<control type="image">
									<left>5</left>
									<top>5</top>
									<width>80</width>
									<height>115</height>
									<texture background="true">$INFO[ListItem.Icon]</texture>
									<aspectratio>keep</aspectratio>
								</control>
								<control type="image">
									<left>50</left>
									<top>70</top>
									<width>30</width>
									<height>30</height>
									<texture>OverlayWatched.png</texture>
									<visible>Integer.IsGreater(ListItem.Property(PlayCount),0)</visible>
								</control>
								<control type="label">
									<left>100</left>
									<top>10</top>
									<width>265</width>
									<height>12</height>
									<label>[B]$INFO[ListItem.Label][/B]</label>
									<font>font12</font>
									<textcolor>white</textcolor>
									<aligny>center</aligny>
								</control>
								<control type="label">
									<left>100</left>
									<top>30</top>
									<width>265</width>
									<height>15</height>
									<label>$INFO[ListItem.Property(Year),, - ]$INFO[ListItem.Property(Duration),, $LOCALIZE[12391]]</label>
									<font>font12</font>
									<textcolor>grey2</textcolor>
									<aligny>center</aligny>
									<visible>!String.Contains(ListItem.Property(Duration),min)</visible>
								</control>
								<control type="label">
									<left>100</left>
									<top>30</top>
									<width>265</width>
									<height>15</height>
									<label>$INFO[ListItem.Property(Year),, - ]$INFO[ListItem.Property(Duration)]</label>
									<font>font12</font>
									<textcolor>grey2</textcolor>
									<aligny>center</aligny>
									<visible>String.Contains(ListItem.Property(Duration),min)</visible>
								</control>
								<control type="textbox">
									<left>100</left>
									<top>47</top>
									<width>265</width>
									<height>73</height>
									<label>$INFO[ListItem.Property(Tagline)]</label>
									<font>font10</font>
									<textcolor>white</textcolor>
								</control>
								<control type="textbox">
									<left>100</left>
									<top>47</top>
									<width>265</width>
									<height>73</height>
									<label>$INFO[ListItem.Property(PlotOutline)]</label>
									<font>font10</font>
									<textcolor>white</textcolor>
									<visible>String.IsEmpty(ListItem.Property(TagLine))</visible>
								</control>
								<control type="textbox">
									<left>100</left>
									<top>47</top>
									<width>265</width>
									<height>73</height>
									<label>$INFO[ListItem.Property(Plot)]</label>
									<font>font10</font>
									<textcolor>white</textcolor>
									<visible>String.IsEmpty(ListItem.Property(TagLine)) + String.IsEmpty(ListItem.Property(PlotOutline))</visible>
								</control>
							</itemlayout>
							<focusedlayout width="375" height="130">
								<control type="image">
									<left>0</left>
									<top>0</top>
									<width>370</width>
									<height>125</height>
									<texture border="5">button-focus2.png</texture>
								</control>
								<control type="image">
									<left>5</left>
									<top>5</top>
									<width>80</width>
									<height>115</height>
									<texture background="true">$INFO[ListItem.Icon]</texture>
									<aspectratio>keep</aspectratio>
								</control>
								<control type="image">
									<left>50</left>
									<top>70</top>
									<width>30</width>
									<height>30</height>
									<texture>OverlayWatched.png</texture>
									<visible>Integer.IsGreater(ListItem.Property(PlayCount),0)</visible>
								</control>
								<control type="label">
									<left>100</left>
									<top>10</top>
									<width>265</width>
									<height>12</height>
									<label>[B]$INFO[ListItem.Label][/B]</label>
									<font>font12</font>
									<textcolor>white</textcolor>
									<aligny>center</aligny>
								</control>
								<control type="label">
									<left>100</left>
									<top>30</top>
									<width>265</width>
									<height>15</height>
									<label>$INFO[ListItem.Property(Year),, - ]$INFO[ListItem.Property(Duration),, $LOCALIZE[12391]]</label>
									<font>font12</font>
									<textcolor>grey2</textcolor>
									<aligny>center</aligny>
									<visible>!String.Contains(ListItem.Property(Duration),min)</visible>
								</control>
								<control type="label">
									<left>100</left>
									<top>30</top>
									<width>265</width>
									<height>15</height>
									<label>$INFO[ListItem.Property(Year),, - ]$INFO[ListItem.Property(Duration)]</label>
									<font>font12</font>
									<textcolor>grey2</textcolor>
									<aligny>center</aligny>
									<visible>String.Contains(ListItem.Property(Duration),min)</visible>
								</control>
								<control type="textbox">
									<left>100</left>
									<top>47</top>
									<width>265</width>
									<height>73</height>
									<label>$INFO[ListItem.Property(Tagline)]</label>
									<font>font10</font>
									<textcolor>white</textcolor>
								</control>
								<control type="textbox">
									<left>100</left>
									<top>47</top>
									<width>265</width>
									<height>73</height>
									<label>$INFO[ListItem.Property(PlotOutline)]</label>
									<font>font10</font>
									<textcolor>white</textcolor>
									<visible>String.IsEmpty(ListItem.Property(TagLine))</visible>
								</control>
								<control type="textbox">
									<left>100</left>
									<top>47</top>
									<width>265</width>
									<height>73</height>
									<label>$INFO[ListItem.Property(Plot)]</label>
									<font>font10</font>
									<textcolor>white</textcolor>
									<visible>String.IsEmpty(ListItem.Property(TagLine)) + String.IsEmpty(ListItem.Property(PlotOutline))</visible>
								</control>
							</focusedlayout>
						</control>
						<control type="scrollbar" id="218">
							<left>770</left>
							<top>0</top>
							<width>25</width>
							<height>530</height>
							<texturesliderbackground border="0,14,0,14">ScrollBarV.png</texturesliderbackground>
							<texturesliderbar border="0,14,0,14">ScrollBarV_bar.png</texturesliderbar>
							<texturesliderbarfocus border="0,14,0,14">ScrollBarV_bar_focus.png</texturesliderbarfocus>
							<textureslidernib>ScrollBarNib.png</textureslidernib>
							<textureslidernibfocus>ScrollBarNib.png</textureslidernibfocus>
							<onup>218</onup>
							<ondown>218</ondown>
							<onleft>211</onleft>
							<onright>9000</onright>
							<showonepage>false</showonepage>
							<orientation>vertical</orientation>
							<visible>Container(9000).Hasfocus(3)</visible>
						</control>
						<control type="label">
							<description>number of files/pages in list text label</description>
							<left>250</left>
							<top>530</top>
							<width>500</width>
							<height>35</height>
							<font>font12</font>
							<align>right</align>
							<aligny>center</aligny>
							<scroll>true</scroll>
							<textcolor>grey</textcolor>
							<label>([COLOR=blue]$INFO[Container(211).NumItems][/COLOR]) $LOCALIZE[31025] - $LOCALIZE[31024] ([COLOR=blue]$INFO[Container(211).CurrentPage]/$INFO[Container(211).NumPages][/COLOR])</label>
							<visible>Container(9000).Hasfocus(3)</visible>
						</control>
					</control>
					<control type="group" id="129">
						<left>0</left>
						<top>0</top>
						<width>750</width>
						<height>530</height>
						<control type="label" id="120">
							<!-- Hide this Control off the screen because we use the list above to pass to it instead -->
							<left>2000</left>
							<top>2000</top>
							<width>100</width>
							<height>0</height>
							<label>-</label>
							<font>-</font>
							<textcolor>-</textcolor>
						</control>
						<control type="panel" id="121">
							<visible>Container(9000).HasFocus(4)</visible>
							<include>VisibleFadeEffect</include>
							<left>0</left>
							<top>0</top>
							<width>750</width>
							<height>530</height>
							<onleft>9000</onleft>
							<onright>128</onright>
							<onup>121</onup>
							<ondown>121</ondown>
							<viewtype label="535">panel</viewtype>
							<preloaditems>2</preloaditems>
							<pagecontrol>128</pagecontrol>
							<itemlayout width="375" height="175">
								<control type="image">
									<left>0</left>
									<top>0</top>
									<width>370</width>
									<height>170</height>
									<texture border="5">button-nofocus.png</texture>
								</control>
								<control type="image">
									<left>5</left>
									<top>5</top>
									<width>360</width>
									<height>65</height>
									<texture background="true">$INFO[ListItem.Icon]</texture>
									<aspectratio>keep</aspectratio>
								</control>
								<control type="image">
									<left>330</left>
									<top>70</top>
									<width>30</width>
									<height>30</height>
									<texture>OverlayWatched.png</texture>
									<visible>Integer.IsGreater(ListItem.Property(PlayCount),0)</visible>
								</control>
								<control type="label">
									<left>7</left>
									<top>75</top>
									<width>360</width>
									<height>15</height>
									<label>[B]$INFO[ListItem.Label][/B]</label>
									<font>font12</font>
									<textcolor>white</textcolor>
									<align>center</align>
									<aligny>center</aligny>
								</control>
								<control type="label">
									<left>7</left>
									<top>95</top>
									<width>360</width>
									<height>15</height>
									<label>$INFO[ListItem.Property(Premiered)]</label>
									<font>font12</font>
									<textcolor>grey2</textcolor>
									<align>center</align>
									<aligny>center</aligny>
								</control>
								<control type="textbox">
									<left>5</left>
									<top>112</top>
									<width>360</width>
									<height>53</height>
									<label>$INFO[ListItem.Property(Plot)]</label>
									<font>font10</font>
									<textcolor>white</textcolor>
									<align>justify</align>
								</control>
							</itemlayout>
							<focusedlayout width="375" height="175">
								<control type="image">
									<left>0</left>
									<top>0</top>
									<width>370</width>
									<height>170</height>
									<texture border="5">button-focus2.png</texture>
								</control>
								<control type="image">
									<left>5</left>
									<top>5</top>
									<width>360</width>
									<height>65</height>
									<texture background="true">$INFO[ListItem.Icon]</texture>
									<aspectratio>keep</aspectratio>
								</control>
								<control type="image">
									<left>330</left>
									<top>70</top>
									<width>30</width>
									<height>30</height>
									<texture>OverlayWatched.png</texture>
									<visible>Integer.IsGreater(ListItem.Property(PlayCount),0)</visible>
								</control>
								<control type="label">
									<left>7</left>
									<top>75</top>
									<width>360</width>
									<height>15</height>
									<label>[B]$INFO[ListItem.Label][/B]</label>
									<font>font12</font>
									<textcolor>white</textcolor>
									<align>center</align>
									<aligny>center</aligny>
								</control>
								<control type="label">
									<left>7</left>
									<top>95</top>
									<width>360</width>
									<height>15</height>
									<label>$INFO[ListItem.Property(Premiered)]</label>
									<font>font12</font>
									<textcolor>grey2</textcolor>
									<align>center</align>
									<aligny>center</aligny>
								</control>
								<control type="textbox">
									<left>5</left>
									<top>112</top>
									<width>360</width>
									<height>53</height>
									<label>$INFO[ListItem.Property(Plot)]</label>
									<font>font10</font>
									<textcolor>white</textcolor>
									<align>justify</align>
								</control>
							</focusedlayout>
						</control>
						<control type="scrollbar" id="128">
							<left>770</left>
							<top>0</top>
							<width>25</width>
							<height>530</height>
							<texturesliderbackground border="0,14,0,14">ScrollBarV.png</texturesliderbackground>
							<texturesliderbar border="0,14,0,14">ScrollBarV_bar.png</texturesliderbar>
							<texturesliderbarfocus border="0,14,0,14">ScrollBarV_bar_focus.png</texturesliderbarfocus>
							<textureslidernib>ScrollBarNib.png</textureslidernib>
							<textureslidernibfocus>ScrollBarNib.png</textureslidernibfocus>
							<onleft>121</onleft>
							<onright>9000</onright>
							<showonepage>false</showonepage>
							<orientation>vertical</orientation>
							<visible>Container(9000).HasFocus(4)</visible>
						</control>
						<control type="label">
							<description>number of files/pages in list text label</description>
							<left>250</left>
							<top>530</top>
							<width>500</width>
							<height>35</height>
							<font>font12</font>
							<align>right</align>
							<aligny>center</aligny>
							<scroll>true</scroll>
							<textcolor>grey</textcolor>
							<label>([COLOR=blue]$INFO[Container(121).NumItems][/COLOR]) $LOCALIZE[31025] - $LOCALIZE[31024] ([COLOR=blue]$INFO[Container(121).CurrentPage]/$INFO[Container(121).NumPages][/COLOR])</label>
							<visible>Container(9000).HasFocus(4)</visible>
						</control>
					</control>
					<control type="group" id="139">
						<left>0</left>
						<top>0</top>
						<width>750</width>
						<height>530</height>
						<control type="label" id="130">
							<!-- Hide this Control off the screen because we use the list above to pass to it instead -->
							<left>2000</left>
							<top>2000</top>
							<width>100</width>
							<height>0</height>
							<label>-</label>
							<font>-</font>
							<textcolor>-</textcolor>
						</control>
						<control type="panel" id="131">
							<visible>Container(9000).HasFocus(5)</visible>
							<include>VisibleFadeEffect</include>
							<left>0</left>
							<top>0</top>
							<width>750</width>
							<height>530</height>
							<onleft>9000</onleft>
							<onright>138</onright>
							<onup>131</onup>
							<ondown>131</ondown>
							<viewtype label="535">panel</viewtype>
							<preloaditems>2</preloaditems>
							<pagecontrol>138</pagecontrol>
							<itemlayout width="375" height="130">
								<control type="image">
									<left>0</left>
									<top>0</top>
									<width>370</width>
									<height>125</height>
									<texture border="5">button-nofocus.png</texture>
								</control>
								<control type="image">
									<left>5</left>
									<top>5</top>
									<width>80</width>
									<height>115</height>
									<texture background="true">$INFO[ListItem.Icon]</texture>
									<aspectratio>keep</aspectratio>
								</control>
								<control type="label">
									<left>100</left>
									<top>10</top>
									<width>260</width>
									<height>15</height>
									<label>$INFO[ListItem.Label]</label>
									<font>font12_title</font>
									<textcolor>white</textcolor>
									<aligny>center</aligny>
								</control>
								<control type="textbox">
									<left>100</left>
									<top>32</top>
									<width>260</width>
									<height>118</height>
									<label>$INFO[ListItem.Property(TvShowTitle)]</label>
									<font>font12</font>
									<textcolor>grey2</textcolor>
								</control>
							</itemlayout>
							<focusedlayout width="375" height="130">
								<control type="image">
									<left>0</left>
									<top>0</top>
									<width>370</width>
									<height>125</height>
									<texture border="5">button-focus2.png</texture>
								</control>
								<control type="image">
									<left>5</left>
									<top>5</top>
									<width>80</width>
									<height>115</height>
									<texture background="true">$INFO[ListItem.Icon]</texture>
									<aspectratio>keep</aspectratio>
								</control>
								<control type="label">
									<left>100</left>
									<top>10</top>
									<width>260</width>
									<height>15</height>
									<label>$INFO[ListItem.Label]</label>
									<font>font12_title</font>
									<textcolor>white</textcolor>
									<aligny>center</aligny>
								</control>
								<control type="textbox">
									<left>100</left>
									<top>32</top>
									<width>260</width>
									<height>118</height>
									<label>$INFO[ListItem.Property(TvShowTitle)]</label>
									<font>font12</font>
									<textcolor>grey2</textcolor>
								</control>
							</focusedlayout>
						</control>
						<control type="scrollbar" id="138">
							<left>770</left>
							<top>0</top>
							<width>25</width>
							<height>530</height>
							<texturesliderbackground border="0,14,0,14">ScrollBarV.png</texturesliderbackground>
							<texturesliderbar border="0,14,0,14">ScrollBarV_bar.png</texturesliderbar>
							<texturesliderbarfocus border="0,14,0,14">ScrollBarV_bar_focus.png</texturesliderbarfocus>
							<textureslidernib>ScrollBarNib.png</textureslidernib>
							<textureslidernibfocus>ScrollBarNib.png</textureslidernibfocus>
							<onleft>131</onleft>
							<onright>9000</onright>
							<showonepage>false</showonepage>
							<orientation>vertical</orientation>
							<visible>Container(9000).HasFocus(5)</visible>
						</control>
						<control type="label">
							<description>number of files/pages in list text label</description>
							<left>250</left>
							<top>530</top>
							<width>500</width>
							<height>35</height>
							<font>font12</font>
							<align>right</align>
							<aligny>center</aligny>
							<scroll>true</scroll>
							<textcolor>grey</textcolor>
							<label>([COLOR=blue]$INFO[Container(131).NumItems][/COLOR]) $LOCALIZE[31025] - $LOCALIZE[31024] ([COLOR=blue]$INFO[Container(131).CurrentPage]/$INFO[Container(131).NumPages][/COLOR])</label>
							<visible>Container(9000).HasFocus(5)</visible>
						</control>
					</control>
					<control type="group" id="149">
						<left>0</left>
						<top>0</top>
						<width>750</width>
						<height>530</height>
						<control type="label" id="140">
							<!-- Hide this Control off the screen because we use the list above to pass to it instead -->
							<left>2000</left>
							<top>2000</top>
							<width>100</width>
							<height>0</height>
							<label>-</label>
							<font>-</font>
							<textcolor>-</textcolor>
						</control>
						<control type="panel" id="141">
							<visible>Container(9000).HasFocus(6)</visible>
							<left>0</left>
							<top>0</top>
							<width>750</width>
							<height>530</height>
							<onleft>9000</onleft>
							<onright>148</onright>
							<onup>141</onup>
							<ondown>141</ondown>
							<viewtype label="535">panel</viewtype>
							<preloaditems>2</preloaditems>
							<pagecontrol>148</pagecontrol>
							<itemlayout width="750" height="106">
								<control type="image">
									<left>0</left>
									<top>0</top>
									<width>750</width>
									<height>101</height>
									<texture border="5">button-nofocus.png</texture>
								</control>
								<control type="image">
									<left>5</left>
									<top>5</top>
									<width>150</width>
									<height>90</height>
									<texture background="true">$INFO[ListItem.Icon]</texture>
									<aspectratio>keep</aspectratio>
								</control>
								<control type="image">
									<left>120</left>
									<top>70</top>
									<width>30</width>
									<height>30</height>
									<texture>OverlayWatched.png</texture>
									<visible>Integer.IsGreater(ListItem.Property(PlayCount),0)</visible>
								</control>
								<control type="label">
									<left>160</left>
									<top>10</top>
									<width>585</width>
									<height>15</height>
									<label>[B]$INFO[ListItem.Label][/B]</label>
									<font>font12</font>
									<textcolor>white</textcolor>
									<aligny>center</aligny>
								</control>
								<control type="label">
									<left>160</left>
									<top>30</top>
									<width>585</width>
									<height>15</height>
									<label>$INFO[ListItem.Property(TvShowTitle)]</label>
									<font>font12</font>
									<textcolor>grey2</textcolor>
									<aligny>center</aligny>
								</control>
								<control type="textbox">
									<left>160</left>
									<top>48</top>
									<width>585</width>
									<height>50</height>
									<label>$INFO[ListItem.Property(Plot)]</label>
									<font>font10</font>
									<textcolor>white</textcolor>
								</control>
							</itemlayout>
							<focusedlayout width="750" height="106">
								<control type="image">
									<left>0</left>
									<top>0</top>
									<width>750</width>
									<height>101</height>
									<texture border="5">button-focus2.png</texture>
								</control>
								<control type="image">
									<left>5</left>
									<top>5</top>
									<width>150</width>
									<height>90</height>
									<texture background="true">$INFO[ListItem.Icon]</texture>
									<aspectratio>keep</aspectratio>
								</control>
								<control type="image">
									<left>120</left>
									<top>70</top>
									<width>30</width>
									<height>30</height>
									<texture>OverlayWatched.png</texture>
									<visible>Integer.IsGreater(ListItem.Property(PlayCount),0)</visible>
								</control>
								<control type="label">
									<left>160</left>
									<top>10</top>
									<width>585</width>
									<height>15</height>
									<label>[B]$INFO[ListItem.Label][/B]</label>
									<font>font12</font>
									<textcolor>white</textcolor>
									<aligny>center</aligny>
								</control>
								<control type="label">
									<left>160</left>
									<top>30</top>
									<width>585</width>
									<height>15</height>
									<label>$INFO[ListItem.Property(TvShowTitle)]</label>
									<font>font12</font>
									<textcolor>grey2</textcolor>
									<aligny>center</aligny>
								</control>
								<control type="textbox">
									<left>160</left>
									<top>48</top>
									<width>585</width>
									<height>50</height>
									<label>$INFO[ListItem.Property(Plot)]</label>
									<font>font10</font>
									<textcolor>white</textcolor>
								</control>
							</focusedlayout>
						</control>
						<control type="scrollbar" id="148">
							<left>770</left>
							<top>0</top>
							<width>25</width>
							<height>530</height>
							<texturesliderbackground border="0,14,0,14">ScrollBarV.png</texturesliderbackground>
							<texturesliderbar border="0,14,0,14">ScrollBarV_bar.png</texturesliderbar>
							<texturesliderbarfocus border="0,14,0,14">ScrollBarV_bar_focus.png</texturesliderbarfocus>
							<textureslidernib>ScrollBarNib.png</textureslidernib>
							<textureslidernibfocus>ScrollBarNib.png</textureslidernibfocus>
							<onleft>141</onleft>
							<onright>9000</onright>
							<showonepage>false</showonepage>
							<orientation>vertical</orientation>
							<visible>Container(9000).HasFocus(6)</visible>
						</control>
						<control type="label">
							<description>number of files/pages in list text label</description>
							<left>250</left>
							<top>530</top>
							<width>500</width>
							<height>35</height>
							<font>font12</font>
							<align>right</align>
							<aligny>center</aligny>
							<scroll>true</scroll>
							<textcolor>grey</textcolor>
							<label>([COLOR=blue]$INFO[Container(141).NumItems][/COLOR]) $LOCALIZE[31025] - $LOCALIZE[31024] ([COLOR=blue]$INFO[Container(141).CurrentPage]/$INFO[Container(141).NumPages][/COLOR])</label>
							<visible>Container(9000).HasFocus(6)</visible>
						</control>
					</control>
					<control type="group" id="159">
						<left>0</left>
						<top>0</top>
						<width>750</width>
						<height>530</height>
						<control type="label" id="150">
							<!-- Hide this Control off the screen because we use the list above to pass to it instead -->
							<left>2000</left>
							<top>2000</top>
							<width>100</width>
							<height>0</height>
							<label>-</label>
							<font>-</font>
							<textcolor>-</textcolor>
						</control>
						<control type="panel" id="151">
							<visible>Container(9000).HasFocus(7)</visible>
							<include>VisibleFadeEffect</include>
							<left>0</left>
							<top>0</top>
							<width>750</width>
							<height>530</height>
							<onleft>9000</onleft>
							<onright>158</onright>
							<onup>151</onup>
							<ondown>151</ondown>
							<viewtype label="535">panel</viewtype>
							<preloaditems>2</preloaditems>
							<pagecontrol>158</pagecontrol>
							<itemlayout width="375" height="106">
								<control type="image">
									<left>0</left>
									<top>0</top>
									<width>370</width>
									<height>101</height>
									<texture border="5">button-nofocus.png</texture>
								</control>
								<control type="image">
									<left>5</left>
									<top>5</top>
									<width>120</width>
									<height>90</height>
									<texture background="true">$INFO[ListItem.Icon]</texture>
									<aspectratio>keep</aspectratio>
								</control>
								<control type="image">
									<left>100</left>
									<top>65</top>
									<width>30</width>
									<height>30</height>
									<texture>OverlayWatched.png</texture>
									<visible>Integer.IsGreater(ListItem.Property(PlayCount),0)</visible>
								</control>
								<control type="label">
									<left>135</left>
									<top>10</top>
									<width>230</width>
									<height>15</height>
									<label>[B]$INFO[ListItem.Label][/B]</label>
									<font>font12</font>
									<textcolor>white</textcolor>
									<aligny>center</aligny>
								</control>
								<control type="label">
									<left>135</left>
									<top>30</top>
									<width>230</width>
									<height>15</height>
									<label>$INFO[ListItem.Property(Artist)]</label>
									<font>font12</font>
									<textcolor>white</textcolor>
									<aligny>center</aligny>
								</control>
								<control type="label">
									<left>135</left>
									<top>55</top>
									<width>230</width>
									<height>15</height>
									<label>$INFO[ListItem.Property(Year)]</label>
									<font>font12</font>
									<textcolor>grey2</textcolor>
									<aligny>center</aligny>
								</control>
								<control type="label">
									<left>135</left>
									<top>75</top>
									<width>230</width>
									<height>15</height>
									<label>$INFO[ListItem.Property(Duration)]</label>
									<font>font12</font>
									<textcolor>grey2</textcolor>
									<aligny>center</aligny>
								</control>
							</itemlayout>
							<focusedlayout width="375" height="106">
								<control type="image">
									<left>0</left>
									<top>0</top>
									<width>370</width>
									<height>101</height>
									<texture border="5">button-focus2.png</texture>
								</control>
								<control type="image">
									<left>5</left>
									<top>5</top>
									<width>120</width>
									<height>90</height>
									<texture background="true">$INFO[ListItem.Icon]</texture>
									<aspectratio>keep</aspectratio>
								</control>
								<control type="image">
									<left>100</left>
									<top>65</top>
									<width>30</width>
									<height>30</height>
									<texture>OverlayWatched.png</texture>
									<visible>Integer.IsGreater(ListItem.Property(PlayCount),0)</visible>
								</control>
								<control type="label">
									<left>135</left>
									<top>10</top>
									<width>230</width>
									<height>15</height>
									<label>[B]$INFO[ListItem.Label][/B]</label>
									<font>font12</font>
									<textcolor>white</textcolor>
									<aligny>center</aligny>
								</control>
								<control type="label">
									<left>135</left>
									<top>30</top>
									<width>230</width>
									<height>15</height>
									<label>$INFO[ListItem.Property(Artist)]</label>
									<font>font12</font>
									<textcolor>white</textcolor>
									<aligny>center</aligny>
								</control>
								<control type="label">
									<left>135</left>
									<top>55</top>
									<width>230</width>
									<height>15</height>
									<label>$INFO[ListItem.Property(Year)]</label>
									<font>font12</font>
									<textcolor>grey2</textcolor>
									<aligny>center</aligny>
								</control>
								<control type="label">
									<left>135</left>
									<top>75</top>
									<width>230</width>
									<height>15</height>
									<label>$INFO[ListItem.Property(Duration)]</label>
									<font>font12</font>
									<textcolor>grey2</textcolor>
									<aligny>center</aligny>
								</control>
							</focusedlayout>
						</control>
						<control type="scrollbar" id="158">
							<left>770</left>
							<top>0</top>
							<width>25</width>
							<height>530</height>
							<texturesliderbackground border="0,14,0,14">ScrollBarV.png</texturesliderbackground>
							<texturesliderbar border="0,14,0,14">ScrollBarV_bar.png</texturesliderbar>
							<texturesliderbarfocus border="0,14,0,14">ScrollBarV_bar_focus.png</texturesliderbarfocus>
							<textureslidernib>ScrollBarNib.png</textureslidernib>
							<textureslidernibfocus>ScrollBarNib.png</textureslidernibfocus>
							<onleft>151</onleft>
							<onright>9000</onright>
							<showonepage>false</showonepage>
							<orientation>vertical</orientation>
							<visible>Container(9000).HasFocus(7)</visible>
						</control>
						<control type="label">
							<description>number of files/pages in list text label</description>
							<left>250</left>
							<top>530</top>
							<width>500</width>
							<height>35</height>
							<font>font12</font>
							<align>right</align>
							<aligny>center</aligny>
							<scroll>true</scroll>
							<textcolor>grey</textcolor>
							<label>([COLOR=blue]$INFO[Container(151).NumItems][/COLOR]) $LOCALIZE[31025] - $LOCALIZE[31024] ([COLOR=blue]$INFO[Container(151).CurrentPage]/$INFO[Container(151).NumPages][/COLOR])</label>
							<visible>Container(9000).HasFocus(7)</visible>
						</control>
					</control>
					<control type="group" id="169">
						<left>0</left>
						<top>0</top>
						<width>750</width>
						<height>530</height>
						<control type="label" id="160">
							<!-- Hide this Control off the screen because we use the list above to pass to it instead -->
							<left>2000</left>
							<top>2000</top>
							<width>100</width>
							<height>0</height>
							<label>-</label>
							<font>-</font>
							<textcolor>-</textcolor>
						</control>
						<control type="panel" id="161">
							<visible>Container(9000).HasFocus(8)</visible>
							<include>VisibleFadeEffect</include>
							<left>0</left>
							<top>0</top>
							<width>750</width>
							<height>530</height>
							<onleft>9000</onleft>
							<onright>168</onright>
							<onup>161</onup>
							<ondown>161</ondown>
							<viewtype label="535">list</viewtype>
							<preloaditems>2</preloaditems>
							<pagecontrol>168</pagecontrol>
							<itemlayout width="750" height="106">
								<control type="image">
									<left>0</left>
									<top>0</top>
									<width>750</width>
									<height>101</height>
									<texture border="5">button-nofocus.png</texture>
								</control>
								<control type="image">
									<left>5</left>
									<top>5</top>
									<width>150</width>
									<height>90</height>
									<aspectratio>keep</aspectratio>
									<texture background="true">$INFO[ListItem.Icon]</texture>
								</control>
								<control type="label">
									<left>160</left>
									<top>10</top>
									<width>580</width>
									<height>15</height>
									<label>[B]$INFO[ListItem.Label][/B]</label>
									<font>font12</font>
									<textcolor>white</textcolor>
									<aligny>center</aligny>
								</control>
								<control type="label">
									<left>160</left>
									<top>30</top>
									<width>585</width>
									<height>15</height>
									<label>$INFO[ListItem.Property(Artist_Genre)]</label>
									<font>font12</font>
									<textcolor>grey2</textcolor>
									<aligny>center</aligny>
								</control>
								<control type="textbox">
									<left>160</left>
									<top>48</top>
									<width>585</width>
									<height>50</height>
									<label>$INFO[ListItem.Property(Artist_Description)]</label>
									<font>font10</font>
									<textcolor>white</textcolor>
								</control>
							</itemlayout>
							<focusedlayout width="400" height="110">
								<control type="image">
									<left>0</left>
									<top>0</top>
									<width>750</width>
									<height>101</height>
									<texture border="5">button-focus2.png</texture>
								</control>
								<control type="image">
									<left>5</left>
									<top>5</top>
									<width>150</width>
									<height>90</height>
									<aspectratio>keep</aspectratio>
									<texture background="true">$INFO[ListItem.Icon]</texture>
								</control>
								<control type="label">
									<left>160</left>
									<top>10</top>
									<width>580</width>
									<height>15</height>
									<label>[B]$INFO[ListItem.Label][/B]</label>
									<font>font12</font>
									<textcolor>white</textcolor>
									<aligny>center</aligny>
								</control>
								<control type="label">
									<left>160</left>
									<top>30</top>
									<width>585</width>
									<height>15</height>
									<label>$INFO[ListItem.Property(Artist_Genre)]</label>
									<font>font12</font>
									<textcolor>grey2</textcolor>
									<aligny>center</aligny>
								</control>
								<control type="textbox">
									<left>160</left>
									<top>48</top>
									<width>585</width>
									<height>50</height>
									<label>$INFO[ListItem.Property(Artist_Description)]</label>
									<font>font10</font>
									<textcolor>white</textcolor>
								</control>
							</focusedlayout>
						</control>
						<control type="scrollbar" id="168">
							<left>770</left>
							<top>0</top>
							<width>25</width>
							<height>530</height>
							<texturesliderbackground border="0,14,0,14">ScrollBarV.png</texturesliderbackground>
							<texturesliderbar border="0,14,0,14">ScrollBarV_bar.png</texturesliderbar>
							<texturesliderbarfocus border="0,14,0,14">ScrollBarV_bar_focus.png</texturesliderbarfocus>
							<textureslidernib>ScrollBarNib.png</textureslidernib>
							<textureslidernibfocus>ScrollBarNib.png</textureslidernibfocus>
							<onleft>161</onleft>
							<onright>9000</onright>
							<showonepage>false</showonepage>
							<orientation>vertical</orientation>
							<visible>Container(9000).HasFocus(8)</visible>
						</control>
						<control type="label">
							<description>number of files/pages in list text label</description>
							<left>250</left>
							<top>530</top>
							<width>500</width>
							<height>35</height>
							<font>font12</font>
							<align>right</align>
							<aligny>center</aligny>
							<scroll>true</scroll>
							<textcolor>grey</textcolor>
							<label>([COLOR=blue]$INFO[Container(161).NumItems][/COLOR]) $LOCALIZE[31025] - $LOCALIZE[31024] ([COLOR=blue]$INFO[Container(161).CurrentPage]/$INFO[Container(161).NumPages][/COLOR])</label>
							<visible>Container(9000).HasFocus(8)</visible>
						</control>
					</control>
					<control type="group" id="179">
						<left>0</left>
						<top>0</top>
						<width>750</width>
						<height>530</height>
						<control type="label" id="170">
							<!-- Hide this Control off the screen because we use the list above to pass to it instead -->
							<left>2000</left>
							<top>2000</top>
							<width>100</width>
							<height>0</height>
							<label>-</label>
							<font>-</font>
							<textcolor>-</textcolor>
						</control>
						<control type="panel" id="171">
							<visible>Container(9000).HasFocus(9)</visible>
							<include>VisibleFadeEffect</include>
							<left>0</left>
							<top>0</top>
							<width>750</width>
							<height>530</height>
							<onleft>9000</onleft>
							<onright>178</onright>
							<onup>171</onup>
							<ondown>171</ondown>
							<viewtype label="535">list</viewtype>
							<preloaditems>2</preloaditems>
							<pagecontrol>178</pagecontrol>
							<itemlayout width="750" height="106">
								<control type="image">
									<left>0</left>
									<top>0</top>
									<width>750</width>
									<height>101</height>
									<texture border="5">button-nofocus.png</texture>
								</control>
								<control type="image">
									<left>5</left>
									<top>5</top>
									<width>100</width>
									<height>90</height>
									<aspectratio>keep</aspectratio>
									<texture background="true">$INFO[ListItem.Icon]</texture>
								</control>
								<control type="label">
									<left>110</left>
									<top>10</top>
									<width>630</width>
									<height>15</height>
									<label>[B]$INFO[ListItem.Label][/B]</label>
									<font>font12</font>
									<textcolor>white</textcolor>
									<aligny>center</aligny>
								</control>
								<control type="label">
									<left>110</left>
									<top>30</top>
									<width>630</width>
									<height>15</height>
									<label>$INFO[ListItem.Property(Artist)]</label>
									<font>font12</font>
									<textcolor>grey2</textcolor>
									<aligny>center</aligny>
								</control>
								<control type="textbox">
									<left>110</left>
									<top>48</top>
									<width>630</width>
									<height>50</height>
									<label>$INFO[ListItem.Property(Album_Description)]</label>
									<font>font10</font>
									<textcolor>white</textcolor>
								</control>
							</itemlayout>
							<focusedlayout width="400" height="110">
								<control type="image">
									<left>0</left>
									<top>0</top>
									<width>750</width>
									<height>101</height>
									<texture border="5">button-focus2.png</texture>
								</control>
								<control type="image">
									<left>5</left>
									<top>5</top>
									<width>100</width>
									<height>90</height>
									<aspectratio>keep</aspectratio>
									<texture background="true">$INFO[ListItem.Icon]</texture>
								</control>
								<control type="label">
									<left>110</left>
									<top>10</top>
									<width>630</width>
									<height>15</height>
									<label>[B]$INFO[ListItem.Label][/B]</label>
									<font>font12</font>
									<textcolor>white</textcolor>
									<aligny>center</aligny>
								</control>
								<control type="label">
									<left>110</left>
									<top>30</top>
									<width>630</width>
									<height>15</height>
									<label>$INFO[ListItem.Property(Artist)]</label>
									<font>font12</font>
									<textcolor>grey2</textcolor>
									<aligny>center</aligny>
								</control>
								<control type="textbox">
									<left>110</left>
									<top>48</top>
									<width>630</width>
									<height>50</height>
									<label>$INFO[ListItem.Property(Album_Description)]</label>
									<font>font10</font>
									<textcolor>white</textcolor>
								</control>
							</focusedlayout>
						</control>
						<control type="scrollbar" id="178">
							<left>770</left>
							<top>0</top>
							<width>25</width>
							<height>530</height>
							<texturesliderbackground border="0,14,0,14">ScrollBarV.png</texturesliderbackground>
							<texturesliderbar border="0,14,0,14">ScrollBarV_bar.png</texturesliderbar>
							<texturesliderbarfocus border="0,14,0,14">ScrollBarV_bar_focus.png</texturesliderbarfocus>
							<textureslidernib>ScrollBarNib.png</textureslidernib>
							<textureslidernibfocus>ScrollBarNib.png</textureslidernibfocus>
							<onleft>171</onleft>
							<onright>9000</onright>
							<showonepage>false</showonepage>
							<orientation>vertical</orientation>
							<visible>Container(9000).HasFocus(9)</visible>
						</control>
						<control type="label">
							<description>number of files/pages in list text label</description>
							<left>250</left>
							<top>530</top>
							<width>500</width>
							<height>35</height>
							<font>font12</font>
							<align>right</align>
							<aligny>center</aligny>
							<scroll>true</scroll>
							<textcolor>grey</textcolor>
							<label>([COLOR=blue]$INFO[Container(171).NumItems][/COLOR]) $LOCALIZE[31025] - $LOCALIZE[31024] ([COLOR=blue]$INFO[Container(171).CurrentPage]/$INFO[Container(171).NumPages][/COLOR])</label>
							<visible>Container(9000).HasFocus(9)</visible>
						</control>
					</control>
					<control type="group" id="189">
						<left>0</left>
						<top>0</top>
						<width>750</width>
						<height>530</height>
						<control type="label" id="180">
							<!-- Hide this Control off the screen because we use the list above to pass to it instead -->
							<left>2000</left>
							<top>2000</top>
							<width>100</width>
							<height>0</height>
							<label>-</label>
							<font>-</font>
							<textcolor>-</textcolor>
						</control>
						<control type="panel" id="181">
							<visible>Container(9000).HasFocus(10)</visible>
							<include>VisibleFadeEffect</include>
							<left>0</left>
							<top>0</top>
							<width>750</width>
							<height>530</height>
							<onleft>9000</onleft>
							<onright>188</onright>
							<onup>181</onup>
							<ondown>181</ondown>
							<viewtype label="535">list</viewtype>
							<preloaditems>2</preloaditems>
							<pagecontrol>188</pagecontrol>
							<itemlayout width="375" height="106">
								<control type="image">
									<left>0</left>
									<top>0</top>
									<width>370</width>
									<height>101</height>
									<texture border="5">button-nofocus.png</texture>
								</control>
								<control type="image">
									<left>5</left>
									<top>5</top>
									<width>90</width>
									<height>90</height>
									<texture background="true">$INFO[ListItem.Icon]</texture>
									<aspectratio>keep</aspectratio>
								</control>
								<control type="label">
									<left>110</left>
									<top>10</top>
									<width>255</width>
									<height>15</height>
									<label>[B]$INFO[ListItem.Label][/B]</label>
									<font>font12</font>
									<textcolor>white</textcolor>
									<aligny>center</aligny>
								</control>
								<control type="label">
									<left>110</left>
									<top>30</top>
									<width>255</width>
									<height>15</height>
									<label>$INFO[ListItem.Property(Artist)]</label>
									<font>font12</font>
									<textcolor>white</textcolor>
									<aligny>center</aligny>
								</control>
								<control type="label">
									<left>110</left>
									<top>50</top>
									<width>255</width>
									<height>15</height>
									<label>$INFO[ListItem.Property(Genre)]</label>
									<font>font12</font>
									<textcolor>grey2</textcolor>
									<aligny>center</aligny>
								</control>
								<control type="label">
									<left>110</left>
									<top>75</top>
									<width>255</width>
									<height>15</height>
									<label>$INFO[ListItem.Property(Duration)]</label>
									<font>font12</font>
									<textcolor>white</textcolor>
									<aligny>center</aligny>
								</control>
							</itemlayout>
							<focusedlayout width="375" height="106">
								<control type="image">
									<left>0</left>
									<top>0</top>
									<width>370</width>
									<height>101</height>
									<texture border="5">button-focus2.png</texture>
								</control>
								<control type="image">
									<left>5</left>
									<top>5</top>
									<width>90</width>
									<height>90</height>
									<texture background="true">$INFO[ListItem.Icon]</texture>
									<aspectratio>keep</aspectratio>
								</control>
								<control type="label">
									<left>110</left>
									<top>10</top>
									<width>255</width>
									<height>15</height>
									<label>[B]$INFO[ListItem.Label][/B]</label>
									<font>font12</font>
									<textcolor>white</textcolor>
									<aligny>center</aligny>
								</control>
								<control type="label">
									<left>110</left>
									<top>30</top>
									<width>255</width>
									<height>15</height>
									<label>$INFO[ListItem.Property(Artist)]</label>
									<font>font12</font>
									<textcolor>white</textcolor>
									<aligny>center</aligny>
								</control>
								<control type="label">
									<left>110</left>
									<top>50</top>
									<width>255</width>
									<height>15</height>
									<label>$INFO[ListItem.Property(Genre)]</label>
									<font>font12</font>
									<textcolor>grey2</textcolor>
									<aligny>center</aligny>
								</control>
								<control type="label">
									<left>110</left>
									<top>75</top>
									<width>255</width>
									<height>15</height>
									<label>$INFO[ListItem.Property(Duration)]</label>
									<font>font12</font>
									<textcolor>white</textcolor>
									<aligny>center</aligny>
								</control>
							</focusedlayout>
						</control>
						<control type="scrollbar" id="188">
							<left>770</left>
							<top>0</top>
							<width>25</width>
							<height>530</height>
							<texturesliderbackground border="0,14,0,14">ScrollBarV.png</texturesliderbackground>
							<texturesliderbar border="0,14,0,14">ScrollBarV_bar.png</texturesliderbar>
							<texturesliderbarfocus border="0,14,0,14">ScrollBarV_bar_focus.png</texturesliderbarfocus>
							<textureslidernib>ScrollBarNib.png</textureslidernib>
							<textureslidernibfocus>ScrollBarNib.png</textureslidernibfocus>
							<onleft>181</onleft>
							<onright>9000</onright>
							<showonepage>false</showonepage>
							<orientation>vertical</orientation>
							<visible>Container(9000).HasFocus(10)</visible>
						</control>
						<control type="label">
							<description>number of files/pages in list text label</description>
							<left>250</left>
							<top>530</top>
							<width>500</width>
							<height>35</height>
							<font>font12</font>
							<align>right</align>
							<aligny>center</aligny>
							<scroll>true</scroll>
							<textcolor>grey</textcolor>
							<label>([COLOR=blue]$INFO[Container(181).NumItems][/COLOR]) $LOCALIZE[31025] - $LOCALIZE[31024] ([COLOR=blue]$INFO[Container(181).CurrentPage]/$INFO[Container(181).NumPages][/COLOR])</label>
							<visible>Container(9000).HasFocus(10)</visible>
						</control>
					</control>
					<control type="group" id="239">
						<left>0</left>
						<top>0</top>
						<width>750</width>
						<height>530</height>
						<control type="label" id="230">
							<!-- Hide this Control off the screen because we use the list above to pass to it instead -->
							<left>2000</left>
							<top>2000</top>
							<width>100</width>
							<height>0</height>
							<label>-</label>
							<font>-</font>
							<textcolor>-</textcolor>
						</control>
						<control type="panel" id="231">
							<visible>Container(9000).Hasfocus(11)</visible>
							<include>VisibleFadeEffect</include>
							<left>0</left>
							<top>0</top>
							<width>750</width>
							<height>530</height>
							<onleft>9000</onleft>
							<onright>238</onright>
							<onup>231</onup>
							<ondown>231</ondown>
							<viewtype label="535">panel</viewtype>
							<preloaditems>2</preloaditems>
							<pagecontrol>238</pagecontrol>
							<itemlayout width="375" height="130">
								<control type="image">
									<left>0</left>
									<top>0</top>
									<width>370</width>
									<height>125</height>
									<texture border="5">button-nofocus.png</texture>
								</control>
								<control type="image">
									<left>5</left>
									<top>5</top>
									<width>80</width>
									<height>115</height>
									<texture background="true">$INFO[ListItem.Icon]</texture>
									<aspectratio>keep</aspectratio>
								</control>
								<control type="image">
									<left>50</left>
									<top>70</top>
									<width>30</width>
									<height>30</height>
									<texture>OverlayWatched.png</texture>
									<visible>Integer.IsGreater(ListItem.Property(PlayCount),0)</visible>
								</control>
								<control type="label">
									<left>100</left>
									<top>10</top>
									<width>265</width>
									<height>12</height>
									<label>[B]$INFO[ListItem.Label][/B]</label>
									<font>font12</font>
									<textcolor>white</textcolor>
									<aligny>center</aligny>
								</control>
								<control type="label">
									<left>100</left>
									<top>30</top>
									<width>265</width>
									<height>15</height>
									<label>$INFO[ListItem.Property(Year),, - ]$INFO[ListItem.Property(Duration),, $LOCALIZE[12391]]</label>
									<font>font12</font>
									<textcolor>grey2</textcolor>
									<aligny>center</aligny>
									<visible>!String.Contains(ListItem.Property(Duration),min)</visible>
								</control>
								<control type="label">
									<left>100</left>
									<top>30</top>
									<width>265</width>
									<height>15</height>
									<label>$INFO[ListItem.Property(Year),, - ]$INFO[ListItem.Property(Duration)]</label>
									<font>font12</font>
									<textcolor>grey2</textcolor>
									<aligny>center</aligny>
									<visible>String.Contains(ListItem.Property(Duration),min)</visible>
								</control>
								<control type="textbox">
									<left>100</left>
									<top>47</top>
									<width>265</width>
									<height>73</height>
									<label>$INFO[ListItem.Property(Tagline)]</label>
									<font>font10</font>
									<textcolor>white</textcolor>
								</control>
								<control type="textbox">
									<left>100</left>
									<top>47</top>
									<width>265</width>
									<height>73</height>
									<label>$INFO[ListItem.Property(PlotOutline)]</label>
									<font>font10</font>
									<textcolor>white</textcolor>
									<visible>String.IsEmpty(ListItem.Property(TagLine))</visible>
								</control>
								<control type="textbox">
									<left>100</left>
									<top>47</top>
									<width>265</width>
									<height>73</height>
									<label>$INFO[ListItem.Property(Plot)]</label>
									<font>font10</font>
									<textcolor>white</textcolor>
									<visible>String.IsEmpty(ListItem.Property(TagLine)) + String.IsEmpty(ListItem.Property(PlotOutline))</visible>
								</control>
							</itemlayout>
							<focusedlayout width="375" height="130">
								<control type="image">
									<left>0</left>
									<top>0</top>
									<width>370</width>
									<height>125</height>
									<texture border="5">button-focus2.png</texture>
								</control>
								<control type="image">
									<left>5</left>
									<top>5</top>
									<width>80</width>
									<height>115</height>
									<texture background="true">$INFO[ListItem.Icon]</texture>
									<aspectratio>keep</aspectratio>
								</control>
								<control type="image">
									<left>50</left>
									<top>70</top>
									<width>30</width>
									<height>30</height>
									<texture>OverlayWatched.png</texture>
									<visible>Integer.IsGreater(ListItem.Property(PlayCount),0)</visible>
								</control>
								<control type="label">
									<left>100</left>
									<top>10</top>
									<width>265</width>
									<height>12</height>
									<label>[B]$INFO[ListItem.Label][/B]</label>
									<font>font12</font>
									<textcolor>white</textcolor>
									<aligny>center</aligny>
								</control>
								<control type="label">
									<left>100</left>
									<top>30</top>
									<width>265</width>
									<height>15</height>
									<label>$INFO[ListItem.Property(Year),, - ]$INFO[ListItem.Property(Duration),, $LOCALIZE[12391]]</label>
									<font>font12</font>
									<textcolor>grey2</textcolor>
									<aligny>center</aligny>
									<visible>!String.Contains(ListItem.Property(Duration),min)</visible>
								</control>
								<control type="label">
									<left>100</left>
									<top>30</top>
									<width>265</width>
									<height>15</height>
									<label>$INFO[ListItem.Property(Year),, - ]$INFO[ListItem.Property(Duration)]</label>
									<font>font12</font>
									<textcolor>grey2</textcolor>
									<aligny>center</aligny>
									<visible>String.Contains(ListItem.Property(Duration),min)</visible>
								</control>
								<control type="textbox">
									<left>100</left>
									<top>47</top>
									<width>265</width>
									<height>73</height>
									<label>$INFO[ListItem.Property(Tagline)]</label>
									<font>font10</font>
									<textcolor>white</textcolor>
								</control>
								<control type="textbox">
									<left>100</left>
									<top>47</top>
									<width>265</width>
									<height>73</height>
									<label>$INFO[ListItem.Property(PlotOutline)]</label>
									<font>font10</font>
									<textcolor>white</textcolor>
									<visible>String.IsEmpty(ListItem.Property(TagLine))</visible>
								</control>
								<control type="textbox">
									<left>100</left>
									<top>47</top>
									<width>265</width>
									<height>73</height>
									<label>$INFO[ListItem.Property(Plot)]</label>
									<font>font10</font>
									<textcolor>white</textcolor>
									<visible>String.IsEmpty(ListItem.Property(TagLine)) + String.IsEmpty(ListItem.Property(PlotOutline))</visible>
								</control>
							</focusedlayout>
						</control>
						<control type="scrollbar" id="238">
							<left>770</left>
							<top>0</top>
							<width>25</width>
							<height>530</height>
							<texturesliderbackground border="0,14,0,14">ScrollBarV.png</texturesliderbackground>
							<texturesliderbar border="0,14,0,14">ScrollBarV_bar.png</texturesliderbar>
							<texturesliderbarfocus border="0,14,0,14">ScrollBarV_bar_focus.png</texturesliderbarfocus>
							<textureslidernib>ScrollBarNib.png</textureslidernib>
							<textureslidernibfocus>ScrollBarNib.png</textureslidernibfocus>
							<onleft>231</onleft>
							<onright>9000</onright>
							<showonepage>false</showonepage>
							<orientation>vertical</orientation>
							<visible>Container(9000).Hasfocus(11)</visible>
						</control>
						<control type="label">
							<description>number of files/pages in list text label</description>
							<left>250</left>
							<top>530</top>
							<width>500</width>
							<height>35</height>
							<font>font12</font>
							<align>right</align>
							<aligny>center</aligny>
							<scroll>true</scroll>
							<textcolor>grey</textcolor>
							<label>([COLOR=blue]$INFO[Container(231).NumItems][/COLOR]) $LOCALIZE[31025] - $LOCALIZE[31024] ([COLOR=blue]$INFO[Container(231).CurrentPage]/$INFO[Container(231).NumPages][/COLOR])</label>
							<visible>Container(9000).Hasfocus(11)</visible>
						</control>
					</control>
				</control>
			</control>
		</control>
		<include>BehindDialogFadeOut</include>
	</controls>
</window>
