<?xml version="1.0" encoding="UTF-8"?>
<window>
	<defaultcontrol always="true">95</defaultcontrol>
	<controls>
		<include>CommonBackground</include>
		<include>ContentPanelBackgrounds</include>
		
		
		
		
		
		
		<control type="group">
			<left>90</left>
			<top>36</top>
			<animation type="WindowOpen" reversible="false">
				<effect type="zoom" start="80" end="100" center="640,360" easing="out" tween="back" time="225" />
				<effect type="fade" start="0" end="100" time="225" />
			</animation>
			<animation type="WindowClose" reversible="false">
				<effect type="zoom" start="100" end="80" center="640,360" easing="in" tween="back" time="225" />
				<effect type="fade" start="100" end="0" time="225" />
			</animation>
			
			<control type="image">
				<left>-10</left>
				<top>8</top>
				<width>260</width>
				<height>620</height>
				<texture border="5">black-back.png</texture>
				<animation effect="fade" end="65" time="0" condition="true">conditional</animation>
			</control>
			<control type="image">
				<left>-10</left>
				<top>8</top>
				<width>260</width>
				<height>620</height>
				<texture border="5">_added_img/black-back2-noborder.png</texture>
				<animation effect="fade" end="40" time="0" condition="true">conditional</animation>
			</control>
			
			<control type="grouplist" id="9000">
				<left>-10</left>
				<top>90</top>
				<width>260</width>
				<height>481</height>
				<itemgap>-1</itemgap>
				<onup>9000</onup>
				<ondown>9000</ondown>
				<onright>60</onright>
				<control type="button" id="95">
					<description>Button Summary Values</description>
					<height>60</height>
					<width>260</width>
					<align>right</align>
					<aligny>center</aligny>
					<font>Medium22</font>
					<textcolor>grey2+</textcolor>
					<focusedcolor>white</focusedcolor>
					<texturefocus border="4">MenuItemFO.png</texturefocus>
					<texturenofocus border="4">MenuItemNF666.png</texturenofocus>
					<pulseonselect>false</pulseonselect>
					<label>20037</label>
				</control>
				<control type="button" id="94">
					<description>Button Storage</description>
					<height>60</height>
					<width>260</width>
					<align>right</align>
					<aligny>center</aligny>
					<font>Medium22</font>
					<textcolor>grey2+</textcolor>
					<focusedcolor>white</focusedcolor>
					<texturefocus border="4">MenuItemFO.png</texturefocus>
					<texturenofocus border="4">MenuItemNF666.png</texturenofocus>
					<pulseonselect>false</pulseonselect>
					<label>13277</label>
				</control>
				<control type="button" id="96">
					<description>Button Network</description>
					<height>60</height>
					<width>260</width>
					<align>right</align>
					<aligny>center</aligny>
					<font>Medium22</font>
					<textcolor>grey2+</textcolor>
					<focusedcolor>white</focusedcolor>
					<texturefocus border="4">MenuItemFO.png</texturefocus>
					<texturenofocus border="4">MenuItemNF666.png</texturenofocus>
					<pulseonselect>false</pulseonselect>
					<label>13279</label>
				</control>
				<control type="button" id="97">
					<description>Button Video</description>
					<height>60</height>
					<width>260</width>
					<align>right</align>
					<aligny>center</aligny>
					<font>Medium22</font>
					<textcolor>grey2+</textcolor>
					<focusedcolor>white</focusedcolor>
					<texturefocus border="4">MenuItemFO.png</texturefocus>
					<texturenofocus border="4">MenuItemNF666.png</texturenofocus>
					<pulseonselect>false</pulseonselect>
					<label>13280</label>
				</control>
				<control type="button" id="98">
					<description>Button Hardware</description>
					<height>60</height>
					<width>260</width>
					<align>right</align>
					<aligny>center</aligny>
					<font>Medium22</font>
					<textcolor>grey2+</textcolor>
					<focusedcolor>white</focusedcolor>
					<texturefocus border="4">MenuItemFO.png</texturefocus>
					<texturenofocus border="4">MenuItemNF666.png</texturenofocus>
					<pulseonselect>false</pulseonselect>
					<label>13281</label>
				</control>
				<control type="button" id="99">
					<description>Button PVR</description>
					<height>60</height>
					<width>260</width>
					<align>right</align>
					<aligny>center</aligny>
					<font>Medium22</font>
					<textcolor>grey2+</textcolor>
					<focusedcolor>white</focusedcolor>
					<texturefocus border="4">MenuItemFO.png</texturefocus>
					<texturenofocus border="4">MenuItemNF666.png</texturenofocus>
					<pulseonselect>false</pulseonselect>
					<label>19191</label>
					<animation effect="fade" start="100" end="25" time="0" condition="!Control.IsEnabled(99)" reversible="true">conditional</animation>
				</control>
				
				<control type="button" id="100">
					<description>Button Policy</description>
					<height>60</height>
					<width>260</width>
					<align>right</align>
					<aligny>center</aligny>
					<font>Medium22</font>
					<textcolor>grey2+</textcolor>
					<focusedcolor>white</focusedcolor>
					<texturefocus border="4">MenuItemFO.png</texturefocus>
					<texturenofocus border="4">MenuItemNF666.png</texturenofocus>
					<pulseonselect>false</pulseonselect>
					<label>$LOCALIZE[12389]</label>
				</control>
				
			</control>
			<control type="image">
				<left>270</left>
				<top>10</top>
				<width>810</width>
				<height>618</height>
				<texture border="5">black-back.png</texture>
				<animation effect="fade" end="65" time="0" condition="true">Conditional</animation>
			</control>
			<control type="image">
				<left>270</left>
				<top>10</top>
				<width>810</width>
				<height>618</height>
				<texture border="5">_added_img/black-back2-noborder.png</texture>
				<animation effect="fade" end="40" time="0" condition="true">Conditional</animation>
			</control>
			<control type="image">
				<left>270</left>
				<top>10</top>
				<width>810</width>
				<height>52</height>
				<texture>dialogheader.png</texture>
				<animation effect="fade" end="60" time="0" condition="true">Conditional</animation>
			</control>
			<control type="label" id="40">
				<description>header label</description>
				<left>300</left>
				<top>20</top>
				<width>726</width>
				<height>30</height>
				<font>font16</font>
				<label>-</label>
				<align>center</align>
				<aligny>center</aligny>
				<textcolor>white</textcolor>
				<shadowcolor>black</shadowcolor>
			</control>
			<control type="group">
				<left>290</left>
				<top>94</top>
				<control type="label" id="2">
					<description>Label 2</description>
					<left>0</left>
					<top>0</top>
					<width>750</width>
					<label>-</label>
					<font>Regular20</font>
				</control>
				<control type="label" id="3">
					<description>Label 3</description>
					<left>0</left>
					<top>35</top>
					<width>750</width>
					<label>-</label>
					<font>Regular20</font>
				</control>
				<control type="label" id="4">
					<description>Label 4</description>
					<left>0</left>
					<top>70</top>
					<width>750</width>
					<label>-</label>
					<font>Regular20</font>
				</control>
				<control type="label" id="5">
					<description>Label 5</description>
					<left>0</left>
					<top>105</top>
					<width>750</width>
					<label>-</label>
					<font>Regular20</font>
				</control>
				<control type="label" id="6">
					<description>Label 6</description>
					<left>0</left>
					<top>140</top>
					<width>750</width>
					<label>-</label>
					<font>Regular20</font>
				</control>
				<control type="label" id="7">
					<description>Label 7</description>
					<left>0</left>
					<top>175</top>
					<width>750</width>
					<label>-</label>
					<font>Regular20</font>
				</control>
				<control type="label" id="8">
					<description>Label 8</description>
					<left>0</left>
					<top>210</top>
					<width>750</width>
					<label>-</label>
					<font>Regular20</font>
				</control>
				<control type="label" id="9">
					<description>Label 9</description>
					<left>0</left>
					<top>245</top>
					<width>750</width>
					<label>-</label>
					<font>Regular20</font>
				</control>
				<control type="label" id="10">
					<description>Label 10</description>
					<left>0</left>
					<top>280</top>
					<width>750</width>
					<label>-</label>
					<font>Regular20</font>
				</control>
				<control type="label" id="11">
					<description>Label 11</description>
					<left>0</left>
					<top>315</top>
					<width>750</width>
					<label>-</label>
					<font>Regular20</font>
				</control>
				<control type="label" id="12">
					<description>Label 12</description>
					<left>0</left>
					<top>350</top>
					<width>750</width>
					<label>-</label>
					<font>Regular20</font>
				</control>
				
				
				
				
				
				<control type="textbox" id="30">
					<left>0</left>
					<top>0</top>
					<width>750</width>
					<height>360</height>
					<pagecontrol>60</pagecontrol>
					<autoscroll>false</autoscroll>
					<font>Regular18</font>
				</control>
				<control type="scrollbar" id="60">
					<left>760</left>
					<top>-2</top>
					<width>24</width>
					<height>370</height>
					<texturesliderbackground border="10">_added_img/scrollbars/ScrollBarUni-bg.png</texturesliderbackground>
					<texturesliderbar border="10">_added_img/scrollbars/ScrollBarUni-bar.png</texturesliderbar>
					<texturesliderbarfocus border="10">_added_img/scrollbars/ScrollBarUni-bar-focus.png</texturesliderbarfocus>
					<textureslidernib>_added_img/scrollbars/ScrollBarUni-nib.png</textureslidernib>
					<textureslidernibfocus>_added_img/scrollbars/ScrollBarUni-nib.png</textureslidernibfocus>
					
					<onleft>9000</onleft>
					
					<showonepage>false</showonepage>
					<orientation>vertical</orientation>
					<visible>Control.IsVisible(30)</visible>
					<!--
					<animation effect="fade" start="100" end="25" time="0" condition="true">Conditional</animation>
					<enable>false</enable>
					-->
					<include>VisibleFadeEffect</include>
				</control>
				
				
				
				<control type="label">
					<description>CPU Text</description>
					<left>0</left>
					<top>385</top>
					<width>750</width>
					<height>25</height>
					<label>$LOCALIZE[13271]  $INFO[System.CPUUsage]</label>
					<align>left</align>
					<aligny>center</aligny>
					<textcolor>white</textcolor>
					<shadowcolor>black</shadowcolor>
					<font>font12_title</font>
				</control>
				<control type="progress">
					<description>CPU BAR</description>
					<left>0</left>
					<top>410</top>
					<width>750</width>
					<height>16</height>
					<info>System.CPUUsage</info>
				</control>
				
				<control type="label">
					<description>Memory Text</description>
					<left>0</left>
					<top>430</top>
					<width>auto</width>
					<height>25</height>
					<label>$LOCALIZE[31309]  $INFO[system.memory(used.percent)]     $INFO[system.memory(used)] [B]/[/B] $INFO[system.memory(total)]</label>
					<align>left</align>
					<aligny>center</aligny>
					<textcolor>white</textcolor>
					<shadowcolor>black</shadowcolor>
					<font>font12_title</font>
				</control>
				<control type="progress">
					<description>Memory BAR</description>
					<left>0</left>
					<top>455</top>
					<width>750</width>
					<height>16</height>
					<info>system.memory(used)</info>
				</control>
				
				<control type="grouplist">
					<description>Kodi build version</description>
					<itemgap>20</itemgap>
					<top>476</top>
					<left>0</left>
					<align>left</align>
					<orientation>horizontal</orientation>
					<control type="label">
						<description>Build label</description>
						<width>auto</width>
						<height>25</height>
						<label>$LOCALIZE[144]</label>
						<textcolor>white</textcolor>
						<shadowcolor>black</shadowcolor>
						<font>Regular20</font>
					</control>
					<control type="label" id="53">
						<description>Kodi Build Date</description>
						<width>auto</width>
						<textcolor>blue</textcolor>
						<shadowcolor>black</shadowcolor>
						<font>Regular20</font>
					</control>
					<control type="label" id="52">
						<description>Kodi Build Version</description>
						<width>auto</width>
						<textcolor>blue</textcolor>
						<shadowcolor>black</shadowcolor>
						<font>Regular20</font>
					</control>
				</control>
				<control type="label">
					<description>Kodi Build Version</description>
					<left>0</left>
					<top>502</top>
					<width>770</width>
					<textcolor>grey3</textcolor>
					<shadowcolor>black</shadowcolor>
					<font>Regular17</font>
					<label>$INFO[System.KernelVersion]</label>
					<visible>!String.IsEmpty(System.KernelVersion)</visible>
				</control>
				
			</control>
		</control>
		
		<include>CommonNowPlaying</include>
		<include>MainWindowMouseButtons</include>
		
		<include content="CommonWindowHeader">
			<param name="Icon" value="icon_system" />
			<param name="Label" value="$LOCALIZE[130]" />
		</include>
		
	</controls>
</window>
