<?xml version="1.0" encoding="UTF-8"?>
<window>
	<defaultcontrol always="true">5</defaultcontrol>
	<include>dialogeffect</include>
	<controls>
	
		<control type="image">
			<left>320</left>
			<top>0</top>
			<width>1280</width>
			<height>720</height>
			<texture>_added_img/100x100_black.png</texture>
			<animation effect="fade" start="0" end="93" time="0" condition="true">Conditional</animation>
			<visible>[Window.IsVisible(OSDAudioSettings) | Window.IsVisible(OSDVideoSettings)] + !Window.IsVisible(SliderDialog)</visible>
		</control>
		
		<control type="group">
		
			<left>240</left>
			<top>32</top>
			
			
			
			<animation effect="slide" start="0,0" end="120,30" time="0" condition="Window.IsVisible(OSDAudioSettings) | Window.IsVisible(OSDVideoSettings)">Conditional</animation>
			
			
			
			<animation effect="fade" start="100" end="0" time="150" condition="Window.Is(ContentSettings) + Window.IsActive(AddonSettings)">Conditional</animation>
			<animation effect="fade" start="100" end="0" time="300" condition="[Window.Is(OSDAudioSettings) | Window.Is(OSDVideoSettings)] + [Window.IsVisible(SliderDialog) | Window.IsVisible(OSDAudioDSPSettings) |  Window.IsVisible(FileBrowser)]">Conditional</animation>
			<animation effect="fade" start="100" end="0" time="400" condition="Window.Is(OSDAudioDSPSettings) + Window.IsVisible(SliderDialog)">Conditional</animation>
			
			<include condition="!Window.IsVisible(OSDAudioSettings) + !Window.IsVisible(OSDVideoSettings)" content="DialogBackgroundCommons">
				<param name="DialogBackgroundWidth" value="800" />
				<param name="DialogBackgroundHeight" value="655" />
				<param name="DialogHeaderWidth" value="788" />
				<param name="DialogHeaderId" value="2" />
				<param name="CloseButtonLeft" value="725" />
				<param name="CloseButtonNav" value="5" />
			</include>
			
			<control type="button" id="5234">
				<description>Close Window button</description>
				<left>740</left>
				<top>6</top>
				<width>64</width>
				<height>32</height>
				<label>-</label>
				<font>-</font>
				<onclick>PreviousMenu</onclick>
				<texturefocus>DialogCloseButton-focus.png</texturefocus>
				<texturenofocus>DialogCloseButton.png</texturenofocus>
				<onleft>5</onleft>
				<onright>5</onright>
				<onup>noop</onup>
				<ondown>5</ondown>
				<visible>[System.GetBool(input.enablemouse) + Skin.HasSetting(ShowMouseControlButtons)] + [Window.IsVisible(OSDAudioSettings) | Window.IsVisible(OSDVideoSettings)]</visible>
			</control>
			
			<control type="grouplist" id="5">
				<animation effect="slide" start="0,0" end="-10,0" time="0" condition="Control.IsVisible(60) + ![Window.IsVisible(OSDAudioSettings) | Window.IsVisible(OSDVideoSettings)]">Conditional</animation>
				<description>control area</description>
				<left>35</left>
				<top>70</top>
				<width>730</width>
				<height>505</height><!-- 308 -->
				<itemgap>4</itemgap>
				<pagecontrol>60</pagecontrol>
				<onleft>noop</onleft>
				<onup>noop</onup>
				<onright>60</onright>
				<ondown>9001</ondown>
			</control>
			<control type="scrollbar" id="60">
				
				<animation effect="slide" start="0,0" end="24,0" time="0" condition="Window.IsVisible(OSDAudioSettings) | Window.IsVisible(OSDVideoSettings)">Conditional</animation>
				
				<left>762</left>
				<top>62</top>
				<width>20</width>
				<height>522</height><!-- 308 -->
				<texturesliderbackground border="10">scrollbars/ScrollBarUni-bg.png</texturesliderbackground>
				<texturesliderbar border="10">scrollbars/ScrollBarUni-bar.png</texturesliderbar>
				<texturesliderbarfocus border="10">scrollbars/ScrollBarUni-bar-focus.png</texturesliderbarfocus>
				<textureslidernib>scrollbars/ScrollBarUni-nib.png</textureslidernib>
				<textureslidernibfocus>scrollbars/ScrollBarUni-nib.png</textureslidernibfocus>
				<onleft>5</onleft>
				<onright>noop</onright>
				<ondown>60</ondown>
				<onup>60</onup>
				<showonepage>false</showonepage>
				<orientation>vertical</orientation>
			</control>
			<control type="button" id="7">
				<description>Default Button</description>
				<height>40</height>
				<font>Regular20</font>
				<texturenofocus border="4">button-nofocus666.png</texturenofocus>
				<texturefocus border="4">button-focus2.png</texturefocus>
			</control>
			<control type="radiobutton" id="8">
				<description>Default RadioButton</description>
				<height>40</height>
				<font>Regular20</font>
				<texturenofocus border="4">button-nofocus666.png</texturenofocus>
				<texturefocus border="4">button-focus2.png</texturefocus>
			</control>
			<control type="spincontrolex" id="9">
				<description>Default SpinControlex</description>
				<height>40</height>
				<font>Regular20</font>
				<textcolor>grey2</textcolor>
				<focusedcolor>white</focusedcolor>
				<texturenofocus border="4">button-nofocus666.png</texturenofocus>
				<texturefocus border="4">button-focus2.png</texturefocus>
				<aligny>center</aligny>
				<reverse>yes</reverse>
			</control>
			<control type="image" id="11">
				<description>separator image</description>
				<height>2</height>
				<texture border="0,0,0,4">separator3.png</texture>
			</control>
			<control type="edit" id="12">
				<description>Default Edit</description>
				<height>40</height>
				<font>Regular20</font>
				<textcolor>grey2</textcolor>
				<focusedcolor>white</focusedcolor>
				<texturenofocus border="4">button-nofocus666.png</texturenofocus>
				<texturefocus border="4">button-focus2.png</texturefocus>
			</control>
			<control type="sliderex" id="13">
				<description>Default Slider</description>
				<height>40</height>
				<texturenofocus border="4">button-nofocus666.png</texturenofocus>
				<texturefocus border="4">button-focus2.png</texturefocus>
				<font>Regular20</font>
				<textcolor>grey2</textcolor>
				<focusedcolor>white</focusedcolor>
			</control>
			<control type="label" id="14">
				<description>Default Heading</description>
				<height>34</height>
				<font>Regular20</font>
				<align>center</align>
				<aligny>center</aligny>
				<textcolor>blue</textcolor>
				<shadowcolor>black</shadowcolor>
			</control>
			<control type="group">
				<visible>![Window.IsVisible(OSDAudioSettings) | Window.IsVisible(OSDVideoSettings)]</visible>
				<control type="grouplist" id="9001">
					<left>170</left>
					<top>590</top><!-- 393 -->
					<width>460</width>
					<align>center</align>
					<itemgap>20</itemgap>
					<orientation>horizontal</orientation>
				
					<onup>5</onup>
					<onleft>noop</onleft>
					<onright>noop</onright>
					<ondown>noop</ondown>
					
					<control type="button" id="28">
						<description>OK Button</description>
						<top>0</top>
						<width>200</width>
						<height>42</height>
						<align>center</align>
						<aligny>center</aligny>
						<font>Medium18</font>
						<onup>5</onup>
						<onleft>28</onleft>
						<onright>29</onright>
						<ondown>28</ondown>
						<include>ButtonInfoDialogsCommonValues</include>
					</control>
					<control type="button" id="29">
						<description>Cancel Button</description>
						<top>0</top>
						<width>200</width>
						<height>42</height>
						<align>center</align>
						<aligny>center</aligny>
						<font>Medium18</font>
						<label/>
						<onup>5</onup>
						<onleft>28</onleft>
						<onright>30</onright>
						<ondown>29</ondown>
						<include>ButtonInfoDialogsCommonValues</include>
					</control>
					<control type="button" id="30">
						<description>Settings Button</description>
						<top>0</top>
						<width>200</width>
						<height>42</height>
						<align>center</align>
						<aligny>center</aligny>
						<font>Medium18</font>
						<onup>5</onup>
						<onleft>29</onleft>
						<onright>30</onright>
						<ondown>30</ondown>
						<include>ButtonInfoDialogsCommonValues</include>
					</control>
				</control>
			</control>
		</control>
		
		<control type="image">
			<left>0</left>
			<top>0</top>
			<width>1280</width>
			<height>720</height>
			<texture>_added_img/100x100_black.png</texture>
			<visible>[Window.IsVisible(OSDAudioSettings) | Window.IsVisible(OSDVideoSettings)] + [Window.IsVisible(SelectDialog) | Window.IsActive(YesNoDialog) | Window.IsVisible(OkDialog) | Window.IsVisible(ProgressDialog)]</visible>
			<animation effect="fade" start="0" end="75" time="300">Visible</animation>
		</control>
		
		
		
	</controls>
</window>
