<?xml version="1.0" encoding="UTF-8"?>
<includes>
	
	<include name="VideoCodecFlaggingConditions">
		<control type="image">
			<description>Video rez Image</description>
			<width>62</width>
			<height>36</height>
			<aspectratio align="left">keep</aspectratio>
			<texture>$INFO[ListItem.VideoResolution,flagging/video/,.png]</texture>
		</control>
		<control type="image">
			<description>Codec Image</description>
			<width>76</width>
			<height>36</height>
			<aspectratio align="left">keep</aspectratio>
			<texture>$VAR[videocodec,flagging/video/,.png]</texture>
		</control>
	</include>
	
	<include name="VideoCodecFlaggingConditionsResOnly">
		<control type="image">
			<description>Video rez Image</description>
			<width>62</width>
			<height>36</height>
			<aspectratio align="left">keep</aspectratio>
			<texture>$INFO[ListItem.VideoResolution,flagging/video/,.png]</texture>
			<visible>!String.IsEmpty(ListItem.VideoResolution)</visible>
		</control>
	</include>
	
	<include name="VideoStereoscopicsFlaggingConditions">
		<control type="image">
			<description>Video stereoscopics flagging image</description>
			<width>48</width>
			<height>36</height>
			<aspectratio align="left">keep</aspectratio>
			<texture>flagging/video/3D.png</texture>
			<visible>ListItem.IsStereoscopic</visible>
		</control>
	</include>
	
	<!--
	<include name="VideoTypeHackFlaggingConditions">
		<control type="image">
			<description>Video Type Image</description>
			<width>80</width>
			<height>36</height>
			<aspectratio align="left">keep</aspectratio>
			<texture>$VAR[typehackflagging,flagging/video/,.png]</texture>
			<visible>!Skin.HasSetting(HideFilenameFlagging)</visible>
		</control>
	</include>
	-->
	<include name="VideoMPAAFlaggingConditions">
		<control type="image">
			<description>Rating image</description>
			<width>76</width>
			<height>36</height>
			<aspectratio align="left">keep</aspectratio>
			<texture>$VAR[rating,flagging/ratings/,.png]</texture>
			<visible>!String.IsEmpty(ListItem.Mpaa)</visible>
		</control>
	</include>
	<include name="AudioCodecFlaggingConditions">
		<control type="image">
			<description>Audio Codec Image</description>
			<width>76</width>
			<height>36</height>
			<aspectratio align="left">keep</aspectratio>
			<texture>$INFO[ListItem.AudioCodec,flagging/audio/,.png]</texture>
		</control>
	</include>
	<include name="AudioChannelsFlaggingConditions">
		<control type="image">
			<description>Audio Codec Image</description>
			<width>48</width>
			<height>36</height>
			<aspectratio align="left">keep</aspectratio>
			<texture>$INFO[ListItem.AudioChannels,flagging/audio/,.png]</texture>
			<visible>!String.IsEmpty(ListItem.AudioChannels)</visible>
		</control>
	</include>
	<include name="AspectCodecFlaggingConditions">
		<control type="image">
			<description>Aspectratio Image</description>
			<width>48</width>
			<height>36</height>
			<aspectratio align="left">keep</aspectratio>
			<texture>$INFO[ListItem.VideoAspect,flagging/aspectratio/,.png]</texture>
		</control>
	</include>
	
	
	
	<include name="VideoRatingStars">
		<control type="image">
			<description>Rating stars</description>
			<width>120</width>
			<height>36</height>
			<aspectratio align="left">keep</aspectratio>
			<texture>$VAR[ratingstars,flagging/ratingstars/stars,.png]</texture>
			<visible>String.Contains(ListItem.rating,.)</visible>
		</control>
	</include>
	
	
	
</includes>
