<?xml version="1.0" encoding="UTF-8"?>
<window>
	<defaultcontrol></defaultcontrol>
	
	<!--
	<onload condition="Window.IsVisible(1110)">Dialog.Close(1110,true)</onload>
	<onload condition="Window.IsVisible(movieinformation)">Dialog.Close(movieinformation,true)</onload>
	-->
	
	
	<!--<onload condition="!String.IsEmpty(Window(home).Property(OSDinfodialogButtonActive))">SetProperty(OSDinfodialogButtonActive,"",home)</onload>-->
	<onload condition="!String.IsEmpty(Window(home).Property(OSDinfodialogButtonActive))">ClearProperty(OSDinfodialogButtonActive,home)</onload>
	<onload condition="!String.IsEmpty(Player.Art(poster))">SetProperty(PlayerArtPosterTemp,"$INFO[Player.Art(poster)]",home)</onload>
	<!--<onload>Notification(DRCid,AudioCodec: $INFO[VideoPlayer.AudioCodec],1000)</onload>-->
	<!--<onload>Notification(DRCid,XXX: $VAR[VideoPlayerAudioLanguage] $VAR[SubtitlesLanguage],1000)</onload>-->
	
	
	<controls>
		<!-- media infos -->
		<control type="group" id="1">
			
			<control type="group" id="1">
				<!-- FADEOUT TOP -->
				<control type="image" id="1">
					<left>-20</left>
					<top>-100</top>
					<width>1320</width>
					<height>180</height>
					<texture flipy="true" border="1">HomeNowPlayingBack.png</texture>
					<animation effect="fade" end="75" time="0" condition="true">Conditional</animation>
				</control>
				<visible>[!String.IsEmpty(Player.SeekNumeric) | Window.IsVisible(SeekBar) | Player.ShowInfo | Window.IsActive(VideoOSD)] 
					+ !Window.IsVisible(SliderDialog)</visible>
				<animation effect="fade" end="100" time="700">Visible</animation>
				<animation effect="fade" end="0" time="150">Hidden</animation>
			</control>
			
			<control type="group" id="1">
				<depth>DepthOSD</depth>
				<!--
				<visible>[Player.ShowInfo | Window.IsActive(VideoOSD)] + ![Window.IsVisible(OSDVideoSettings) | Window.IsVisible(OSDAudioSettings) | Window.IsVisible(OSDAudioDSPSettings) | Window.IsVisible(VideoBookmarks) | Window.IsVisible(PVROSDChannels) | Window.IsVisible(PVRChannelGuide) | Window.IsVisible(SliderDialog)]</visible>
				dont hide test
				-->
				<visible>[Window.IsVisible(SeekBar) | Player.ShowInfo | Window.IsActive(VideoOSD)] 
									+ !Window.IsVisible(SliderDialog)</visible>
				<!--
				<animation effect="fade" time="150">VisibleChange</animation>
				-->
				<!--
				<animation condition="![Player.Paused + String.Contains(Player.Process(pixformat),madVR)]" effect="fade" end="100" time="700">Visible</animation>
				<animation condition="Player.Paused + String.Contains(Player.Process(pixformat),madVR)" effect="fade" end="100" time="0">Visible</animation>
				-->
				<animation effect="fade" end="100" time="700">Visible</animation>
				<animation effect="fade" end="0" time="150">Hidden</animation>
				
				<!-- FADEOUT TOP -->
				<!--
				<control type="image" id="1">
					<left>-20</left>
					<top>-100</top>
					<width>1320</width>
					<height>180</height>
					<texture flipy="true" border="1">HomeNowPlayingBack.png</texture>
					<animation effect="fade" end="75" time="0" condition="true">Conditional</animation>
					<visible>false</visible>
				</control>
				-->
				<control type="label" id="1">
					<description>Chapter Count Header label</description>
					<left>20</left>
					<top>6</top>
					<width>1000</width>
					<height>26</height>
					<align>left</align>
					<aligny>center</aligny>
					<font>Regular20</font>
					<textcolor>white</textcolor>
					<!--
					<label>$INFO[Player.Chapter,$LOCALIZE[21396]  ]$INFO[Player.ChapterCount, / ]$INFO[Player.ChapterName,[COLOR=grey]  (,)[/COLOR]]</label>
					-->
					<label>$INFO[Player.Chapter,$LOCALIZE[21396]  ]$INFO[Player.ChapterCount, / ]</label>
					<visible>Player.ChapterCount + !VideoPlayer.Content(LiveTV)</visible>
				</control>
				<control type="label" id="1">
					<description>Channel Group label</description>
					<left>20</left>
					<top>6</top>
					<width>1000</width>
					<height>26</height>
					<align>left</align>
					<aligny>center</aligny>
					<font>Regular20</font>
					<textcolor>white</textcolor>
					<label>$INFO[VideoPlayer.ChannelGroup,$LOCALIZE[31509]: ]</label>
					<visible>VideoPlayer.Content(LiveTV)</visible>
				</control>
				<control type="label" id="1">
					<description>Clock label</description>
					<left>460</left>
					<top>6</top>
					<width>800</width>
					<height>26</height>
					<align>right</align>
					<aligny>center</aligny>
					<font>Regular20</font>
					<textcolor>white</textcolor>
					<label>$INFO[System.Time]</label>
					<animation effect="slide" start="0,0" end="-56,0" time="0" condition="[System.GetBool(input.enablemouse) + Skin.HasSetting(ShowMouseControlButtons)] + Window.IsVisible(VideoOSD)">conditional</animation>
					<visible>!String.IsEqual(Skin.String(HomeDateTimeType),2)</visible>
				</control>
				
				<!-- FADEOUT BOTTOM -->
				<control type="image" id="1">
					<left>-20</left>
					<top>258r</top><!-- 230 ! -->
					<width>1320</width>
					<height>260</height>
					<texture border="1">HomeNowPlayingBack.png</texture>
					<animation effect="fade" end="98" time="0" condition="true">Conditional</animation><!-- orig 98 -->
				</control>
				
				<!-- POSTER / IMAGE / ICON -->
				<!--
				VideoPlayer.Content(Episodes) | !String.IsEmpty(VideoPlayer.TVShowTitle)
				-->
				
				<!-- Episodes -->
				
				<!-- Episode + poster reduced -->
				<control type="image" id="1">
					<depth>DepthOSDPopout</depth>
					<description>cover image</description>
					<left>238</left>
					<top>248r</top>
					<width>76</width>
					<height>114</height>
					<texture fallback="DefaultVideoCover.png">$VAR[TvShowEpisodePlayerArt]</texture>
					<aspectratio align="center" aligny="center">scale</aspectratio>
					<visible>!Skin.HasSetting(DisableReducedFullScreenInfoOSD) + VideoPlayer.Content(Episodes) 
									+ [!String.IsEmpty(Player.Art(season.poster)) | !String.IsEmpty(Player.Art(tvshow.poster))] 
									+ ![VideoPlayer.Content(Movies) | VideoPlayer.Content(LiveTV)] + Window.IsVisible(VideoOSD)</visible>
					<include condition="!Skin.HasSetting(DisableReducedFullScreenInfoOSD)">FullScreenInfoVisibleAnimations</include>
				</control>
				<!-- Episode + poster regular -->
				<control type="image" id="1">
					<depth>DepthOSDPopout</depth>
					<description>cover image</description>
					<left>20</left>
					<top>350r</top>
					<width>300</width>
					<height>330</height>
					<texture fallback="DefaultVideoCover.png">$VAR[TvShowEpisodePlayerArt]</texture>
					<aspectratio aligny="bottom">keep</aspectratio>
					<bordertexture border="8">ThumbShadow666.png</bordertexture>
					<bordersize>8</bordersize>
					<visible>Skin.HasSetting(DisableReducedFullScreenInfoOSD) + VideoPlayer.Content(Episodes) 
									+ [!String.IsEmpty(Player.Art(season.poster)) | !String.IsEmpty(Player.Art(tvshow.poster))] 
									+ ![VideoPlayer.Content(Movies) | VideoPlayer.Content(LiveTV)]</visible>
				</control>
				
				<!-- Videos -->
				
				<!-- Video reduced -->
				<control type="image" id="1">
					<depth>DepthOSDPopout</depth>
					<left>194</left>
					<top>252r</top>
					<width>120</width>
					<height>120</height>
					<texture>_added_img/100x100_black.png</texture>
					<aspectratio align="center" aligny="center">scale</aspectratio>
					<visible>PVR.IsPlayingRecording + !Skin.HasSetting(DisableReducedFullScreenInfoOSD) + [
										!VideoPlayer.Content(Episodes) 
										| [VideoPlayer.Content(Episodes) + String.IsEmpty(Player.Art(season.poster)) 
											+ String.IsEmpty(Player.Art(tvshow.poster))] 
										]
										+ ![VideoPlayer.Content(Movies) | VideoPlayer.Content(LiveTV)] + Window.IsVisible(VideoOSD)</visible>
					<!--<animation effect="fade" end="50" time="0" condition="true">Conditional</animation>-->
					<include condition="!Skin.HasSetting(DisableReducedFullScreenInfoOSD)">FullScreenInfoVisibleAnimations50</include>
				</control>
				<control type="image" id="1">
					<depth>DepthOSDPopout</depth>
					<description>cover image</description>
					<left>200</left>
					<top>246r</top>
					<width>108</width>
					<height>108</height>
					<texture fallback="DefaultPVRChannels.png">$INFO[Player.Art(thumb)]</texture><!--DefaultVideoCover-->
					<aspectratio align="center" aligny="center">keep</aspectratio>
					<visible>PVR.IsPlayingRecording + !Skin.HasSetting(DisableReducedFullScreenInfoOSD) + [
										!VideoPlayer.Content(Episodes) 
										| [VideoPlayer.Content(Episodes) + String.IsEmpty(Player.Art(season.poster)) 
											+ String.IsEmpty(Player.Art(tvshow.poster))] 
										]
										+ ![VideoPlayer.Content(Movies) | VideoPlayer.Content(LiveTV)] + Window.IsVisible(VideoOSD)</visible>
					<include condition="!Skin.HasSetting(DisableReducedFullScreenInfoOSD)">FullScreenInfoVisibleAnimations</include>
				</control>
				<!-- Video regular -->
				<control type="image" id="1">
					<depth>DepthOSDPopout</depth>
					<description>cover image</description>
					<left>20</left>
					<top>250r</top>
					<width>300</width>
					<height>230</height>
					<texture fallback="DefaultVideoCover.png">$INFO[Player.Art(thumb)]</texture>
					<aspectratio aligny="bottom">keep</aspectratio>
					<bordertexture border="8">ThumbShadow666.png</bordertexture>
					<bordersize>8</bordersize>
					<visible>Skin.HasSetting(DisableReducedFullScreenInfoOSD) + [
										!VideoPlayer.Content(Episodes) 
										| [VideoPlayer.Content(Episodes) + String.IsEmpty(Player.Art(season.poster)) 
											+ String.IsEmpty(Player.Art(tvshow.poster))] 
										]
										+ ![VideoPlayer.Content(Movies) | VideoPlayer.Content(LiveTV)]</visible>
				</control>
				
				<!-- MOVIES: Show player poster or thumb -->
				
				<!-- movie + poster reduced -->
				<control type="image" id="1">
					<depth>DepthOSDPopout</depth>
					<description>Movie cover image</description>
					<left>238</left>
					<top>248r</top>
					<width>76</width>
					<height>114</height>
					<texture fallback="DefaultVideoCover.png">$INFO[Player.Art(poster)]</texture>
					<aspectratio align="center" aligny="center">scale</aspectratio>
					<bordertexture>ThumbShadow666.png</bordertexture>
					<visible>!Skin.HasSetting(DisableReducedFullScreenInfoOSD) + VideoPlayer.Content(Movies) + !String.IsEmpty(Player.Art(poster)) + Window.IsVisible(VideoOSD)</visible>
					<include condition="!Skin.HasSetting(DisableReducedFullScreenInfoOSD)">FullScreenInfoVisibleAnimations</include>
				</control>
				
				<!-- movie + poster regular -->
				<control type="image" id="1">
					<depth>DepthOSDPopout</depth>
					<description>Movie cover image</description>
					<left>20</left>
					<top>350r</top>
					<width>300</width>
					<height>330</height><!-- 330 -->
					<texture fallback="DefaultVideoCover.png">$INFO[Player.Art(poster)]</texture>
					<aspectratio aligny="bottom">keep</aspectratio>
					<bordertexture border="8">ThumbShadow666.png</bordertexture>
					<bordersize>8</bordersize>
					<visible>Skin.HasSetting(DisableReducedFullScreenInfoOSD) + VideoPlayer.Content(Movies) + !String.IsEmpty(Player.Art(poster))</visible>
				</control>
				<!-- movie w/o poster regular -->
				<control type="image" id="1">
					<depth>DepthOSDPopout</depth>
					<description>Movie cover image</description>
					<left>20</left>
					<top>350r</top>
					<width>300</width>
					<height>330</height>
					<texture fallback="DefaultVideoCover.png">$INFO[Player.Art(thumb)]</texture>
					<aspectratio aligny="bottom">keep</aspectratio>
					<bordertexture border="8">ThumbShadow666.png</bordertexture>
					<bordersize>8</bordersize>
					<visible>Skin.HasSetting(DisableReducedFullScreenInfoOSD) + VideoPlayer.Content(Movies) + String.IsEmpty(Player.Art(poster))</visible>
				</control>
				
				<!-- LiveTV icon reduced -->
				<control type="image" id="1">
					<depth>DepthOSDPopout</depth>
					<left>194</left>
					<top>252r</top>
					<width>120</width>
					<height>120</height>
					<texture>_added_img/100x100_black.png</texture>
					<aspectratio align="center" aligny="center">scale</aspectratio>
					<visible>!Skin.HasSetting(DisableReducedFullScreenInfoOSD) + VideoPlayer.Content(LiveTV)</visible>
					<animation effect="fade" end="50" time="0" condition="true">Conditional</animation>
				</control>
				<control type="image" id="1">
					<depth>DepthOSDPopout</depth>
					<description>Picon image</description>
					<left>200</left>
					<top>246r</top>
					<width>108</width>
					<height>108</height>
					<texture fallback="DefaultPVRChannels.png">$INFO[Player.Art(thumb)]</texture>
					<aspectratio align="center" aligny="center">keep</aspectratio>
					<visible>!Skin.HasSetting(DisableReducedFullScreenInfoOSD) + VideoPlayer.Content(LiveTV)</visible>
					<fadetime>75</fadetime>
				</control>
				<!-- LiveTV icon regular -->
				<control type="image" id="1">
					<depth>DepthOSDPopout</depth>
					<description>Picon image</description>
					<left>20</left>
					<top>200r</top>
					<width>300</width>
					<height>150</height>
					<texture fallback="DefaultPVRChannels.png">$INFO[Player.Art(thumb)]</texture>
					<aspectratio aligny="center">keep</aspectratio>
					<visible>Skin.HasSetting(DisableReducedFullScreenInfoOSD) + VideoPlayer.Content(LiveTV)</visible>
					<fadetime>75</fadetime>
				</control>
				
				
				
				<control type="group" id="1">
					<left>338</left><!-- 350 -->
					<top>262r</top><!-- 195r 232r -->
					
					<!-- NOW PLAYING -->
					<control type="label" id="1">
						<description>Heading label</description>
						<left>0</left>
						<top>0</top>
						<width>910</width>
						<height>25</height>
						<align>left</align>
						<aligny>center</aligny>
						<font>Regular20</font>
						<label>$LOCALIZE[31040]</label>
						<textcolor>white</textcolor>
						<shadowcolor>black</shadowcolor>
						<!--
						<visible>true | [!VideoPlayer.Content(LiveTV) + !Pvr.IsPlayingRecording + !VideoPlayer.Content(Movies) + !VideoPlayer.Content(Episodes) + String.IsEmpty(VideoPlayer.TVShowTitle)] | [VideoPlayer.Content(LiveTV) + !Pvr.IsPlayingRecording + 
								![[VideoPlayer.Content(LiveTV) + PVR.IsRecordingPlayingChannel] + [!System.GetBool(pvrplayback.confirmchannelswitch) | [System.GetBool(pvrplayback.confirmchannelswitch) + !Player.ChannelPreviewActive]]]</visible>
								-->
						<visible>false + ![VideoPlayer.Content(LiveTV) + PVR.IsRecordingPlayingChannel] + 
								[!System.GetBool(pvrplayback.confirmchannelswitch) | [System.GetBool(pvrplayback.confirmchannelswitch) + !Player.ChannelPreviewActive]]</visible>
						<animation effect="slide" start="0,0" end="0,25" time="0" condition="!VideoPlayer.Content(Movies) + !VideoPlayer.Content(Episodes) + String.IsEmpty(VideoPlayer.TVShowTitle) + !VideoPlayer.Content(MusicVideos) + !VideoPlayer.Content(LiveTV) + !PVR.IsPlayingRecording">conditional</animation>
						<animation effect="fade" time="0" delay="200">Visible</animation><!-- fix gui flicker -->
					</control>
					
					<!-- NOW RECORDING -->
					<control type="image" id="1">
						
						<animation effect="slide" start="0,0" end="0,24" time="0" condition="!Skin.HasSetting(DisableReducedFullScreenInfoOSD)">conditional</animation>
						
						<top>2</top>
						<left>-6</left>
						<width>26</width>
						<height>26</height>
						<aspectratio align="center" aligny="center">keep</aspectratio>
						<texture>PVR-IsRecording.png</texture>
						<visible>VideoPlayer.Content(LiveTV) + PVR.IsRecordingPlayingChannel + !Player.ChannelPreviewActive</visible>
					</control>
					<control type="label" id="1">
						<description>Heading label</description>
						
						<animation effect="slide" start="0,0" end="0,24" time="0" condition="!Skin.HasSetting(DisableReducedFullScreenInfoOSD)">conditional</animation>
						
						<left>26</left>
						<top>2</top>
						<width>860</width>
						<height>25</height>
						<align>left</align>
						<aligny>center</aligny>
						<font>Regular20</font>
						<label>$LOCALIZE[19158]</label>
						<textcolor>white</textcolor>
						<shadowcolor>black</shadowcolor>
						<visible>VideoPlayer.Content(LiveTV) + PVR.IsRecordingPlayingChannel + !Player.ChannelPreviewActive</visible>
					</control>
					
					<control type="label" id="1">
						
						<animation effect="slide" start="0,0" end="0,46" time="0" condition="!Skin.HasSetting(DisableReducedFullScreenInfoOSD)">conditional</animation>
						
						<description>Studio label</description>
						<left>2</left>
						<top>30</top>
						<width>420</width><!-- 910 -->
						<height>25</height>
						<align>left</align>
						<font>Light17</font>
						<label>$VAR[VideoPlayerStudioLabelOnlyFirst]</label><!--<label>$INFO[VideoPlayer.Year,,    ]$VAR[VideoPlayerStudioLabelOnlyFirst]</label>-->
						<textcolor>grey2</textcolor>
						<shadowcolor>black</shadowcolor>
						<visible>Skin.HasSetting(DisableReducedFullScreenInfoOSD) + VideoPlayer.Content(Movies)</visible>
					</control>
					<control type="label" id="1">
						
						<animation effect="slide" start="0,0" end="0,46" time="0" condition="!Skin.HasSetting(DisableReducedFullScreenInfoOSD)">conditional</animation>
						
						<description>TV Show label</description>
						<left>2</left>
						<top>30</top>
						<width>800</width><!-- 910 -->
						<height>25</height>
						<align>left</align>
						<font>Light17</font>
						<!--
						<label>$INFO[VideoPlayer.TVShowTitle]$INFO[VideoPlayer.Season, ($LOCALIZE[20373] , – ]$INFO[VideoPlayer.Episode,$LOCALIZE[20359] ,)]$INFO[VideoPlayer.Premiered, (,)]</label>
						-->
						<!--
						<label>$INFO[VideoPlayer.TVShowTitle]$INFO[VideoPlayer.Season, ($LOCALIZE[20373] , – ]$INFO[VideoPlayer.Episode,$LOCALIZE[20359] ,)]</label>
						-->
						<label>$INFO[VideoPlayer.TVShowTitle][COLOR=grey2]$INFO[VideoPlayer.Season,   S,]$INFO[VideoPlayer.Episode, E,][/COLOR]</label>
						<textcolor>grey2</textcolor>
						<shadowcolor>black</shadowcolor>
						<visible>[Skin.HasSetting(DisableReducedFullScreenInfoOSD) | [!Skin.HasSetting(DisableReducedFullScreenInfoOSD) + Window.IsActive(VideoOSD)]] + [VideoPlayer.Content(Episodes) | !String.IsEmpty(VideoPlayer.TVShowTitle)]</visible>
						
						<include condition="!Skin.HasSetting(DisableReducedFullScreenInfoOSD)">FullScreenInfoVisibleAnimations</include>
						
					</control>
					<control type="label" id="1">
						
						<animation effect="slide" start="0,0" end="0,46" time="0" condition="!Skin.HasSetting(DisableReducedFullScreenInfoOSD)">conditional</animation>
						
						<description>Music Info label</description>
						<left>2</left>
						<top>30</top>
						<width>800</width><!-- 910 -->
						<height>25</height>
						<align>left</align>
						<font>Light17</font>
						<label>$INFO[VideoPlayer.Artist]$INFO[VideoPlayer.Album, – ]$INFO[VideoPlayer.Year, (,)]</label>
						<textcolor>grey2</textcolor>
						<shadowcolor>black</shadowcolor>
						<visible>VideoPlayer.Content(MusicVideos)</visible>
					</control>
					<control type="label" id="1">
						
						<animation effect="slide" start="0,0" end="0,46" time="0" condition="!Skin.HasSetting(DisableReducedFullScreenInfoOSD)">conditional</animation>
						
						<description>LiveTV Info label</description>
						<left>2</left>
						<top>30</top>
						<width>800</width><!-- 910 -->
						<height>25</height>
						<align>left</align>
						<font>Light17</font>
						<!--
						<label>$INFO[VideoPlayer.ChannelNumberLabel,[COLOR=blue],.[/COLOR]  ]$INFO[VideoPlayer.ChannelName]$INFO[VideoPlayer.EpisodeName, (,)]</label>
						-->
						<label>$INFO[VideoPlayer.ChannelNumberLabel,[COLOR=blue],[/COLOR]    ]$INFO[VideoPlayer.ChannelName]</label>
						<textcolor>grey2</textcolor>
						<shadowcolor>black</shadowcolor>
						<visible>VideoPlayer.Content(LiveTV) | PVR.IsPlayingRecording</visible>
					</control>
					<control type="grouplist" id="1">
						<left>2</left>
						<top>56</top>
						<width>940</width>
						<height>36</height>
						<itemgap>0</itemgap>
						<orientation>horizontal</orientation>
						
						<control type="label" id="1">
							
							<animation effect="slide" start="0,0" end="0,46" time="0" condition="!Skin.HasSetting(DisableReducedFullScreenInfoOSD)">conditional</animation>
							
							<include condition="Skin.HasSetting(DisableReducedFullScreenInfoOSD)">FullScreenInfoTitleWidth</include><!-- also includes visible animation -->
							<include condition="!Skin.HasSetting(DisableReducedFullScreenInfoOSD)">FullScreenInfoTitleWidthReduced</include><!-- also includes visible animation -->
							
							<height>30</height>
							<font>Light30</font>
							<align>left</align>
							<aligny>center</aligny>
							<label>$VAR[VideoFullScreenTitle]</label><!-- $INFO[Player.Title] -->
							<textcolor>orange</textcolor>
							<scroll>false</scroll>
							<visible>[Skin.HasSetting(DisableReducedFullScreenInfoOSD) | [VideoPlayer.Content(LiveTV) | PVR.IsPlayingRecording | Window.IsActive(VideoOSD)]]</visible>
						</control>
					</control>
					<control type="grouplist" id="1">
						<left>2</left>
						<top>94</top>
						<width>720</width><!--882-->
						<height>36</height>
						<itemgap>0</itemgap>
						<orientation>horizontal</orientation>
						
						<animation effect="slide" start="0,0" end="-186,46" time="0" condition="!Skin.HasSetting(DisableReducedFullScreenInfoOSD)">conditional</animation>
						<animation effect="slide" start="0,0" end="84,0" time="0" condition="!Skin.HasSetting(DisableReducedFullScreenInfoOSD) + [String.IsEmpty(VideoPlayer.SubtitlesLanguage) | String.IsEmpty(VideoPlayer.AudioLanguage) | !VideoPlayer.SubtitlesEnabled]">conditional</animation>
						
						<animation effect="slide" start="0,0" end="-70,0" time="0" condition="[!Skin.HasSetting(DisableReducedFullScreenInfoOSD) + Skin.HasSetting(ReducedFullScreenInfoOSDVideoResolution) + Window.IsVisible(VideoOSD)]">conditional</animation>
						<animation effect="slide" start="0,0" end="-56,0" time="0" condition="[!Skin.HasSetting(DisableReducedFullScreenInfoOSD) + Skin.HasSetting(ReducedFullScreenInfoOSDAudioChannels) + Window.IsVisible(VideoOSD)]">conditional</animation>
						
						<control type="image" id="1">
							<description>Video Resolution Image</description>
							<width>70</width>
							<height>36</height>
							<aspectratio align="left">keep</aspectratio>
							<texture fallback="flagging/video/fallback.png">$INFO[VideoPlayer.VideoResolution,flagging/video/,.png]</texture>
							<visible>[Skin.HasSetting(DisableReducedFullScreenInfoOSD) | [!Skin.HasSetting(DisableReducedFullScreenInfoOSD) + Skin.HasSetting(ReducedFullScreenInfoOSDVideoResolution) + Window.IsVisible(VideoOSD)]] + !Player.ChannelPreviewActive</visible>
							<animation effect="fade" end="85" time="0" condition="true">Conditional</animation>
							<include condition="Skin.HasSetting(DisableReducedFullScreenInfoOSD)">VisibleFadeEffect</include>
							<include condition="!Skin.HasSetting(DisableReducedFullScreenInfoOSD)">FullScreenInfoVisibleAnimationsNoFadeOut</include>
						</control>
						<control type="image" id="1">
							<description>Audio Codec Image</description>
							<width>84</width>
							<height>36</height>
							<aspectratio align="left">keep</aspectratio>
							<visible>Skin.HasSetting(DisableReducedFullScreenInfoOSD) + !Player.ChannelPreviewActive</visible>
							<texture>$INFO[VideoPlayer.AudioCodec,flagging/audio/,.png]</texture>
							<animation effect="fade" end="85" time="0" condition="true">Conditional</animation>
							<include>VisibleFadeEffect</include>
						</control>
						<control type="image" id="1">
							<description>Audio Channels Image</description>
							<width>56</width>
							<height>36</height>
							<aspectratio align="left">keep</aspectratio>
							<texture>$INFO[VideoPlayer.AudioChannels,flagging/audio/,.png]</texture>
							<visible>[Skin.HasSetting(DisableReducedFullScreenInfoOSD) | [!Skin.HasSetting(DisableReducedFullScreenInfoOSD) + Skin.HasSetting(ReducedFullScreenInfoOSDAudioChannels) + Window.IsVisible(VideoOSD)]] + !Player.ChannelPreviewActive</visible>
							<animation effect="fade" end="85" time="0" condition="true">Conditional</animation>
							<include condition="Skin.HasSetting(DisableReducedFullScreenInfoOSD)">VisibleFadeEffect</include>
							<include condition="!Skin.HasSetting(DisableReducedFullScreenInfoOSD)">FullScreenInfoVisibleAnimationsNoFadeOut</include>
						</control>
						<control type="group" id="1">
							<width>84</width>
							<height>36</height>
							<visible>![String.IsEmpty(VideoPlayer.AudioLanguage) | Player.ChannelPreviewActive]</visible>
							<animation effect="fade" end="85" time="0" condition="true">Conditional</animation>
							<include condition="Skin.HasSetting(DisableReducedFullScreenInfoOSD)">VisibleFadeEffect</include>
							<control type="image" id="1">
								<left>0</left>
								<top>0</top>
								<description>Audio Language Image</description>
								<width>76</width>
								<height>36</height>
								<texture>flagging/AudioLang.png</texture>
							</control>
							<control type="label" id="1">
								<left>30</left>
								<top>2</top>
								<width>48</width>
								<height>36</height>
								<font>Regular20</font>
								<align>left</align>
								<label>[LOWERCASE]$VAR[VideoPlayerAudioLanguage][/LOWERCASE]</label>
								<textcolor>grey</textcolor>
							</control>
						</control>
						<control type="group" id="1">
							<width>84</width>
							<height>36</height>
							<visible>![String.IsEmpty(VideoPlayer.SubtitlesLanguage) | Player.ChannelPreviewActive] + VideoPlayer.SubtitlesEnabled</visible>
							<animation effect="fade" end="85" time="0" condition="true">Conditional</animation>
							<include condition="Skin.HasSetting(DisableReducedFullScreenInfoOSD)">VisibleFadeEffect</include>
							<control type="image" id="1">
								<left>0</left>
								<top>0</top>
								<width>76</width>
								<height>36</height>
								<texture>flagging/SubLang.png</texture>
							</control>
							<control type="label" id="1">
								<left>32</left>
								<top>2</top>
								<width>48</width>
								<height>36</height>
								<font>Regular20</font>
								<align>left</align>
								<label>[LOWERCASE]$VAR[VideoPlayerSubtitlesLanguage][/LOWERCASE]</label>
								<textcolor>grey</textcolor>
							</control>
						</control>
					</control>
					
					<control type="group" id="1">
						<left>890</left>
						<top>104</top>
						<width>36</width>
						<height>36</height>
						<animation effect="fade" end="85" time="0" condition="true">Conditional</animation>
						<control type="image" id="1">
							<description>Stinger icon</description>
							<left>0</left>
							<width>36</width>
							<height>36</height>
							<aspectratio aligny="bottom">keep</aspectratio>
							<texture background="true">_added_img/stinger_scene.png</texture>
							<!--
							<visible>!String.IsEmpty(Window(home).Property(CinemaHelper.player.movieHasPostCreditsScene)) + !String.IsEmpty(Window(home).Property(CinemaHelper.player.nearEndPreReached))</visible>
							-->
							<visible>!String.IsEmpty(Window(home).Property(CinemaHelper.player.movieHasPostCreditsScene)) 
												+ [Integer.IsEqual(Player.TimeRemaining(hh),00) + Integer.IsLessOrEqual(Player.TimeRemaining(mm),30)]</visible>
							<animation effect="fade" end="100" time="750">Visible</animation>
							<animation effect="fade" end="0" time="750">Hidden</animation>
						</control>
					</control>
					
					<!--
					<control type="label" id="1">
						<left>0</left>
						<top>166</top>
						<width>910</width>
						<height>25</height>
						<label>$LOCALIZE[31049]  $INFO[Player.FinishTime]</label>
						<align>center</align>
						<aligny>center</aligny>
						<font>Regular17</font>
						<textcolor>grey</textcolor>
						<scroll>true</scroll>
						<visible>!Window.IsVisible(VideoOSD) + !VideoPlayer.Content(LiveTV)</visible>
						<animation effect="fade" time="150">VisibleChange</animation>
					</control>
					-->
					<control type="label" id="1">
						<left>0</left>
						<top>110</top>
						<width>876</width><!-- 920 -->
						<height>25</height>
						<label>$LOCALIZE[31049]:  $INFO[Player.FinishTime]</label>
						<align>right</align>
						<aligny>center</aligny>
						<font>Light17</font>
						<textcolor>grey</textcolor>
						<scroll>true</scroll>
						<visible>!VideoPlayer.Content(LiveTV)</visible>
						<animation effect="fade" time="150">VisibleChange</animation>
					</control>
					<control type="label" id="1">
						<left>88</left><!-- 2 -->
						<top>166</top>
						<width>700</width><!-- 874 -->
						<height>26</height>
						<label>$INFO[VideoPlayer.NextTitle,$LOCALIZE[19031]: ]</label>
						<align>center</align>
						<aligny>center</aligny>
						<font>Regular17</font>
						<textcolor>grey</textcolor>
						<scroll>false</scroll><!-- true -->
						<visible>!Window.IsVisible(VideoOSD) + VideoPlayer.Content(LiveTV)</visible>
						<animation effect="fade" time="150">VisibleChange</animation>
					</control>
					
				</control>
				<control type="group" id="1">
					<left>338</left>
					<top>126r</top>
					<visible>!VideoPlayer.Content(LiveTV) | [VideoPlayer.Content(LiveTV) + VideoPlayer.HasEpg]</visible>
					<!--
					<control type="label" id="1">
						<visible>!Window.IsActive(SeekBar) + !VideoPlayer.Content(LiveTV)</visible>
						<left>2</left>
						<top>0</top>
						<width>100</width>
						<height>40</height>
						<font>Regular20</font>
						<align>left</align>
						<aligny>center</aligny>
						<label>$INFO[Player.Time(hh:mm:ss)]</label>
					</control>
					<control type="label" id="1">
						<visible>!Window.IsActive(SeekBar) + VideoPlayer.Content(LiveTV)</visible>
						<left>2</left>
						<top>0</top>
						<width>100</width>
						<height>40</height>
						<font>Regular20</font>
						<align>left</align>
						<aligny>center</aligny>
						<label>$INFO[Player.StartTime(hh:mm)]</label>
					</control>
					<control type="progress" id="1">
						<description>ProgressbarCache</description>
						<left>100</left>
						<top>14</top>
						<width>720</width>
						<height>16</height>
						<info>Player.ProgressCache</info>
						<midtexture border="4,0,4,0">OSDProgressMidLight.png</midtexture>
					</control>
					<control type="progress" id="1">
						<description>Progressbar</description>
						<left>100</left>
						<top>14</top>
						<width>720</width>
						<height>16</height>
						<info>Player.Progress</info>
					</control>
					-->
					<control type="label" id="1">
						<visible>!VideoPlayer.Content(LiveTV)</visible>
						<left>776</left><!-- 820 -->
						<top>0</top>
						<width>100</width>
						<height>40</height>
						<font>Light20</font>
						<align>right</align>
						<aligny>center</aligny>
						<label>$INFO[Player.Duration(hh:mm:ss)]</label>
					</control>
					<control type="label" id="1">
						<visible>VideoPlayer.Content(LiveTV)</visible>
						<left>776</left><!-- 820 -->
						<top>0</top>
						<width>100</width>
						<height>40</height>
						<font>Light20</font>
						<align>right</align>
						<aligny>center</aligny>
						<label>$INFO[Player.FinishTime(hh:mm)]</label>
					</control>
				</control>
			</control>
		</control>
		
		<!-- Keyboard seek label-->
		<control type="label" id="1">
			<description>Seek Number label</description>
			<left>0</left>
			<top>6</top>
			<width>1280</width>
			<height>26</height>
			<align>center</align>
			<aligny>center</aligny>
			<font>Regular20</font>
			<textcolor>white</textcolor>
			<label>$INFO[Player.SeekNumeric(hh:mm:ss)]</label>
		</control>
		
		<!-- BUFFER INDICATOR -->
		<control type="group" id="1">
			<depth>DepthOSD+</depth>
			<visible>Player.Caching + Integer.IsLess(Player.CacheLevel,100) + Player.IsInternetStream</visible><!-- Player.Caching + Integer.IsLess(Player.CacheLevel,100) + Player.IsInternetStream -->
			<animation effect="fade" time="500" delay="500">Visible</animation>
			<animation effect="fade" time="250" delay="0">Hidden</animation>
			<centerleft>50%</centerleft>
			<centertop>46%</centertop>
			<width>60</width>
			<height>60</height>
			
			<control type="image" id="1">
				<centerleft>50%</centerleft>
				<centertop>50%</centertop>
				<width>60</width>
				<height>60</height>
				<texture colordiffuse="BFFFFFFF">osd/buffer-bg.png</texture>
				<!--
				<animation effect="fade" start="75" end="100" time="3000" pulse="true" condition="true" tween="sine" easing="in">conditional</animation>
				-->
			</control>
			<control type="label" id="1">
				<description>buffering value</description>
				<label>$INFO[Player.CacheLevel]%</label>
				<centerleft>54%</centerleft>
				<centertop>50%</centertop>
				<width>60</width>
				<height>60</height>
				<aligny>center</aligny>
				<align>center</align>
				<font>font10</font>
			</control>
		</control>
		
		
		<control type="group" id="1">
			<depth>DepthOSD+</depth>
			<visible>Skin.HasSetting(EnableVideoOSDStingerIconMovieEnd) 
								+ !String.IsEmpty(Window(home).Property(CinemaHelper.player.movieHasPostCreditsScene)) 
								+ String.IsEqual(Window(home).Property(CinemaHelper.player.nearEndReached),True) 
								+ !Window.IsActive(VideoOSD) + !Window.IsActive(SeekBar) + !Player.ShowInfo
								</visible>
			<animation effect="fade" time="750">Visible</animation>
			<animation effect="fade" time="750">Hidden</animation>
			<width>36</width>
			<height>36</height>
			<left>52r</left>
			<top>158r</top>
			<control type="group" id="1">
				<control type="image" id="1">
					<width>36</width>
					<height>36</height>
					<aspectratio>keep</aspectratio>
					<texture>_added_img/stinger_scene.png</texture>
					<animation effect="fade" start="100" end="75" time="0" condition="true">Conditional</animation>
				</control>
			</control>
		</control>
		
		
		<control type="group" id="122221">
			<visible>[Window.IsVisible(FullscreenVideo) | Window.IsVisible(Visualisation)] + [Player.Paused + Skin.HasSetting(NoInfoOsdOnPause)]</visible>
			<animation effect="fade" end="100" time="500">Visible</animation>
			<animation effect="fade" end="0" time="500" delay="1500">Hidden</animation>
			<left>338</left>
			<top>126r</top>
				
			<control type="group" id="122222">	
				<visible>!Window.IsVisible(SliderDialog)</visible>
				<animation effect="fade" time="0">Visible</animation>
				<animation effect="fade" time="350">Hidden</animation>
				
				<control type="group" id="122224">
					<left>252</left>
					<top>-300</top>
					
					<control type="image" id="122223">
						<left>28</left>
						<top>4</top>
						<width>44</width>
						<height>44</height>
						<texture>OSDPause.png</texture>
						<visible>Player.Paused</visible>
						<!--
						<animation effect="fade" end="100" time="0" condition="true">Conditional</animation>
						-->
					</control>
				</control>
				
			</control>
		</control>
		
		
		
	</controls>
</window>
