<?xml version="1.0" encoding="UTF-8"?>
<window>
	<defaultcontrol always="true">11</defaultcontrol>
	<coordinates>
		<left>0</left>
		<top>0</top>
	</coordinates>
	<include>dialogeffect</include>
	<controls>
		<control type="group">
			<left>780</left>
			<top>0</top>
			<control type="image">
				<left>0</left>
				<top>0</top>
				<width>500</width>
				<height>720</height>
				<texture>_added_img/100x100_black.png</texture>
				<animation effect="fade" start="0" end="93" time="0" condition="true">Conditional</animation>
			</control>
			<control type="group">
				<left>0</left>
				<top>10</top>
				<!--
				<control type="image">
					<description>background image</description>
					<left>0</left>
					<top>0</top>
					<width>480</width>
					<height>660</height>
					<texture border="40">DialogBack2.png</texture>
				</control>
				-->
				<control type="button">
					<description>Close Window button</description>
					<left>400</left>
					<top>-10</top>
					<width>64</width>
					<height>32</height>
					<label>-</label>
					<font>-</font>
					<onclick>PreviousMenu</onclick>
					<texturefocus>DialogCloseButton-focus.png</texturefocus>
					<texturenofocus>DialogCloseButton.png</texturenofocus>
					<!--
					<onleft>2</onleft>
					<onright>2</onright>
					<onup>2</onup>
					<ondown>2</ondown>
					-->
					<visible>[System.GetBool(input.enablemouse) + Skin.HasSetting(ShowMouseControlButtons)]</visible>
				</control>
				<!--
				<control type="image">
					<description>Dialog Header image</description>
					<left>6</left>
					<top>6</top>
					<width>468</width>
					<height>44</height>
					<texture>dialogheader.png</texture>
				</control>
				-->
				
				
				
				<control type="group">
					<left>-14</left>
					
					<control type="label">
						<description>header label</description>
						<left>44</left>
						<top>10</top>
						<width>410</width>
						<height>40</height>
						<font>Regular21</font>
						<label>$LOCALIZE[19222] - $INFO[VideoPlayer.ChannelName]</label>
						<align>left</align>
						<aligny>center</aligny>
						<textcolor>blue</textcolor>
						<!--<shadowcolor>black</shadowcolor>-->
					</control>
					<control type="label">
						<description>Selected item's date</description>
						<left>44</left>
						<top>60</top>
						<width>410</width>
						<height>30</height>
						<font>Regular18</font>
						<textcolor>grey2</textcolor>
						<label>$INFO[Container(11).ListItem.StartDate]</label>
						<align>left</align>
						<aligny>center</aligny>
					</control>
				
				</control>
				
				
				
				<control type="list" id="11">
					<left>30</left>
					<top>100</top>
					<width>410</width>
					<height>560</height>
					<onleft>11</onleft>
					<onright>60</onright>
					<onup>11</onup>
					<ondown>11</ondown>
					<viewtype label="535">list</viewtype>
					<pagecontrol>60</pagecontrol>
					<scrolltime>200</scrolltime>
					<itemlayout height="35" width="410">
						<control type="image">
							<left>0</left>
							<top>0</top>
							<width>410</width>
							<height>30</height>
							<texture border="0,2,0,2">MenuItemNF.png</texture>
							<include>VisibleFadeEffect</include>
						</control>
						<control type="label">
							<left>10</left>
							<top>0</top>
							<width>100</width>
							<height>30</height>
							<font>Regular20</font>
							<textcolor>grey2</textcolor>
							<selectedcolor>selected</selectedcolor>
							<align>left</align>
							<aligny>center</aligny>
							<label>$INFO[ListItem.StartTime]</label>
						</control>
						<control type="image">
							<left>120</left>
							<top>7</top>
							<width>16</width>
							<height>16</height>
							<texture>$VAR[PVRTimerIcon]</texture>
						</control>
						<control type="label">
							<left>150</left>
							<top>0</top>
							<width>250</width>
							<height>30</height>
							<font>Regular17</font>
							<textcolor>grey2</textcolor>
							<selectedcolor>selected</selectedcolor>
							<align>right</align>
							<aligny>center</aligny>
							<label>$INFO[ListItem.Label]</label>
						</control>
					</itemlayout>
					<focusedlayout height="35" width="410">
						<control type="image">
							<left>0</left>
							<top>0</top>
							<width>410</width>
							<height>30</height>
							<texture border="4">button-focus2.png</texture>
							<visible>Control.HasFocus(11)</visible>
							<include>VisibleFadeEffect</include>
						</control>
						<control type="label">
							<left>10</left>
							<top>0</top>
							<width>100</width>
							<height>30</height>
							<font>Regular20</font>
							<textcolor>grey2</textcolor>
							<selectedcolor>selected</selectedcolor>
							<align>left</align>
							<aligny>center</aligny>
							<label>$INFO[ListItem.StartTime]</label>
						</control>
						<control type="image">
							<left>120</left>
							<top>7</top>
							<width>16</width>
							<height>16</height>
							<texture>$VAR[PVRTimerIcon]</texture>
						</control>
						<control type="label">
							<left>150</left>
							<top>0</top>
							<width>250</width>
							<height>30</height>
							<font>Regular17</font>
							<textcolor>grey2</textcolor>
							<selectedcolor>selected</selectedcolor>
							<align>right</align>
							<aligny>center</aligny>
							<label>$INFO[ListItem.Label]</label>
						</control>
					</focusedlayout>
				</control>
				<control type="scrollbar" id="60">
					<left>446</left>
					<top>94</top>
					<width>20</width>
					<height>569</height>
					<texturesliderbackground border="10">scrollbars/ScrollBarUni-bg.png</texturesliderbackground>
					<texturesliderbar border="10">scrollbars/ScrollBarUni-bar.png</texturesliderbar>
					<texturesliderbarfocus border="10">scrollbars/ScrollBarUni-bar-focus.png</texturesliderbarfocus>
					<textureslidernib>scrollbars/ScrollBarUni-nib.png</textureslidernib>
					<textureslidernibfocus>scrollbars/ScrollBarUni-nib.png</textureslidernibfocus>
					<onleft>11</onleft>
					<onright>60</onright>
					<ondown>61</ondown>
					<onup>61</onup>
					<showonepage>false</showonepage>
					<orientation>vertical</orientation>
				</control>
				<!--
				<control type="label">
					<description>Page Count Label</description>
					<left>50</left>
					<top>660</top>
					<width>400</width>
					<height>20</height>
					<font>Regular17</font>
					<textcolor>grey</textcolor>
					<scroll>false</scroll>
					<align>right</align>
					<aligny>center</aligny>
					<label>$INFO[Container(11).NumItems] $LOCALIZE[31025]</label>
					<include>Window_OpenClose_Animation</include>
				</control>
				-->
			</control>
		</control>
	</controls>
</window>
