<?xml version="1.0" encoding="UTF-8"?>
<window>
	<defaultcontrol />
	<!--
	<animation effect="slide" start="0,-70" end="0,0" time="75">WindowOpen</animation>
	<animation effect="slide" start="0,0" end="0,-70" delay="300" time="75">WindowClose</animation>
	-->
	<animation effect="fade" end="100" time="500">WindowOpen</animation>
	<animation effect="fade" end="0" time="500" delay="1500">WindowClose</animation>
	<controls>
		<control type="group">
			<depth>DepthHeader</depth>
			<left>400r</left>
			<top>0</top>
			<animation effect="slide" end="0,-80" time="0" condition="Window.IsVisible(FullscreenVideo) | Window.IsVisible(Visualisation) | Window.IsVisible(FullscreenGame)">conditional</animation>
			<control type="image">
				<left>0</left>
				<top>-10</top>
				<width>400</width>
				<height>74</height>
				<!--
				<texture flipy="true" border="20">InfoMessagePanel.png</texture>
				-->
				<texture>_added_img/100x100_black.png</texture>
				<animation effect="fade" start="0" end="93" time="0" condition="true">Conditional</animation>
			</control>
			<control type="label" id="30">
				<description>Header Label</description>
				<left>15</left>
				<top>4</top>
				<width>370</width>
				<height>18</height>
				<font>Medium14</font>
				<textcolor>selected</textcolor>
				<align>left</align>
				<aligny>center</aligny>
			</control>
			<control type="label" id="31">
				<description>Title Label</description>
				<left>15</left>
				<top>20</top>
				<width>370</width>
				<height>20</height>
				<font>Regular14</font>
				<align>left</align>
				<aligny>center</aligny>
			</control>
			<control type="progress" id="32">
				<description>progress control</description>
				<left>14</left>
				<top>42</top>
				<width>370</width>
				<height>8</height>
			</control>
		</control>
	</controls>
</window>
