<?xml version="1.0" encoding="UTF-8"?>
<window>
	<defaultcontrol always="true">450</defaultcontrol>
	<coordinates>
		<left>0</left>
		<top>0</top>
	</coordinates>
	<controls>
		<control type="group">
			<depth>DepthDialog+</depth>
			<left>360</left>
			
			<animation effect="slide" start="920,0" end="0,0" time="350" tween="quadratic" easing="out" condition="![Window.IsVisible(MusicInformation)]">WindowOpen</animation>
			<animation effect="slide" start="-180,0" end="0,0" time="350" tween="quadratic" easing="out" condition="[Window.IsVisible(MusicInformation)]">WindowOpen</animation>
			
			
			<animation effect="slide" start="0,0" end="920,0" time="350" tween="quadratic" easing="out" condition="![Window.IsVisible(MusicInformation)]">WindowClose</animation>
			<animation effect="slide" start="0,0" end="-180,0" time="350" tween="quadratic" easing="out" condition="[Window.IsVisible(MusicInformation)]">WindowClose</animation>
			<!--
			<animation effect="slide" start="0,0" end="700,0" time="300" tween="quadratic" easing="out" condition="![Window.IsVisible(MovieInformation) | Window.IsVisible(MusicInformation)]">WindowClose</animation>
			<animation effect="slide" start="0,0" end="-400,0" time="300" tween="quadratic" easing="out" condition="[Window.IsVisible(MovieInformation) | Window.IsVisible(MusicInformation)]">WindowClose</animation>
			-->
			

			<control type="group">
			
				<animation effect="fade" start="0" end="100" time="350">WindowOpen</animation>
				<animation effect="fade" start="100" end="0" time="150">WindowClose</animation>
				
				
				
				<control type="image">
					<left>6</left>
					<top>0</top>
					<width>1320</width>
					<height>720</height>
					<texture border="10,0,0,0" flipx="true">MediaBladeSub.png</texture>
				</control>
				<control type="image">
					<description>background image</description>
					<left>667</left>
					<top>-10</top>
					<width>675</width>
					<height>740</height>
					<texture border="10">KeyboardEditArea.png</texture>
					<animation effect="fade" end="30" time="0" condition="true">conditional</animation>
				</control>
				<control type="image">
					<description>Dialog Header image</description>
					<left>10</left>
					<top>0</top>
					<width>657</width>
					<height>44</height>
					<texture>dialogheader.png</texture>
				</control>
				<control type="button">
					<description>Close Window button</description>
					<left>596</left>
					<top>0</top>
					<width>64</width>
					<height>32</height>
					<label>-</label>
					<font>-</font>
					<onclick>PreviousMenu</onclick>
					<texturefocus>DialogCloseButton-focus.png</texturefocus>
					<texturenofocus>DialogCloseButton.png</texturenofocus>
					<onleft>450</onleft>
					<onright>450</onright>
					<onup>450</onup>
					<ondown>450</ondown>
					<visible>[System.GetBool(input.enablemouse) + Skin.HasSetting(ShowMouseControlButtons)]</visible>
				</control>
				
				
				
				<control type="label" id="411">
					<description>header label</description>
					<left>40</left>
					<top>6</top>
					<width>595</width>
					<height>30</height>
					<font>Regular24</font><!-- Medium21 --><!-- test 2020 -->
					<label>1023</label>
					<align>center</align>
					<aligny>center</aligny>
					<textcolor>selected</textcolor>
					<!--<shadowcolor>black</shadowcolor>-->
				</control>
				<control type="label" id="412">
					<description>Path label</description>
					<left>40</left>
					<top>680</top>
					<width>595</width>
					<height>30</height>
					<font>Regular20</font>
					<haspath>true</haspath>
					<align>right</align>
					<aligny>center</aligny>
					<textcolor>white</textcolor>
					<!--<shadowcolor>black</shadowcolor>-->
				</control>
				<control type="grouplist" id="9000">
					<left>685</left>
					<top>130</top>
					<width>221</width>
					<height>225</height>
					<itemgap>5</itemgap>
					<orientation>vertical</orientation>
					<onleft>450</onleft>
					<onright>9000</onright>
					<onup>9000</onup>
					<ondown>9000</ondown>
					<control type="button" id="413">
						<description>OK button</description>
						<height>48</height>
						<align>center</align>
						<include>ButtonMediaSubCommonValues</include>
						<label>186</label>
					</control>
					<control type="button" id="414">
						<description>Cancel button</description>
						<height>48</height>
						<align>center</align>
						<include>ButtonMediaSubCommonValues</include>
						<label>222</label>
					</control>
					<control type="button" id="415">
						<description>Create folder button</description>
						<height>48</height>
						<align>center</align>
						<include>ButtonMediaSubCommonValues</include>
						<label>119</label>
					</control>
					<control type="radiobutton" id="416">
						<description>Flip Image button</description>
						<height>48</height>
						<align>center</align>
						<include>ButtonMediaSubCommonValues</include>
						<label>749</label>
					</control>
				</control>
				<!--
				<control type="image">
					<left>685</left>
					<top>402</top>
					<width>221</width>
					<height>221</height>
					<texture border="4">button-nofocus.png</texture>
				</control>
				-->
				<control type="image">
					<left>687</left>
					<top>404</top>
					<width>217</width>
					<height>217</height>
					<aspectratio>keep</aspectratio>
					<texture background="true">$INFO[ListItem.Icon]</texture>
					<visible>!String.Contains(Control.GetLabel(416),*)</visible>
				</control>
				<control type="image">
					<left>687</left>
					<top>404</top>
					<width>217</width>
					<height>217</height>
					<aspectratio>keep</aspectratio>
					<texture background="true" flipx="true">$INFO[ListItem.Icon]</texture>
					<visible>String.Contains(Control.GetLabel(416),*)</visible>
				</control>
				<control type="panel" id="450">
					<left>20</left>
					<top>90</top>
					<width>620</width>
					<height>562</height>
					<onleft>450</onleft>
					<onright>60</onright>
					<onup>450</onup>
					<ondown>450</ondown>
					<pagecontrol>60</pagecontrol>
					<scrolltime>200</scrolltime>
					<itemlayout height="40" width="620">
						<control type="image">
							<left>0</left>
							<top>0</top>
							<width>620</width>
							<height>41</height>
							<texture border="4">MenuItemNF.png</texture>
						</control>
						<control type="image">
							<left>10</left>
							<top>2</top>
							<width>37</width>
							<height>37</height>
							<texture>$INFO[ListItem.Icon]</texture>
							<aspectratio>keep</aspectratio>
						</control>
						<control type="label">
							<left>55</left>
							<top>0</top>
							<width>560</width>
							<height>40</height>
							<font>Regular20</font>
							<align>left</align>
							<aligny>center</aligny>
							<selectedcolor>green</selectedcolor>
							<info>ListItem.Label</info>
						</control>
					</itemlayout>
					<focusedlayout height="40" width="620">
						<control type="image">
							<left>0</left>
							<top>0</top>
							<width>620</width>
							<height>41</height>
							<visible>!Control.HasFocus(450)</visible>
							<texture border="4">MenuItemNF.png</texture>
						</control>
						<control type="image">
							<left>0</left>
							<top>0</top>
							<width>620</width>
							<height>41</height>
							<visible>Control.HasFocus(450)</visible>
							<texture border="4">MenuItemFO.png</texture>
						</control>
						<control type="image">
							<left>10</left>
							<top>2</top>
							<width>37</width>
							<height>37</height>
							<texture>$INFO[ListItem.Icon]</texture>
							<aspectratio>keep</aspectratio>
						</control>
						<control type="label">
							<left>55</left>
							<top>0</top>
							<width>560</width>
							<height>40</height>
							<font>Regular20</font>
							<align>left</align>
							<aligny>center</aligny>
							<selectedcolor>green</selectedcolor>
							<info>ListItem.Label</info>
						</control>
					</focusedlayout>
				</control>
				<control type="panel" id="451">
					<left>20</left>
					<top>90</top>
					<width>620</width>
					<height>562</height>
					<onleft>451</onleft>
					<onright>60</onright>
					<onup>451</onup>
					<ondown>451</ondown>
					<pagecontrol>60</pagecontrol>
					<scrolltime>200</scrolltime>
					<itemlayout height="40" width="620">
						<control type="image">
							<left>0</left>
							<top>0</top>
							<width>620</width>
							<height>41</height>
							<texture border="4">MenuItemNF.png</texture>
						</control>
						<control type="image">
							<left>10</left>
							<top>2</top>
							<width>37</width>
							<height>37</height>
							<texture>$INFO[ListItem.Icon]</texture>
							<aspectratio>keep</aspectratio>
						</control>
						<control type="label">
							<left>55</left>
							<top>0</top>
							<width>560</width>
							<height>40</height>
							<font>Regular20</font>
							<align>left</align>
							<aligny>center</aligny>
							<selectedcolor>green</selectedcolor>
							<info>ListItem.Label</info>
						</control>
					</itemlayout>
					<focusedlayout height="40" width="620">
						<control type="image">
							<left>0</left>
							<top>0</top>
							<width>620</width>
							<height>41</height>
							<visible>!Control.HasFocus(451)</visible>
							<texture border="4">MenuItemNF.png</texture>
						</control>
						<control type="image">
							<left>0</left>
							<top>0</top>
							<width>620</width>
							<height>41</height>
							<visible>Control.HasFocus(451)</visible>
							<texture border="4">MenuItemFO.png</texture>
						</control>
						<control type="image">
							<left>10</left>
							<top>2</top>
							<width>37</width>
							<height>37</height>
							<texture>$INFO[ListItem.Icon]</texture>
							<aspectratio>keep</aspectratio>
						</control>
						<control type="label">
							<left>55</left>
							<top>0</top>
							<width>560</width>
							<height>40</height>
							<font>Regular20</font>
							<align>left</align>
							<aligny>center</aligny>
							<selectedcolor>green</selectedcolor>
							<info>ListItem.Label</info>
						</control>
					</focusedlayout>
				</control>
				<control type="scrollbar" id="60">
					<left>644</left>
					<top>82</top>
					<width>20</width>
					<height>578</height>
					<texturesliderbackground border="10">scrollbars/ScrollBarUni-bg.png</texturesliderbackground>
					<texturesliderbar border="10">scrollbars/ScrollBarUni-bar.png</texturesliderbar>
					<texturesliderbarfocus border="10">scrollbars/ScrollBarUni-bar-focus.png</texturesliderbarfocus>
					<textureslidernib>scrollbars/ScrollBarUni-nib.png</textureslidernib>
					<textureslidernibfocus>scrollbars/ScrollBarUni-nib.png</textureslidernibfocus>
					<onleft>450</onleft>
					<onright>9000</onright>
					<showonepage>false</showonepage>
					<orientation>vertical</orientation>
				</control>
				<control type="label">
					<description>Page label</description>
					<left>685</left>
					<top>680</top>
					<width>221</width>
					<height>30</height>
					<align>right</align>
					<aligny>center</aligny>
					<textcolor>grey</textcolor>
					<font>Regular17</font>
					<label>$INFO[Container(450).NumItems] $LOCALIZE[31025]</label>
					<wrapmultiline>true</wrapmultiline>
					<visible>!Control.IsVisible(451)</visible>
				</control>
				<control type="label">
					<description>Page label</description>
					<left>685</left>
					<top>680</top>
					<width>221</width>
					<height>30</height>
					<align>right</align>
					<aligny>center</aligny>
					<textcolor>grey</textcolor>
					<font>Regular17</font>
					<label>$INFO[Container(451).NumItems] $LOCALIZE[31025]</label>
					<wrapmultiline>true</wrapmultiline>
					<visible>Control.IsVisible(451)</visible>
				</control>
			</control>
		</control>
		<!--
		<control type="group">
			<depth>DepthDialog+</depth>
			<include>Clock</include>
		</control>
		-->
	</controls>
</window>
