<?xml version="1.0" encoding="UTF-8"?>
<window>
	<defaultcontrol always="true">10</defaultcontrol>
	
	<coordinates>
		<left>200</left>
		<top>20</top>
	</coordinates>
	
	<include>dialogeffect</include>
	
	<controls>
		<control type="image">
			<description>background image</description>
			<left>0</left>
			<top>0</top>
			<width>880</width>
			<height>680</height>
			<texture border="40">DialogBack2.png</texture>
			<visible>Window.IsVisible(FullscreenVideo) | Window.IsVisible(Visualisation)</visible>
		</control>
		<control type="image">
			<description>background image</description>
			<left>0</left>
			<top>0</top>
			<width>880</width>
			<height>680</height>
			<texture border="40">DialogBack.png</texture>
			<visible>![Window.IsVisible(FullscreenVideo) | Window.IsVisible(Visualisation)]</visible>
		</control>
		<control type="image">
			<description>Dialog Header image</description>
			<left>6</left>
			<top>6</top>
			<width>868</width>
			<height>44</height>
			<texture>dialogheader.png</texture>
		</control>
		<control type="label">
			<description>header label</description>
			<left>40</left>
			<top>12</top>
			<width>800</width>
			<height>30</height>
			<font>Light26</font>
			<label>$LOCALIZE[29900]</label>
			<align>center</align>
			<aligny>center</aligny>
			<textcolor>selected</textcolor>
		</control>
		<control type="group">
			<description>Normal song info group</description>
			<left>0</left>
			<top>70</top>
			<visible>![String.IsEqual(RDS.RadioStyle, classical) | String.IsEqual(RDS.RadioStyle, lightclassics) | String.IsEqual(RDS.RadioStyle, seriousclassics)]</visible>
			<control type="label">
				<description>Artist Title</description>
				<left>10</left>
				<top>0</top>
				<width>140</width>
				<height>25</height>
				<align>right</align>
				<aligny>center</aligny>
				<font>Regular20</font>
				<textcolor>blue</textcolor>
				<label>$LOCALIZE[557]:</label>
				<visible>String.IsEmpty(RDS.Band) + !String.IsEmpty(RDS.Artist)</visible>
			</control>
			<control type="fadelabel">
				<description>Artist Value</description>
				<left>160</left>
				<top>0</top>
				<width>704</width>
				<height>25</height>
				<align>left</align>
				<aligny>center</aligny>
				<font>Regular20</font>
				<textcolor>white</textcolor>
				<label fallback="161">$INFO[RDS.Artist]</label>
				<scrollout>false</scrollout>
				<pauseatend>2000</pauseatend>
				<visible>String.IsEmpty(RDS.Band) + !String.IsEmpty(RDS.Artist)</visible>
			</control>
			<control type="label">
				<description>Band Title</description>
				<left>10</left>
				<top>0</top>
				<width>140</width>
				<height>25</height>
				<align>right</align>
				<aligny>center</aligny>
				<font>Regular20</font>
				<textcolor>blue</textcolor>
				<label>$LOCALIZE[29901]:</label>
				<visible>!String.IsEmpty(RDS.Band)</visible>
			</control>
			<control type="fadelabel">
				<description>Band Value</description>
				<left>160</left>
				<top>0</top>
				<width>292</width>
				<height>25</height>
				<align>left</align>
				<aligny>center</aligny>
				<font>Regular20</font>
				<textcolor>white</textcolor>
				<label>$INFO[RDS.Band]</label>
				<scrollout>false</scrollout>
				<pauseatend>2000</pauseatend>
				<visible>!String.IsEmpty(RDS.Band)</visible>
			</control>
			<control type="label">
				<description>Artist Name (alt pos)</description>
				<left>385</left>
				<top>0</top>
				<width>140</width>
				<height>25</height>
				<align>right</align>
				<aligny>center</aligny>
				<font>Regular20</font>
				<textcolor>blue</textcolor>
				<label>$LOCALIZE[557]:</label>
				<visible>!String.IsEmpty(RDS.Artist) + !String.IsEmpty(RDS.Band)</visible>
			</control>
			<control type="fadelabel">
				<description>Artist Value (alt pos)</description>
				<left>535</left>
				<top>0</top>
				<width>328</width>
				<height>25</height>
				<align>left</align>
				<aligny>center</aligny>
				<font>Regular20</font>
				<textcolor>white</textcolor>
				<label>$INFO[RDS.Artist]</label>
				<visible>!String.IsEmpty(RDS.Artist) + !String.IsEmpty(RDS.Band)</visible>
			</control>
			<control type="label">
				<description>Song Title</description>
				<left>10</left>
				<top>35</top>
				<width>140</width>
				<height>25</height>
				<align>right</align>
				<aligny>center</aligny>
				<font>Regular20</font>
				<textcolor>blue</textcolor>
				<label>$LOCALIZE[556]:</label>
				<visible>!String.IsEmpty(RDS.Title)</visible>
			</control>
			<control type="fadelabel">
				<description>Song Value</description>
				<left>160</left>
				<top>35</top>
				<width>704</width>
				<height>25</height>
				<align>left</align>
				<aligny>center</aligny>
				<font>Regular20</font>
				<textcolor>white</textcolor>
				<label fallback="161">$INFO[RDS.Title]</label>
				<scrollout>false</scrollout>
				<pauseatend>2000</pauseatend>
				<visible>!String.IsEmpty(RDS.Title)</visible>
			</control>
			<control type="label">
				<description>Programme style Name</description>
				<left>10</left>
				<top>70</top>
				<width>140</width>
				<height>25</height>
				<align>right</align>
				<aligny>center</aligny>
				<font>Regular20</font>
				<textcolor>blue</textcolor>
				<label>$LOCALIZE[29902]:</label>
				<visible>!String.IsEmpty(RDS.ProgStyle)</visible>
			</control>
			<control type="fadelabel">
				<description>Programme style Value</description>
				<left>160</left>
				<top>70</top>
				<width>704</width>
				<height>25</height>
				<align>left</align>
				<aligny>center</aligny>
				<font>Regular20</font>
				<textcolor>white</textcolor>
				<label>$INFO[RDS.ProgStyle]</label>
				<visible>!String.IsEmpty(RDS.ProgStyle)</visible>
			</control>
		</control>
		<control type="group">
			<description>Classic concert music group</description>
			<left>0</left>
			<top>70</top>
			<visible>String.IsEqual(RDS.RadioStyle, classical) | String.IsEqual(RDS.RadioStyle, lightclassics) | String.IsEqual(RDS.RadioStyle, seriousclassics)</visible>
			<control type="label">
				<description>Composer Title</description>
				<left>10</left>
				<top>0</top>
				<width>140</width>
				<height>25</height>
				<align>right</align>
				<aligny>center</aligny>
				<font>Regular20</font>
				<textcolor>blue</textcolor>
				<label>$LOCALIZE[29903]:</label>
			</control>
			<control type="fadelabel">
				<description>Composer Value</description>
				<left>160</left>
				<top>0</top>
				<width>704</width>
				<height>25</height>
				<align>left</align>
				<aligny>center</aligny>
				<font>Regular20</font>
				<textcolor>white</textcolor>
				<label fallback="161">$INFO[RDS.Composer]</label>
				<scrollout>false</scrollout>
				<pauseatend>2000</pauseatend>
			</control>
			<control type="label">
				<description>Song Title</description>
				<left>10</left>
				<top>35</top>
				<width>140</width>
				<height>25</height>
				<align>right</align>
				<aligny>center</aligny>
				<font>Regular20</font>
				<textcolor>blue</textcolor>
				<label>$LOCALIZE[556]:</label>
			</control>
			<control type="fadelabel">
				<description>Song Value</description>
				<left>160</left>
				<top>35</top>
				<width>704</width>
				<height>25</height>
				<align>left</align>
				<aligny>center</aligny>
				<font>Regular20</font>
				<textcolor>white</textcolor>
				<label fallback="161">$INFO[RDS.Title]</label>
				<scrollout>false</scrollout>
				<pauseatend>2000</pauseatend>
			</control>
			<control type="label">
				<description>Artist Title</description>
				<left>10</left>
				<top>70</top>
				<width>140</width>
				<height>25</height>
				<align>right</align>
				<aligny>center</aligny>
				<font>Regular20</font>
				<textcolor>blue</textcolor>
				<label>$LOCALIZE[29904]:</label>
				<visible>String.IsEmpty(RDS.Band) + !String.IsEmpty(RDS.Artist)</visible>
			</control>
			<control type="textbox">
				<description>Artist Value</description>
				<left>160</left>
				<top>66</top>
				<width>704</width>
				<height>29</height>
				<font>Regular20</font>
				<textcolor>white</textcolor>
				<align>left</align>
				<pagecontrol></pagecontrol>
				<label fallback="161">$INFO[RDS.Artist]</label>
				<autoscroll time="2000" delay="3000" repeat="5000">true</autoscroll>
				<visible>String.IsEmpty(RDS.Band) + !String.IsEmpty(RDS.Artist)</visible>
			</control>
			<control type="label">
				<description>Band Title</description>
				<left>10</left>
				<top>70</top>
				<width>140</width>
				<height>25</height>
				<align>right</align>
				<aligny>center</aligny>
				<font>Regular20</font>
				<textcolor>blue</textcolor>
				<label>$LOCALIZE[29901]:</label>
				<visible>!String.IsEmpty(RDS.Band)</visible>
			</control>
			<control type="fadelabel">
				<description>Band Value</description>
				<left>160</left>
				<top>70</top>
				<width>292</width>
				<height>25</height>
				<align>left</align>
				<aligny>center</aligny>
				<font>Regular20</font>
				<textcolor>white</textcolor>
				<label>$INFO[RDS.Band]</label>
				<scrollout>false</scrollout>
				<pauseatend>2000</pauseatend>
				<visible>!String.IsEmpty(RDS.Band)</visible>
			</control>
			<control type="label">
				<description>Artist Name (alt pos)</description>
				<left>385</left>
				<top>70</top>
				<width>140</width>
				<height>25</height>
				<align>right</align>
				<aligny>center</aligny>
				<font>Regular20</font>
				<textcolor>blue</textcolor>
				<label>$LOCALIZE[29904]:</label>
				<visible>!String.IsEmpty(RDS.Artist) + !String.IsEmpty(RDS.Band)</visible>
			</control>
			<control type="textbox">
				<description>Artist Value (alt pos)</description>
				<left>535</left>
				<top>70</top>
				<width>328</width>
				<height>100</height>
				<font>Regular20</font>
				<textcolor>white</textcolor>
				<align>left</align>
				<pagecontrol></pagecontrol>
				<label>$INFO[RDS.Artist]</label>
				<autoscroll time="2000" delay="3000" repeat="5000">true</autoscroll>
				<visible>!String.IsEmpty(RDS.Artist) + !String.IsEmpty(RDS.Band)</visible>
			</control>
			<control type="label">
				<description>Conductor Title</description>
				<left>10</left>
				<top>105</top>
				<width>140</width>
				<height>25</height>
				<align>right</align>
				<aligny>center</aligny>
				<font>Regular20</font>
				<textcolor>blue</textcolor>
				<label>$LOCALIZE[29905]:</label>
				<visible>!String.IsEmpty(RDS.Conductor)</visible>
			</control>
			<control type="fadelabel">
				<description>Conductor Value</description>
				<left>160</left>
				<top>105</top>
				<width>300</width>
				<height>25</height>
				<align>left</align>
				<aligny>center</aligny>
				<font>Regular20</font>
				<textcolor>white</textcolor>
				<label fallback="161">$INFO[RDS.Conductor]</label>
				<scrollout>false</scrollout>
				<pauseatend>2000</pauseatend>
				<visible>!String.IsEmpty(RDS.Conductor)</visible>
			</control>
			<control type="label">
				<description>Programme style Name</description>
				<left>10</left>
				<top>105</top>
				<width>140</width>
				<height>25</height>
				<align>right</align>
				<aligny>center</aligny>
				<font>Regular20</font>
				<textcolor>blue</textcolor>
				<label>$LOCALIZE[29902]:</label>
				<visible>String.IsEmpty(RDS.Conductor) + !String.IsEmpty(RDS.ProgStyle)</visible>
			</control>
			<control type="fadelabel">
				<description>Programme style Value</description>
				<left>160</left>
				<top>105</top>
				<width>704</width>
				<height>25</height>
				<align>left</align>
				<aligny>center</aligny>
				<font>Regular20</font>
				<textcolor>white</textcolor>
				<label>$INFO[RDS.ProgStyle]</label>
				<visible>String.IsEmpty(RDS.Conductor) + !String.IsEmpty(RDS.ProgStyle)</visible>
			</control>
			<control type="label">
				<description>Programme style Name</description>
				<left>385</left>
				<top>105</top>
				<width>140</width>
				<height>25</height>
				<align>right</align>
				<aligny>center</aligny>
				<font>Regular20</font>
				<textcolor>blue</textcolor>
				<label>$LOCALIZE[29902]:</label>
				<visible>!String.IsEmpty(RDS.Conductor) + !String.IsEmpty(RDS.ProgStyle)</visible>
			</control>
			<control type="fadelabel">
				<description>Programme style Value</description>
				<left>535</left>
				<top>105</top>
				<width>328</width>
				<height>25</height>
				<align>left</align>
				<aligny>center</aligny>
				<font>Regular20</font>
				<textcolor>white</textcolor>
				<label>$INFO[RDS.ProgStyle]</label>
				<visible>!String.IsEmpty(RDS.Conductor) + !String.IsEmpty(RDS.ProgStyle)</visible>
			</control>
		</control>
		<control type="label">
			<description>Album Title</description>
			<left>385</left>
			<top>175</top>
			<width>140</width>
			<height>25</height>
			<align>right</align>
			<aligny>center</aligny>
			<font>Regular20</font>
			<textcolor>blue</textcolor>
			<label>$LOCALIZE[558]:</label>
			<visible>!String.IsEmpty(RDS.Album)</visible>
		</control>
		<control type="fadelabel">
			<description>Album Value</description>
			<left>535</left>
			<top>175</top>
			<width>328</width>
			<height>25</height>
			<align>left</align>
			<aligny>center</aligny>
			<font>Regular20</font>
			<textcolor>white</textcolor>
			<label>$INFO[RDS.Album]</label>
			<scrollout>false</scrollout>
			<pauseatend>2000</pauseatend>
			<visible>!String.IsEmpty(RDS.Album)</visible>
		</control>
		<control type="label">
			<description>Programme host Name</description>
			<left>10</left>
			<top>210</top>
			<width>140</width>
			<height>25</height>
			<align>right</align>
			<aligny>center</aligny>
			<font>Regular20</font>
			<textcolor>blue</textcolor>
			<label>$LOCALIZE[29906]:</label>
			<visible>!String.IsEmpty(RDS.ProgHost)</visible>
		</control>
		<control type="fadelabel">
			<description>Programme host Value</description>
			<left>160</left>
			<top>210</top>
			<width>235</width>
			<height>25</height>
			<align>left</align>
			<aligny>center</aligny>
			<font>Regular20</font>
			<textcolor>white</textcolor>
			<label>$INFO[RDS.ProgHost]</label>
			<visible>!String.IsEmpty(RDS.ProgHost)</visible>
		</control>
		<control type="label">
			<description>Comment Title</description>
			<left>385</left>
			<top>210</top>
			<width>140</width>
			<height>25</height>
			<align>right</align>
			<aligny>center</aligny>
			<font>Regular20</font>
			<textcolor>blue</textcolor>
			<label>$LOCALIZE[569]:</label>
			<visible>!String.IsEmpty(RDS.Comment)</visible>
		</control>
		<control type="fadelabel">
			<description>Comment Value</description>
			<left>535</left>
			<top>210</top>
			<width>328</width>
			<height>25</height>
			<align>left</align>
			<aligny>center</aligny>
			<font>Regular20</font>
			<textcolor>white</textcolor>
			<label>$INFO[RDS.Comment]</label>
			<scrollout>false</scrollout>
			<pauseatend>2000</pauseatend>
			<visible>!String.IsEmpty(RDS.Comment)</visible>
		</control>
		<control type="label">
			<description>Channel Name</description>
			<left>10</left>
			<top>245</top>
			<width>140</width>
			<height>25</height>
			<align>right</align>
			<aligny>center</aligny>
			<font>Regular20</font>
			<textcolor>blue</textcolor>
			<label>$LOCALIZE[19148]:</label>
			<visible>!String.IsEmpty(RDS.ProgStation)</visible>
		</control>
		<control type="fadelabel">
			<description>Channel Value</description>
			<left>160</left>
			<top>245</top>
			<width>235</width>
			<height>25</height>
			<align>left</align>
			<aligny>center</aligny>
			<font>Regular20</font>
			<textcolor>white</textcolor>
			<label>$INFO[RDS.ProgStation]</label>
			<visible>!String.IsEmpty(RDS.ProgStation)</visible>
		</control>
		<control type="label">
			<description>Editorial Staff Name</description>
			<left>385</left>
			<top>245</top>
			<width>140</width>
			<height>25</height>
			<align>right</align>
			<aligny>center</aligny>
			<font>Regular20</font>
			<textcolor>blue</textcolor>
			<label>$LOCALIZE[29907]:</label>
			<visible>!String.IsEmpty(RDS.ProgEditStaff)</visible>
		</control>
		<control type="fadelabel">
			<description>Editorial Staff Value</description>
			<left>535</left>
			<top>245</top>
			<width>328</width>
			<height>25</height>
			<align>left</align>
			<aligny>center</aligny>
			<font>Regular20</font>
			<textcolor>white</textcolor>
			<label>$INFO[RDS.ProgEditStaff]</label>
			<visible>!String.IsEmpty(RDS.ProgEditStaff)</visible>
		</control>

		<control type="grouplist">
			<left>10</left>
			<top>280</top>
			<width>160</width>
			<height>300</height>
			<itemgap>8</itemgap>
			<control type="label">
				<description>Program basename</description>
				<left>10</left>
				<top>280</top>
				<width>140</width>
				<height>25</height>
				<align>right</align>
				<aligny>center</aligny>
				<font>Regular20</font>
				<textcolor>blue</textcolor>
				<label>$LOCALIZE[29908]:</label>
				<visible>!String.IsEmpty(RDS.ProgNow) | !String.IsEmpty(RDS.ProgNext)</visible>
			</control>
			<control type="label">
				<description>blind label</description>
				<left>10</left>
				<top>280</top>
				<width>140</width>
				<height>25</height>
				<label></label>
				<visible>!String.IsEmpty(RDS.ProgNow) + !String.IsEmpty(RDS.ProgNext)</visible>
			</control>
			<control type="label">
				<description>Studio basename</description>
				<width>140</width>
				<height>25</height>
				<align>right</align>
				<aligny>center</aligny>
				<font>Regular20</font>
				<textcolor>blue</textcolor>
				<label>$LOCALIZE[29909]:</label>
				<visible>!String.IsEmpty(RDS.PhoneStudio) | !String.IsEmpty(RDS.EmailStudio) | !String.IsEmpty(RDS.SMSStudio)</visible>
			</control>
		</control>
		<control type="grouplist">
			<left>160</left>
			<top>280</top>
			<width>160</width>
			<height>300</height>
			<itemgap>8</itemgap>
			<control type="label">
				<description>Program now Name</description>
				<width>160</width>
				<height>25</height>
				<align>left</align>
				<aligny>center</aligny>
				<font>Regular20</font>
				<textcolor>white</textcolor>
				<label>$LOCALIZE[19030]:</label>
				<visible>!String.IsEmpty(RDS.ProgNow)</visible>
			</control>
			<control type="label">
				<description>Program next Name</description>
				<width>160</width>
				<height>25</height>
				<align>left</align>
				<aligny>center</aligny>
				<font>Regular20</font>
				<textcolor>white</textcolor>
				<label>$LOCALIZE[19031]:</label>
				<visible>!String.IsEmpty(RDS.ProgNext)</visible>
			</control>
			<control type="label">
				<description>Studio phone Name</description>
				<width>95</width>
				<height>25</height>
				<align>left</align>
				<aligny>center</aligny>
				<font>Regular20</font>
				<textcolor>white</textcolor>
				<label>$LOCALIZE[29910]:</label>
				<visible>!String.IsEmpty(RDS.PhoneStudio)</visible>
			</control>
			<control type="label">
				<description>Studio email Name</description>
				<width>95</width>
				<height>25</height>
				<align>left</align>
				<aligny>center</aligny>
				<font>Regular20</font>
				<textcolor>white</textcolor>
				<label>$LOCALIZE[29911]:</label>
				<visible>!String.IsEmpty(RDS.EmailStudio)</visible>
			</control>
			<control type="label">
				<description>Studio SMS Name</description>
				<width>95</width>
				<height>25</height>
				<align>left</align>
				<aligny>center</aligny>
				<font>Regular20</font>
				<textcolor>white</textcolor>
				<label>$LOCALIZE[29912]:</label>
				<visible>!String.IsEmpty(RDS.SMSStudio)</visible>
			</control>
		</control>
		<control type="grouplist">
			<left>230</left>
			<top>280</top>
			<width>620</width>
			<height>300</height>
			<itemgap>8</itemgap>
			<control type="fadelabel">
				<description>Program now Value</description>
				<width>620</width>
				<height>25</height>
				<align>left</align>
				<aligny>center</aligny>
				<font>Regular20</font>
				<textcolor>grey</textcolor>
				<label>$INFO[RDS.ProgNow]</label>
				<visible>!String.IsEmpty(RDS.ProgNow)</visible>
			</control>
			<control type="fadelabel">
				<description>Program next Value</description>
				<width>620</width>
				<height>25</height>
				<align>left</align>
				<aligny>center</aligny>
				<font>Regular20</font>
				<textcolor>grey</textcolor>
				<label>$INFO[RDS.ProgNext]</label>
				<visible>!String.IsEmpty(RDS.ProgNext)</visible>
			</control>
			<control type="fadelabel">
				<description>Studio phone Value</description>
				<width>215</width>
				<height>25</height>
				<align>left</align>
				<aligny>center</aligny>
				<font>Regular20</font>
				<textcolor>grey</textcolor>
				<label>$INFO[RDS.PhoneStudio]</label>
				<visible>!String.IsEmpty(RDS.PhoneStudio)</visible>
			</control>
			<control type="fadelabel">
				<description>Studio email Value</description>
				<width>215</width>
				<height>25</height>
				<align>left</align>
				<aligny>center</aligny>
				<font>Regular20</font>
				<textcolor>grey</textcolor>
				<label>$INFO[RDS.EmailStudio]</label>
				<visible>!String.IsEmpty(RDS.EmailStudio)</visible>
			</control>
			<control type="fadelabel">
				<description>Studio SMS Value</description>
				<width>215</width>
				<height>25</height>
				<align>left</align>
				<aligny>center</aligny>
				<font>Regular20</font>
				<textcolor>grey</textcolor>
				<label>$INFO[RDS.SMSStudio]</label>
				<visible>!String.IsEmpty(RDS.SMSStudio)</visible>
			</control>
		</control>
		<control type="grouplist">
			<left>385</left>
			<top>280</top>
			<width>520</width>
			<height>300</height>
			<itemgap>8</itemgap>
			<control type="label">
				<description>blind label</description>
				<width>5</width>
				<height>25</height>
				<label></label>
				<visible>!String.IsEmpty(RDS.ProgNow)</visible>
			</control>
			<control type="label">
				<description>blind label</description>
				<width>5</width>
				<height>25</height>
				<label></label>
				<visible>!String.IsEmpty(RDS.ProgNext)</visible>
			</control>
			<control type="label">
				<description>Hotline basename</description>
				<width>140</width>
				<height>25</height>
				<align>right</align>
				<aligny>center</aligny>
				<font>Regular20</font>
				<textcolor>blue</textcolor>
				<label>$LOCALIZE[29913]:</label>
				<visible>!String.IsEmpty(RDS.PhoneHotline) | !String.IsEmpty(RDS.EmailHotline)</visible>
			</control>
			<control type="label">
				<description>blind label</description>
				<width>140</width>
				<height>25</height>
				<label></label>
				<visible>!String.IsEmpty(RDS.PhoneHotline) + !String.IsEmpty(RDS.EmailHotline)</visible>
			</control>
			<control type="label">
				<description>Homepage Name</description>
				<left>385</left>
				<top>420</top>
				<width>140</width>
				<height>25</height>
				<align>right</align>
				<aligny>center</aligny>
				<font>Regular20</font>
				<textcolor>blue</textcolor>
				<label>$LOCALIZE[29914]:</label>
				<visible>!String.IsEmpty(RDS.ProgHomepage)</visible>
			</control>
		</control>
		<control type="grouplist">
			<left>535</left>
			<top>280</top>
			<width>520</width>
			<height>300</height>
			<itemgap>8</itemgap>
			<control type="label">
				<description>blind label</description>
				<width>5</width>
				<height>25</height>
				<label></label>
				<visible>!String.IsEmpty(RDS.ProgNow)</visible>
			</control>
			<control type="label">
				<description>blind label</description>
				<width>5</width>
				<height>25</height>
				<label></label>
				<visible>!String.IsEmpty(RDS.ProgNext)</visible>
			</control>
			<control type="label">
				<description>Hotline phone Name</description>
				<width>160</width>
				<height>25</height>
				<align>left</align>
				<aligny>center</aligny>
				<font>Regular20</font>
				<textcolor>white</textcolor>
				<label>$LOCALIZE[29910]:</label>
				<visible>!String.IsEmpty(RDS.PhoneHotline)</visible>
			</control>
			<control type="label">
				<description>Hotline email Name</description>
				<width>160</width>
				<height>25</height>
				<align>left</align>
				<aligny>center</aligny>
				<font>Regular20</font>
				<textcolor>white</textcolor>
				<label>$LOCALIZE[29911]:</label>
				<visible>!String.IsEmpty(RDS.EmailHotline)</visible>
			</control>
			<control type="fadelabel">
				<description>Homepage Value</description>
				<width>320</width>
				<height>25</height>
				<align>left</align>
				<aligny>center</aligny>
				<font>Regular20</font>
				<textcolor>white</textcolor>
				<label>$INFO[RDS.ProgHomepage]</label>
				<visible>!String.IsEmpty(RDS.ProgHomepage)</visible>
			</control>
		</control>
		<control type="grouplist">
			<left>605</left>
			<top>280</top>
			<width>520</width>
			<height>300</height>
			<itemgap>8</itemgap>
			<control type="label">
				<description>blind label</description>
				<width>5</width>
				<height>25</height>
				<label></label>
				<visible>!String.IsEmpty(RDS.ProgNow)</visible>
			</control>
			<control type="label">
				<description>blind label</description>
				<width>140</width>
				<height>25</height>
				<label></label>
				<visible>!String.IsEmpty(RDS.ProgNext)</visible>
			</control>
			<control type="fadelabel">
				<description>Hotline phone Value</description>
				<width>248</width>
				<height>25</height>
				<align>left</align>
				<aligny>center</aligny>
				<font>Regular20</font>
				<textcolor>grey</textcolor>
				<label>$INFO[RDS.PhoneHotline]</label>
				<visible>!String.IsEmpty(RDS.PhoneHotline)</visible>
			</control>
			<control type="fadelabel">
				<description>Hotline email Value</description>
				<width>248</width>
				<height>25</height>
				<align>left</align>
				<aligny>center</aligny>
				<font>Regular20</font>
				<textcolor>grey</textcolor>
				<label>$INFO[RDS.EmailHotline]</label>
				<visible>!String.IsEmpty(RDS.EmailHotline)</visible>
			</control>
		</control>

		<control type="group" id="70">
			<description>Radio text info list</description>
			<left>40</left>
			<top>455</top>
			<visible>false</visible>
			<include>VisibleFadeEffect</include>
			<control type="label">
				<description>Info label</description>
				<left>375</left>
				<top>0</top>
				<width>110</width>
				<height>25</height>
				<align>right</align>
				<aligny>center</aligny>
				<font>Regular20</font>
				<textcolor>blue</textcolor>
				<label>$LOCALIZE[29915]:</label>
			</control>
			<control type="spincontrol" id="21">
				<description>Source Type</description>
				<left>740</left>
				<top>5</top>
				<font>Regular20</font>
				<textcolor>white</textcolor>
				<aligny>center</aligny>
				<label></label>
				<textoffsetx>10</textoffsetx>
				<onright>21</onright>
				<onleft>21</onleft>
				<onup>9000</onup>
				<ondown>9000</ondown>
			</control>
			<control type="spincontrol" id="60">
				<description>Next page button</description>
				<left>0</left>
				<top>155</top>
				<subtype>page</subtype>
				<font></font>
				<onright>9000</onright>
				<onleft>9000</onleft>
				<ondown>21</ondown>
				<onup>21</onup>
				<textcolor></textcolor>
			</control>
			<control type="textbox" id="22">
				<description>PLOT</description>
				<left>0</left>
				<top>30</top>
				<width>800</width>
				<height>120</height>
				<font>Regular17</font>
				<align>justify</align>
				<pagecontrol>60</pagecontrol>
				<label></label>
			</control>
		</control>
		<control type="grouplist" id="9000">
			<left>40</left>
			<top>620</top>
			<width>790</width>
			<height>40</height>
			<itemgap>5</itemgap>
			<align>center</align>
			<orientation>horizontal</orientation>
			<onleft>60</onleft>
			<onright>60</onright>
			<onup>21</onup>
			<ondown>21</ondown>
			<control type="button" id="10">
				<description>OK</description>
				<include>ButtonInfoDialogsCommonValues</include>
				<label>186</label>
			</control>
		</control>
	</controls>
</window>
