<?xml version="1.0" encoding="UTF-8"?>
<window>
	<defaultcontrol>3</defaultcontrol>
	<controls>
		<include>CommonBackground</include>
		<include>ContentPanelBackgrounds</include>
		
		
		<control type="group">
			<left>0</left>
			<top>0</top>
			
			<include>Window_OpenClose_Animation_Full</include>
			
			
			<control type="image">
				<left>0</left>
				<top>0</top>
				<width>340</width>
				<height>720</height>
				<texture border="4">black-back.png</texture>
				<animation effect="fade" end="65" time="0" condition="true">conditional</animation>
			</control>
			<control type="image">
				<left>0</left>
				<top>0</top>
				<width>340</width>
				<height>720</height>
				<texture border="4">_added_img/black-back2-noborder.png</texture>
				<animation effect="fade" end="40" time="0" condition="true">conditional</animation>
			</control>
			
			<control type="grouplist" id="3">
				<description>button area</description>
				<left>0</left>
				<top>90</top>
				<width>340</width>
				<height>512</height>
				<itemgap>0</itemgap>
				<onleft>3</onleft>
				<onright>5</onright>
				<onup>3</onup>
				<ondown>20</ondown>
			</control>
			
			<control type="button" id="20">
				<description>Setting level button</description>
				<left>26</left>
				<top>604</top>
				<height>64</height>
				<width>254</width><!--314-->
				<label>10037</label><!--10037-->
				<textoffsetx>66</textoffsetx>
				<textwidth>176</textwidth>
				<align>left</align>
				<aligny>center</aligny>
				<font>Regular22</font>
				<textcolor>afebb217</textcolor>
				
				<focusedcolor>selected</focusedcolor>
				<texturefocus border="4">MenuItemFO.png</texturefocus>
				<texturenofocus border="4"></texturenofocus>
				<pulseonselect>false</pulseonselect>
				<onleft>5</onleft>
				<onright>5</onright>
				<onup>3</onup>
				<ondown></ondown>
				<onclick>SettingsLevelChange</onclick>
			</control>
			
			<control type="image">
				<left>51</left>
				<top>626</top>
				<width>22</width>
				<height>22</height>
				<texture>_added_img/settings_level.png</texture>
				<animation effect="fade" start="100" end="40" time="0" condition="!Control.HasFocus(20)">Conditional</animation>
			</control>
			
			<control type="image">
				<left>340</left>
				<top>0</top>
				<width>940</width>
				<height>720</height>
				<texture border="4">black-back.png</texture>
				<animation effect="fade" end="85" time="0" condition="true">Conditional</animation>
			</control>
			<control type="image">
				<left>340</left>
				<top>0</top>
				<width>940</width>
				<height>720</height>
				<texture border="4">_added_img/black-back2-noborder.png</texture>
				<animation effect="fade" end="60" time="0" condition="true">Conditional</animation>
			</control>
			<control type="grouplist" id="5">
				<description>control area</description>
				<left>400</left>
				<top>90</top>
				<width>750</width>
				<height>488</height>
				<itemgap>0</itemgap>
				<pagecontrol>60</pagecontrol>
				<onleft>3</onleft>
				<onright>60</onright>
				<onup>5</onup>
				<ondown>5</ondown>
			</control>
			<control type="scrollbar" id="60">
				<left>1188</left>
				<top>90</top>
				<include>scrollBarStyleDefaultWidth</include>
				<height>488</height>
				<onleft>5</onleft>
				<onright>60</onright>
				<showonepage>false</showonepage>
				
				<include>scrollBarStyleDefault</include>
				
			</control>
			<control type="textbox" id="6">
				<description>description area</description>
				<left>400</left>
				<top>588</top><!-- 532 -->
				<width>736</width>
				<height>83</height>
				<font>Light19</font>
				<align>left</align>
				<textcolor>selected+</textcolor>
				<autoscroll time="3000" delay="4000" repeat="5000">true</autoscroll>
			</control>
		</control>
		<control type="button" id="10">
			<description>Default Category Button</description>
			<height>64</height>
			<width>340</width>
			<textoffsetx>50</textoffsetx>
			<align>left</align>
			<aligny>center</aligny>
			<font>Regular24</font>
			<textcolor>grey2+</textcolor>
			<focusedcolor>white</focusedcolor>
			
			<include>SettingsCategoryButtonTexture</include>
			
			<texturenofocus border="4"></texturenofocus>
			<pulseonselect>false</pulseonselect>
		</control>
		<control type="button" id="7">
			<description>Default Button</description>
			<left>0</left>
			<top>0</top>
			<height>48</height>
			<font>Regular21</font>
			<textcolor>grey2</textcolor>
			<focusedcolor>white</focusedcolor>
			<invalidcolor>invalid</invalidcolor>
			<texturefocus border="4">MenuItemFO.png</texturefocus>
			<texturenofocus border="2"></texturenofocus>
		</control>
		<!-- Kodi 20+ fix -->
		<control type="colorbutton" id="15">
			<description>Default ColorButton</description>
			<left>0</left>
			<top>0</top>
			<height>48</height>
			<aligny>center</aligny>
			<font>Regular21</font>
			<textcolor>grey2</textcolor>
			<focusedcolor>white</focusedcolor>
			<invalidcolor>invalid</invalidcolor>
			<texturefocus border="4">MenuItemFO.png</texturefocus>
			<texturenofocus border="2"></texturenofocus>
		</control>
		<control type="radiobutton" id="8">
			<description>Default RadioButton</description>
			<left>0</left>
			<top>0</top>
			<height>48</height>
			<font>Regular21</font>
			<textcolor>grey2</textcolor>
			<focusedcolor>white</focusedcolor>
			<texturefocus border="4">MenuItemFO.png</texturefocus>
			<texturenofocus border="2"></texturenofocus>
		</control>
		<control type="spincontrolex" id="9">
			<description>Default SpinControlex</description>
			<left>0</left>
			<top>0</top>
			<height>48</height>
			<font>Regular21</font>
			<textcolor>grey2</textcolor>
			<focusedcolor>white</focusedcolor>
			<texturefocus border="4">MenuItemFO.png</texturefocus>
			<texturenofocus border="2"></texturenofocus>
			<aligny>center</aligny>
			<reverse>yes</reverse>
		</control>
		<control type="sliderex" id="13">
			<description>Default Slider</description>
			<left>0</left>
			<top>0</top>
			<height>48</height>
			<font>Regular21</font>
			<textcolor>grey2</textcolor>
			<focusedcolor>white</focusedcolor>
			<texturefocus border="4">MenuItemFO.png</texturefocus>
			<texturenofocus border="2"></texturenofocus>
			<aligny>center</aligny>
		</control>
		<control type="image" id="11">
			<description>separator image</description>
			<height>10</height>
			<texture></texture>
		</control>
		<control type="label" id="14">
			<description>Default Label</description>
			<left>0</left>
			<top>0</top>
			<height>30</height>
			<label></label>
			<align>center</align>
			<aligny>bottom</aligny>
			<font>Light22</font>
			<textcolor>blue</textcolor>
		</control>
		<control type="label" id="2">
			<description>Fake Label so we can pass it value down to the one below</description>
			<left>0</left>
			<top>0</top>
			<width>0</width>
			<height>0</height>
			<font></font>
			<visible>false</visible>
		</control>
		
		<control type="group">
			<depth>DepthFooter</depth>
			<include>CommonNowPlaying</include>
		</control>
		
		
		
		<include>BehindDialogFadeOut</include>
		
		<include content="CommonWindowHeader">
			<param name="Icon" value="icon_system" />
			<param name="Label" value="$LOCALIZE[5]" />
			<param name="ShowLabel2" value="true" />
		</include>
		
	</controls>
</window>
