<?xml version="1.0" encoding="UTF-8"?>
<window>
	<defaultcontrol always="true">9000</defaultcontrol>
	<controls>
		<include>CommonBackground</include>
		<control type="image">
			<left>0</left>
			<top>88r</top>
			<width>1280</width>
			<height>88</height>
			<texture>floor_plain.png</texture>
			<!--
			<include>VisibleFadeEffect</include>
			-->
			<animation effect="fade" end="99" time="0" condition="true">Conditional</animation>
			<visible>!Skin.HasSetting(RemoveFloorGraphics)</visible>
		</control>
		<include content="CommonWindowHeader">
			<param name="Icon" value="icon_system" />
			<param name="Label" value="$LOCALIZE[20077]" />
		</include>
		<control type="group">
			<left>90</left>
			<top>30</top>
			<animation type="WindowOpen" reversible="false">
				<effect type="zoom" start="80" end="100" center="640,360" easing="out" tween="back" time="225" />
				<effect type="fade" start="0" end="100" time="225" />
			</animation>
			<animation type="WindowClose" reversible="false">
				<effect type="zoom" start="100" end="80" center="640,360" easing="in" tween="back" time="225" />
				<effect type="fade" start="100" end="0" time="225" />
			</animation>
			<control type="image">
				<left>5</left>
				<top>5</top>
				<width>1090</width>
				<height>630</height>
				<texture border="15">ContentPanel.png</texture>
			</control>
			<control type="image">
				<left>5</left>
				<top>625</top>
				<width>1090</width>
				<height>64</height>
				<texture border="15">ContentPanelMirror.png</texture>
			</control>
			<control type="image">
				<left>12</left>
				<top>412</top>
				<width>256</width>
				<height>215</height>
				<aspectratio aligny="top" align="left">scale</aspectratio>
				<texture background="true">_added_img/aczg_logo_settings.png</texture>
				<animation effect="fade" end="20" time="0" condition="true">Conditional</animation>
			</control>
			<control type="list" id="9000">
				<left>10</left>
				<top>90</top>
				<width>258</width>
				<height>481</height>
				<onleft>9010</onleft>
				<onright>9010</onright>
				<onup>9000</onup>
				<ondown>9000</ondown>
				<pagecontrol>-</pagecontrol>
				<scrolltime>300</scrolltime>
				<itemlayout height="80" width="260">
					<control type="image">
						<left>0</left>
						<top>0</top>
						<width>260</width>
						<height>81</height>
						<texture border="5">MenuItemNF.png</texture>
					</control>
					<control type="label">
						<left>10</left>
						<top>15</top>
						<width>240</width>
						<height>25</height>
						<font>font24_title</font>
						<textcolor>grey2+</textcolor>
						<align>right</align>
						<aligny>center</aligny>
						<label>$INFO[ListItem.Label]</label>
					</control>
					<control type="label">
						<left>10</left>
						<top>42</top>
						<width>240</width>
						<height>25</height>
						<font>font13</font>
						<textcolor>grey2+</textcolor>
						<align>right</align>
						<aligny>center</aligny>
						<label>$INFO[ListItem.Label2]</label>
					</control>
				</itemlayout>
				<focusedlayout height="80" width="260">
					<control type="image">
						<left>0</left>
						<top>0</top>
						<width>260</width>
						<height>81</height>
						<texture border="5">MenuItemFO.png</texture>
						<animation effect="fade" start="100" end="30" time="75" condition="!Control.HasFocus(9000)">Conditional</animation>
					</control>
					<control type="label">
						<left>10</left>
						<top>15</top>
						<width>240</width>
						<height>25</height>
						<font>font24_title</font>
						<textcolor>white</textcolor>
						<align>right</align>
						<aligny>center</aligny>
						<label>$INFO[ListItem.Label]</label>
					</control>
					<control type="label">
						<left>10</left>
						<top>42</top>
						<width>240</width>
						<height>25</height>
						<font>font13</font>
						<textcolor>white</textcolor>
						<align>right</align>
						<aligny>center</aligny>
						<label>$INFO[ListItem.Label2]</label>
					</control>
				</focusedlayout>
				<content>
					<item id="1">
						<label>128</label>
						<label2>5</label2>
						<onclick>noop</onclick>
					</item>
					<item id="2">
						<label>Main menu</label>
						<label2>31112</label2>
						<onclick>noop</onclick>
					</item>
					<item id="3">
						<label>Main menu $LOCALIZE[24000]</label>
						<label2>31200</label2>
						<onclick>noop</onclick>
					</item>
					<item id="4">
						<label>31102</label>
						<label2>31112</label2>
						<onclick>noop</onclick>
					</item>
				</content>
			</control>
			<control type="image">
				<left>268</left>
				<top>10</top>
				<width>790</width>
				<height>618</height>
				<texture border="5">black-back2.png</texture>
			</control>
			<control type="image">
				<left>268</left>
				<top>10</top>
				<width>790</width>
				<height>52</height>
				<texture>dialogheader.png</texture>
			</control>
			<control type="label">
				<description>header label</description>
				<left>300</left>
				<top>20</top>
				<width>726</width>
				<height>30</height>
				<font>font16</font>
				<label>$LOCALIZE[20077] - $INFO[Container(9000).ListItem.Label]$INFO[Container(9000).ListItem.Label2, ,]</label>
				<align>center</align>
				<aligny>center</aligny>
				<textcolor>white</textcolor>
				<shadowcolor>black</shadowcolor>
			</control>
			
			
			
			
			
			
			<control type="group" id="9010">
				<control type="grouplist" id="9001">
					<visible>Container(9000).Hasfocus(1)</visible>
					<left>290</left>
					<top>60</top>
					<width>750</width>
					<height>530</height>
					<itemgap>-1</itemgap>
					<pagecontrol>60</pagecontrol>
					<onleft>9000</onleft>
					<onright>60</onright>
					<onup>9001</onup>
					<ondown>9001</ondown>
					
					<control type="label" id="100">
						<width>750</width>
						<height>45</height>
						<font>font13_title</font>
						<label>31106</label>
						<textcolor>blue</textcolor>
						<shadowcolor>black</shadowcolor>
						<align>left</align>
						<aligny>center</aligny>
					</control>
					
					<control type="radiobutton" id="101">
						<width>750</width>
						<height>40</height>
						<font>font13</font>
						<label>20189</label>
						<textcolor>grey2</textcolor>
						<focusedcolor>white</focusedcolor>
						<texturefocus>MenuItemFO.png</texturefocus>
						<texturenofocus>MenuItemNF.png</texturenofocus>
						<onclick>Skin.ToggleSetting(AutoScroll)</onclick>
						<selected>Skin.HasSetting(AutoScroll)</selected>
					</control>
					
					<control type="label" id="200">
						<width>750</width>
						<height>45</height>
						<font>font13_title</font>
						<label>31101</label>
						<textcolor>blue</textcolor>
						<shadowcolor>black</shadowcolor>
						<align>left</align>
						<aligny>center</aligny>
					</control>
					
					<control type="radiobutton" id="204">
						<description>enable weather info</description>
						<width>750</width>
						<height>40</height>
						<font>font13</font>
						<textcolor>grey2</textcolor>
						<focusedcolor>white</focusedcolor>
						<label>20084</label>
						<onclick>Skin.ToggleSetting(HomepageWeatherinfo)</onclick>
						<selected>Skin.HasSetting(HomepageWeatherinfo)</selected>
						<texturefocus>MenuItemFO.png</texturefocus>
						<texturenofocus>MenuItemNF.png</texturenofocus>
						<enable>!String.IsEmpty(Weather.Plugin)</enable>
					</control>
					<control type="radiobutton" id="205">
						<description>Show Recently added Video info</description>
						<width>750</width>
						<height>40</height>
						<font>font13</font>
						<textcolor>grey2</textcolor>
						<focusedcolor>white</focusedcolor>
						<label>31117</label>
						<onclick>Skin.ToggleSetting(HomepageHideRecentlyAddedVideo)</onclick>
						<selected>!Skin.HasSetting(HomepageHideRecentlyAddedVideo)</selected>
						<texturefocus>MenuItemFO.png</texturefocus>
						<texturenofocus>MenuItemNF.png</texturenofocus>
					</control>
					<control type="radiobutton" id="206">
						<description>Show Recently added info</description>
						<width>750</width>
						<height>40</height>
						<font>font13</font>
						<textcolor>grey2</textcolor>
						<focusedcolor>white</focusedcolor>
						<label>31116</label>
						<onclick>Skin.ToggleSetting(HomepageHideRecentlyAddedAlbums)</onclick>
						<selected>!Skin.HasSetting(HomepageHideRecentlyAddedAlbums)</selected>
						<texturefocus>MenuItemFO.png</texturefocus>
						<texturenofocus>MenuItemNF.png</texturenofocus>
					</control>
					<control type="radiobutton" id="207">
						<description>Show search button on home screen</description>
						<width>750</width>
						<height>40</height>
						<font>font13</font>
						<textcolor>grey2</textcolor>
						<focusedcolor>white</focusedcolor>
						<label>Show search button on home screen</label>
						<onclick>Skin.ToggleSetting(HomepageHideSearchButton)</onclick>
						<selected>!Skin.HasSetting(HomepageHideSearchButton)</selected>
						<texturefocus>MenuItemFO.png</texturefocus>
						<texturenofocus>MenuItemNF.png</texturenofocus>
					</control>
					
					<control type="label" id="190">
						<width>750</width>
						<height>45</height>
						<font>font13_title</font>
						<label>!</label>
						<textcolor>blue</textcolor>
						<shadowcolor>black</shadowcolor>
						<align>left</align>
						<aligny>center</aligny>
					</control>
					
					<control type="radiobutton" id="192">
						<width>750</width>
						<height>40</height>
						<font>font13</font>
						<label>Hide some view types for simplicity (Disable to see all view types.)</label>
						<textcolor>grey2</textcolor>
						<focusedcolor>white</focusedcolor>
						<texturefocus>MenuItemFO.png</texturefocus>
						<texturenofocus>MenuItemNF.png</texturenofocus>
						<onclick>Skin.ToggleSetting(ViewModesHideSomeViews)</onclick>
						<selected>!Skin.HasSetting(ViewModesHideSomeViews)</selected>
					</control>
					<control type="radiobutton" id="193">
						<width>750</width>
						<height>40</height>
						<font>font13</font>
						<label>Switch Wall Views (Wall View with more items as Default)</label>
						<textcolor>grey2</textcolor>
						<focusedcolor>white</focusedcolor>
						<texturefocus>MenuItemFO.png</texturefocus>
						<texturenofocus>MenuItemNF.png</texturenofocus>
						<onclick>Skin.ToggleSetting(ViewModeSwitchWallViews)</onclick>
						<selected>Skin.HasSetting(ViewModeSwitchWallViews)</selected>
					</control>
					<control type="radiobutton" id="194">
						<width>750</width>
						<height>40</height>
						<font>font13</font>
						<label>Use semi-transparent background for Wall Views (Disable on very slow devices)</label>
						<textcolor>grey2</textcolor>
						<focusedcolor>white</focusedcolor>
						<texturefocus>MenuItemFO.png</texturefocus>
						<texturenofocus>MenuItemNF.png</texturenofocus>
						<onclick>Skin.ToggleSetting(ViewModeWallViewsSemiTransparentBackground)</onclick>
						<selected>!Skin.HasSetting(ViewModeWallViewsSemiTransparentBackground)</selected>
					</control>
					<control type="radiobutton" id="195">
						<width>750</width>
						<height>40</height>
						<font>font13</font>
						<label>Move Favorites Button to main menu (ONLY works if main menu isn't full!)</label>
						<textcolor>grey2</textcolor>
						<focusedcolor>white</focusedcolor>
						<texturefocus>MenuItemFO.png</texturefocus>
						<texturenofocus>MenuItemNF.png</texturenofocus>
						<onclick>Skin.ToggleSetting(HomeMenuHasFavoritesButton)</onclick>
						<selected>Skin.HasSetting(HomeMenuHasFavoritesButton)</selected>
					</control>
					<control type="radiobutton" id="196">
						<width>750</width>
						<height>40</height>
						<font>font13</font>
						<label>- Make Favorites Button first main menu item</label>
						<textcolor>grey2</textcolor>
						<focusedcolor>white</focusedcolor>
						<texturefocus>MenuItemFO.png</texturefocus>
						<texturenofocus>MenuItemNF.png</texturenofocus>
						<onclick>Skin.ToggleSetting(HomeMenuHasFavoritesButtonStartWith)</onclick>
						<selected>Skin.HasSetting(HomeMenuHasFavoritesButtonStartWith)</selected>
						<enable>Skin.HasSetting(HomeMenuHasFavoritesButton)</enable>
					</control>
					<control type="radiobutton" id="197">
						<width>750</width>
						<height>40</height>
						<font>font13</font>
						<label>Remove floor-graphics</label>
						<textcolor>grey2</textcolor>
						<focusedcolor>white</focusedcolor>
						<texturefocus>MenuItemFO.png</texturefocus>
						<texturenofocus>MenuItemNF.png</texturenofocus>
						<onclick>Skin.ToggleSetting(RemoveFloorGraphics)</onclick>
						<selected>Skin.HasSetting(RemoveFloorGraphics)</selected>
					</control>
					
					<control type="label" id="453">
						<width>750</width>
						<height>45</height>
						<font>font13_title</font>
						<label>31140</label>
						<textcolor>blue</textcolor>
						<shadowcolor>black</shadowcolor>
						<align>left</align>
						<aligny>center</aligny>
					</control>
					
					<control type="button" id="455">
						<width>750</width>
						<height>40</height>
						<font>font13</font>
						<label>$LOCALIZE[31132]</label>
						<label2>[COLOR=selected]$INFO[system.addontitle(Skin.String(LyricScript_Path))][/COLOR]</label2>
						<textcolor>grey2</textcolor>
						<focusedcolor>white</focusedcolor>
						<texturefocus>MenuItemFO.png</texturefocus>
						<texturenofocus>MenuItemNF.png</texturenofocus>
						<onclick>Skin.SetAddon(LyricScript_Path,xbmc.python.lyrics)</onclick>
					</control>
					<control type="button" id="456">
						<width>750</width>
						<height>40</height>
						<font>font13</font>
						<label>- $LOCALIZE[24020]</label>
						<textcolor>grey2</textcolor>
						<focusedcolor>white</focusedcolor>
						<texturefocus>MenuItemFO.png</texturefocus>
						<texturenofocus>MenuItemNF.png</texturenofocus>
						<enable>!String.IsEmpty(Skin.String(LyricScript_Path))</enable>
						<onclick>Addon.OpenSettings($INFO[Skin.String(LyricScript_Path)])</onclick>
					</control>
					
				</control>
				<control type="scrollbar" id="60">
					<left>1060</left>
					<top>60</top>
					<width>25</width>
					<height>530</height>
					<texturesliderbackground border="0,14,0,14">ScrollBarV.png</texturesliderbackground>
					<texturesliderbar border="0,14,0,14">ScrollBarV_bar.png</texturesliderbar>
					<texturesliderbarfocus border="0,14,0,14">ScrollBarV_bar_focus.png</texturesliderbarfocus>
					<textureslidernib>ScrollBarNib.png</textureslidernib>
					<textureslidernibfocus>ScrollBarNib.png</textureslidernibfocus>
					<onleft>9001</onleft>
					<onright>9000</onright>
					<showonepage>false</showonepage>
					<orientation>vertical</orientation>
					<visible>Container(9000).Hasfocus(1)</visible>
				</control>
				
				
				
				
				
				
				<control type="grouplist" id="9002">
					<visible>Container(9000).Hasfocus(2)</visible>
					<left>290</left>
					<top>60</top>
					<width>750</width>
					<height>530</height>
					<itemgap>-1</itemgap>
					<pagecontrol>61</pagecontrol>
					<onleft>9000</onleft>
					<onright>61</onright>
					<onup>9002</onup>
					<ondown>9002</ondown>
					
					<control type="label" id="220">
						<width>750</width>
						<height>45</height>
						<font>font13_title</font>
						<label>Main menu items</label>
						<textcolor>blue</textcolor>
						<shadowcolor>black</shadowcolor>
						<align>left</align>
						<aligny>center</aligny>
					</control>
					
					<control type="radiobutton" id="222">
						<description>Movies Button</description>
						<width>750</width>
						<height>40</height>
						<font>font13</font>
						<textcolor>grey2</textcolor>
						<focusedcolor>white</focusedcolor>
						<label>[UPPERCASE]$LOCALIZE[20342][/UPPERCASE] [COLOR=grey3] ($LOCALIZE[20314])[/COLOR]</label>
						<onclick>Skin.ToggleSetting(HomeMenuNoMovieButton)</onclick>
						<selected>!Skin.HasSetting(HomeMenuNoMovieButton)</selected>
						<texturefocus>MenuItemFO.png</texturefocus>
						<texturenofocus>MenuItemNF.png</texturenofocus>
						<enable>Library.HasContent(Movies)</enable>
					</control>
					<control type="radiobutton" id="223">
						<description>TV Shows Button</description>
						<width>750</width>
						<height>40</height>
						<font>font13</font>
						<textcolor>grey2</textcolor>
						<focusedcolor>white</focusedcolor>
						<label>[UPPERCASE]$LOCALIZE[20343][/UPPERCASE] [COLOR=grey3] ($LOCALIZE[20314])[/COLOR]</label>
						<onclick>Skin.ToggleSetting(HomeMenuNoTVShowButton)</onclick>
						<selected>!Skin.HasSetting(HomeMenuNoTVShowButton)</selected>
						<texturefocus>MenuItemFO.png</texturefocus>
						<texturenofocus>MenuItemNF.png</texturenofocus>
						<enable>Library.HasContent(TVShows)</enable>
					</control>
					<control type="radiobutton" id="221">
						<description>Videos Button</description>
						<width>750</width>
						<height>40</height>
						<font>font13</font>
						<textcolor>grey2</textcolor>
						<focusedcolor>white</focusedcolor>
						<label>[UPPERCASE]$LOCALIZE[3][/UPPERCASE]</label>
						<onclick>Skin.ToggleSetting(HomeMenuNoVideosButton)</onclick>
						<selected>!Skin.HasSetting(HomeMenuNoVideosButton)</selected>
						<texturefocus>MenuItemFO.png</texturefocus>
						<texturenofocus>MenuItemNF.png</texturenofocus>
					</control>
					<control type="radiobutton" id="2212">
						<description>PVR TV Button</description>
						<width>750</width>
						<height>40</height>
						<font>font13</font>
						<textcolor>grey2</textcolor>
						<focusedcolor>white</focusedcolor>
						<label>[UPPERCASE]$LOCALIZE[19020][/UPPERCASE]</label>
						<onclick>Skin.ToggleSetting(HomeMenuNoPVRTVButton)</onclick>
						<selected>!Skin.HasSetting(HomeMenuNoPVRTVButton)</selected>
						<texturefocus>MenuItemFO.png</texturefocus>
						<texturenofocus>MenuItemNF.png</texturenofocus>
					</control>
					<control type="radiobutton" id="2211">
						<description>PVR Radio Button</description>
						<width>750</width>
						<height>40</height>
						<font>font13</font>
						<textcolor>grey2</textcolor>
						<focusedcolor>white</focusedcolor>
						<label>[UPPERCASE]$LOCALIZE[19021][/UPPERCASE]</label>
						<onclick>Skin.ToggleSetting(HomeMenuNoPVRRadioButton)</onclick>
						<selected>!Skin.HasSetting(HomeMenuNoPVRRadioButton)</selected>
						<texturefocus>MenuItemFO.png</texturefocus>
						<texturenofocus>MenuItemNF.png</texturenofocus>
					</control>
					<control type="radiobutton" id="224">
						<description>Music Button</description>
						<width>750</width>
						<height>40</height>
						<font>font13</font>
						<textcolor>grey2</textcolor>
						<focusedcolor>white</focusedcolor>
						<label>[UPPERCASE]$LOCALIZE[2][/UPPERCASE]</label>
						<onclick>Skin.ToggleSetting(HomeMenuNoMusicButton)</onclick>
						<selected>!Skin.HasSetting(HomeMenuNoMusicButton)</selected>
						<texturefocus>MenuItemFO.png</texturefocus>
						<texturenofocus>MenuItemNF.png</texturenofocus>
					</control>
					<control type="radiobutton" id="225">
						<description>Pictures Button</description>
						<width>750</width>
						<height>40</height>
						<font>font13</font>
						<textcolor>grey2</textcolor>
						<focusedcolor>white</focusedcolor>
						<label>[UPPERCASE]$LOCALIZE[1][/UPPERCASE]</label>
						<onclick>Skin.ToggleSetting(HomeMenuNoPicturesButton)</onclick>
						<selected>!Skin.HasSetting(HomeMenuNoPicturesButton)</selected>
						<texturefocus>MenuItemFO.png</texturefocus>
						<texturenofocus>MenuItemNF.png</texturenofocus>
					</control>
					<control type="radiobutton" id="228">
						<description>Weather Button</description>
						<width>750</width>
						<height>40</height>
						<font>font13</font>
						<textcolor>grey2</textcolor>
						<focusedcolor>white</focusedcolor>
						<label>[UPPERCASE]$LOCALIZE[8][/UPPERCASE]</label>
						<onclick>Skin.ToggleSetting(HomeMenuNoWeatherButton)</onclick>
						<selected>!Skin.HasSetting(HomeMenuNoWeatherButton)</selected>
						<texturefocus>MenuItemFO.png</texturefocus>
						<texturenofocus>MenuItemNF.png</texturenofocus>
					</control>
					<control type="radiobutton" id="226">
						<description>Programs Button</description>
						<width>750</width>
						<height>40</height>
						<font>font13</font>
						<textcolor>grey2</textcolor>
						<focusedcolor>white</focusedcolor>
						<label>[UPPERCASE]$LOCALIZE[24001][/UPPERCASE]</label>
						<onclick>Skin.ToggleSetting(HomeMenuNoProgramsButton)</onclick>
						<selected>!Skin.HasSetting(HomeMenuNoProgramsButton)</selected>
						<texturefocus>MenuItemFO.png</texturefocus>
						<texturenofocus>MenuItemNF.png</texturenofocus>
					</control>
				</control>
				<control type="scrollbar" id="61">
					<left>1060</left>
					<top>60</top>
					<width>25</width>
					<height>530</height>
					<texturesliderbackground border="0,14,0,14">ScrollBarV.png</texturesliderbackground>
					<texturesliderbar border="0,14,0,14">ScrollBarV_bar.png</texturesliderbar>
					<texturesliderbarfocus border="0,14,0,14">ScrollBarV_bar_focus.png</texturesliderbarfocus>
					<textureslidernib>ScrollBarNib.png</textureslidernib>
					<textureslidernibfocus>ScrollBarNib.png</textureslidernibfocus>
					<onleft>9002</onleft>
					<onright>9000</onright>
					<showonepage>false</showonepage>
					<orientation>vertical</orientation>
					<visible>Container(9000).Hasfocus(2)</visible>
				</control>
				
				
				
				
				

				<control type="grouplist" id="9003">
					<visible>Container(9000).Hasfocus(3)</visible>
					<left>290</left>
					<top>60</top>
					<width>750</width>
					<height>530</height>
					<itemgap>-1</itemgap>
					<pagecontrol>62</pagecontrol>
					<onleft>9000</onleft>
					<onright>60</onright>
					<onup>9003</onup>
					<ondown>9003</ondown>
					
					<!-- VIDEO ADDONS -->
					<control type="label" id="410">
						<width>750</width>
						<height>45</height>
						<font>font13_title</font>
						<label>[UPPERCASE]$LOCALIZE[20342] / $LOCALIZE[20343] / $LOCALIZE[3][/UPPERCASE]</label>
						<textcolor>blue</textcolor>
						<shadowcolor>black</shadowcolor>
						<align>left</align>
						<aligny>center</aligny>
					</control>
					
					<control type="button" id="411">
						<width>750</width>
						<height>40</height>
						<font>font13</font>
						<label>[COLOR=grey3][UPPERCASE]$LOCALIZE[20342] / $LOCALIZE[20343] / $LOCALIZE[3][/UPPERCASE] - [/COLOR]$LOCALIZE[24000] [B]1[/B]</label>
						<label2>[COLOR=selected]$INFO[system.addontitle(Skin.String(HomeVideosButton1))][/COLOR]</label2>
						<textcolor>grey2</textcolor>
						<focusedcolor>white</focusedcolor>
						<texturefocus>MenuItemFO.png</texturefocus>
						<texturenofocus>MenuItemNF.png</texturenofocus>
						<onclick>Skin.SetAddon(HomeVideosButton1,xbmc.addon.video)</onclick>
					</control>
					<control type="button" id="412">
						<width>750</width>
						<height>40</height>
						<font>font13</font>
						<label>[COLOR=grey3][UPPERCASE]$LOCALIZE[20342] / $LOCALIZE[20343] / $LOCALIZE[3][/UPPERCASE] - [/COLOR]$LOCALIZE[24000] [B]2[/B]</label>
						<label2>[COLOR=selected]$INFO[system.addontitle(Skin.String(HomeVideosButton2))][/COLOR]</label2>
						<textcolor>grey2</textcolor>
						<focusedcolor>white</focusedcolor>
						<texturefocus>MenuItemFO.png</texturefocus>
						<texturenofocus>MenuItemNF.png</texturenofocus>
						<onclick>Skin.SetAddon(HomeVideosButton2,xbmc.addon.video)</onclick>
					</control>
					<control type="button" id="413">
						<width>750</width>
						<height>40</height>
						<font>font13</font>
						<label>[COLOR=grey3][UPPERCASE]$LOCALIZE[20342] / $LOCALIZE[20343] / $LOCALIZE[3][/UPPERCASE] - [/COLOR]$LOCALIZE[24000] [B]3[/B]</label>
						<label2>[COLOR=selected]$INFO[system.addontitle(Skin.String(HomeVideosButton3))][/COLOR]</label2>
						<textcolor>grey2</textcolor>
						<focusedcolor>white</focusedcolor>
						<texturefocus>MenuItemFO.png</texturefocus>
						<texturenofocus>MenuItemNF.png</texturenofocus>
						<onclick>Skin.SetAddon(HomeVideosButton3,xbmc.addon.video)</onclick>
					</control>
					<control type="button" id="414">
						<width>750</width>
						<height>40</height>
						<font>font13</font>
						<label>[COLOR=grey3][UPPERCASE]$LOCALIZE[20342] / $LOCALIZE[20343] / $LOCALIZE[3][/UPPERCASE] - [/COLOR]$LOCALIZE[24000] [B]4[/B]</label>
						<label2>[COLOR=selected]$INFO[system.addontitle(Skin.String(HomeVideosButton4))][/COLOR]</label2>
						<textcolor>grey2</textcolor>
						<focusedcolor>white</focusedcolor>
						<texturefocus>MenuItemFO.png</texturefocus>
						<texturenofocus>MenuItemNF.png</texturenofocus>
						<onclick>Skin.SetAddon(HomeVideosButton4,xbmc.addon.video)</onclick>
					</control>
					<control type="button" id="415">
						<width>750</width>
						<height>40</height>
						<font>font13</font>
						<label>[COLOR=grey3][UPPERCASE]$LOCALIZE[20342] / $LOCALIZE[20343] / $LOCALIZE[3][/UPPERCASE] - [/COLOR]$LOCALIZE[24000] [B]5[/B]</label>
						<label2>[COLOR=selected]$INFO[system.addontitle(Skin.String(HomeVideosButton5))][/COLOR]</label2>
						<textcolor>grey2</textcolor>
						<focusedcolor>white</focusedcolor>
						<texturefocus>MenuItemFO.png</texturefocus>
						<texturenofocus>MenuItemNF.png</texturenofocus>
						<onclick>Skin.SetAddon(HomeVideosButton5,xbmc.addon.video)</onclick>
					</control>
					<control type="button" id="416">
						<width>750</width>
						<height>40</height>
						<font>font13</font>
						<label>[COLOR=grey3][UPPERCASE]$LOCALIZE[20342] / $LOCALIZE[20343] / $LOCALIZE[3][/UPPERCASE] - [/COLOR]$LOCALIZE[24000] [B]6[/B]</label>
						<label2>[COLOR=selected]$INFO[system.addontitle(Skin.String(HomeVideosButton6))][/COLOR]</label2>
						<textcolor>grey2</textcolor>
						<focusedcolor>white</focusedcolor>
						<texturefocus>MenuItemFO.png</texturefocus>
						<texturenofocus>MenuItemNF.png</texturenofocus>
						<onclick>Skin.SetAddon(HomeVideosButton6,xbmc.addon.video)</onclick>
					</control>
					<control type="button" id="417">
						<width>750</width>
						<height>40</height>
						<font>font13</font>
						<label>[COLOR=grey3][UPPERCASE]$LOCALIZE[20342] / $LOCALIZE[20343] / $LOCALIZE[3][/UPPERCASE] - [/COLOR]$LOCALIZE[24000] [B]7[/B]</label>
						<label2>[COLOR=selected]$INFO[system.addontitle(Skin.String(HomeVideosButton7))][/COLOR]</label2>
						<textcolor>grey2</textcolor>
						<focusedcolor>white</focusedcolor>
						<texturefocus>MenuItemFO.png</texturefocus>
						<texturenofocus>MenuItemNF.png</texturenofocus>
						<onclick>Skin.SetAddon(HomeVideosButton7,xbmc.addon.video)</onclick>
						<enable>!Skin.HasSetting(HomeVideosButtonSuperFolder1)</enable>
					</control>
					
					
					
					
					
					
					<control type="radiobutton" id="4181">
						<width>750</width>
						<height>40</height>
						<font>font13</font>
						<textcolor>grey2</textcolor>
						<focusedcolor>white</focusedcolor>
						<label>[COLOR=grey3][UPPERCASE]$LOCALIZE[20342] / $LOCALIZE[20343] / $LOCALIZE[3][/UPPERCASE] - [/COLOR]Enable Super Folder</label>
						<onclick>Skin.ToggleSetting(HomeVideosButtonSuperFolder1)</onclick>
						<selected>Skin.HasSetting(HomeVideosButtonSuperFolder1)</selected>
						<texturefocus>MenuItemFO.png</texturefocus>
						<texturenofocus>MenuItemNF.png</texturenofocus>
					</control>
					<control type="button" id="4182">
						<width>750</width>
						<height>40</height>
						<font>font13</font>
						<label>[COLOR=grey3][UPPERCASE]$LOCALIZE[20342] / $LOCALIZE[20343] / $LOCALIZE[3][/UPPERCASE] - [/COLOR]- $LOCALIZE[573]</label>
						<label2>[COLOR=selected]$INFO[Skin.String(HomeVideosButtonSuperFolder1Path)][/COLOR]</label2>
						<textcolor>grey2</textcolor>
						<focusedcolor>white</focusedcolor>
						<texturefocus>MenuItemFO.png</texturefocus>
						<texturenofocus>MenuItemNF.png</texturenofocus>
						<onclick>Skin.SetPath(HomeVideosButtonSuperFolder1Path)</onclick>
						<enable>Skin.HasSetting(HomeVideosButtonSuperFolder1)</enable>
					</control>
					<control type="button" id="4183">
						<width>750</width>
						<height>40</height>
						<font>font13</font>
						<label>[COLOR=grey3][UPPERCASE]$LOCALIZE[20342] / $LOCALIZE[20343] / $LOCALIZE[3][/UPPERCASE] - [/COLOR]- $LOCALIZE[556]</label>
						<label2>[COLOR=selected]$INFO[Skin.String(HomeVideosButtonSuperFolder1Name)][/COLOR]</label2>
						<textcolor>grey2</textcolor>
						<focusedcolor>white</focusedcolor>
						<texturefocus>MenuItemFO.png</texturefocus>
						<texturenofocus>MenuItemNF.png</texturenofocus>
						<onclick>Skin.SetString(HomeVideosButtonSuperFolder1Name)</onclick>
						<enable>Skin.HasSetting(HomeVideosButtonSuperFolder1)</enable>
					</control>
					<control type="radiobutton" id="4184">
						<width>750</width>
						<height>40</height>
						<font>font13</font>
						<textcolor>grey2</textcolor>
						<focusedcolor>white</focusedcolor>
						<label>[COLOR=grey3][UPPERCASE]$LOCALIZE[20342] / $LOCALIZE[20343] / $LOCALIZE[3][/UPPERCASE] - [/COLOR]- Make Super Folder first item</label>
						<onclick>Skin.ToggleSetting(HomeVideosButtonSuperFolder1StartWith)</onclick>
						<selected>Skin.HasSetting(HomeVideosButtonSuperFolder1StartWith)</selected>
						<texturefocus>MenuItemFO.png</texturefocus>
						<texturenofocus>MenuItemNF.png</texturenofocus>
						<enable>Skin.HasSetting(HomeVideosButtonSuperFolder1)</enable>
					</control>
					 
					
					
					
					
					
					<!-- TV/RADIO ADDONS (ADDED) -->
					<control type="label" id="460">
						<width>750</width>
						<height>45</height>
						<font>font13_title</font>
						<label>[UPPERCASE]$LOCALIZE[19020] / $LOCALIZE[19021][/UPPERCASE]</label>
						<textcolor>blue</textcolor>
						<shadowcolor>black</shadowcolor>
						<align>left</align>
						<aligny>center</aligny>
					</control>
					
					<control type="button" id="461">
						<width>750</width>
						<height>40</height>
						<font>font13</font>
						<label>[COLOR=grey3][UPPERCASE]$LOCALIZE[19020] / $LOCALIZE[19021][/UPPERCASE] - [/COLOR]$LOCALIZE[24000] [B]1[/B]</label>
						<label2>[COLOR=selected]$INFO[system.addontitle(Skin.String(HomePVRButton1))][/COLOR]</label2>
						<textcolor>grey2</textcolor>
						<focusedcolor>white</focusedcolor>
						<texturefocus>MenuItemFO.png</texturefocus>
						<texturenofocus>MenuItemNF.png</texturenofocus>
						<onclick>Skin.SetAddon(HomePVRButton1,xbmc.addon.video,xbmc.addon.audio,xbmc.addon.executable)</onclick>
					</control>
					<control type="button" id="462">
						<width>750</width>
						<height>40</height>
						<font>font13</font>
						<label>[COLOR=grey3][UPPERCASE]$LOCALIZE[19020] / $LOCALIZE[19021][/UPPERCASE] - [/COLOR]$LOCALIZE[24000] [B]2[/B]</label>
						<label2>[COLOR=selected]$INFO[system.addontitle(Skin.String(HomePVRButton2))][/COLOR]</label2>
						<textcolor>grey2</textcolor>
						<focusedcolor>white</focusedcolor>
						<texturefocus>MenuItemFO.png</texturefocus>
						<texturenofocus>MenuItemNF.png</texturenofocus>
						<onclick>Skin.SetAddon(HomePVRButton2,xbmc.addon.video,xbmc.addon.audio,xbmc.addon.executable)</onclick>
					</control>
					<control type="button" id="463">
						<width>750</width>
						<height>40</height>
						<font>font13</font>
						<label>[COLOR=grey3][UPPERCASE]$LOCALIZE[19020] / $LOCALIZE[19021][/UPPERCASE] - [/COLOR]$LOCALIZE[24000] [B]3[/B]</label>
						<label2>[COLOR=selected]$INFO[system.addontitle(Skin.String(HomePVRButton3))][/COLOR]</label2>
						<textcolor>grey2</textcolor>
						<focusedcolor>white</focusedcolor>
						<texturefocus>MenuItemFO.png</texturefocus>
						<texturenofocus>MenuItemNF.png</texturenofocus>
						<onclick>Skin.SetAddon(HomePVRButton3,xbmc.addon.video,xbmc.addon.audio,xbmc.addon.executable)</onclick>
					</control>
					<control type="button" id="464">
						<width>750</width>
						<height>40</height>
						<font>font13</font>
						<label>[COLOR=grey3][UPPERCASE]$LOCALIZE[19020] / $LOCALIZE[19021][/UPPERCASE] - [/COLOR]$LOCALIZE[24000] [B]4[/B]</label>
						<label2>[COLOR=selected]$INFO[system.addontitle(Skin.String(HomePVRButton4))][/COLOR]</label2>
						<textcolor>grey2</textcolor>
						<focusedcolor>white</focusedcolor>
						<texturefocus>MenuItemFO.png</texturefocus>
						<texturenofocus>MenuItemNF.png</texturenofocus>
						<onclick>Skin.SetAddon(HomePVRButton4,xbmc.addon.video,xbmc.addon.audio,xbmc.addon.executable)</onclick>
					</control>
					<control type="button" id="465">
						<width>750</width>
						<height>40</height>
						<font>font13</font>
						<label>[COLOR=grey3][UPPERCASE]$LOCALIZE[19020] / $LOCALIZE[19021][/UPPERCASE] - [/COLOR]$LOCALIZE[24000] [B]5[/B]</label>
						<label2>[COLOR=selected]$INFO[system.addontitle(Skin.String(HomePVRButton5))][/COLOR]</label2>
						<textcolor>grey2</textcolor>
						<focusedcolor>white</focusedcolor>
						<texturefocus>MenuItemFO.png</texturefocus>
						<texturenofocus>MenuItemNF.png</texturenofocus>
						<onclick>Skin.SetAddon(HomePVRButton5,xbmc.addon.video,xbmc.addon.audio,xbmc.addon.executable)</onclick>
					</control>
					<control type="button" id="466">
						<width>750</width>
						<height>40</height>
						<font>font13</font>
						<label>[COLOR=grey3][UPPERCASE]$LOCALIZE[19020] / $LOCALIZE[19021][/UPPERCASE] - [/COLOR]$LOCALIZE[24000] [B]6[/B]</label>
						<label2>[COLOR=selected]$INFO[system.addontitle(Skin.String(HomePVRButton6))][/COLOR]</label2>
						<textcolor>grey2</textcolor>
						<focusedcolor>white</focusedcolor>
						<texturefocus>MenuItemFO.png</texturefocus>
						<texturenofocus>MenuItemNF.png</texturenofocus>
						<onclick>Skin.SetAddon(HomePVRButton6,xbmc.addon.video,xbmc.addon.audio,xbmc.addon.executable)</onclick>
					</control>
					<control type="button" id="467">
						<width>750</width>
						<height>40</height>
						<font>font13</font>
						<label>[COLOR=grey3][UPPERCASE]$LOCALIZE[19020] / $LOCALIZE[19021][/UPPERCASE] - [/COLOR]$LOCALIZE[24000] [B]7[/B]</label>
						<label2>[COLOR=selected]$INFO[system.addontitle(Skin.String(HomePVRButton7))][/COLOR]</label2>
						<textcolor>grey2</textcolor>
						<focusedcolor>white</focusedcolor>
						<texturefocus>MenuItemFO.png</texturefocus>
						<texturenofocus>MenuItemNF.png</texturenofocus>
						<onclick>Skin.SetAddon(HomePVRButton7,xbmc.addon.video,xbmc.addon.audio,xbmc.addon.executable)</onclick>
					</control>
					
					<control type="label" id="420">
						<width>750</width>
						<height>45</height>
						<font>font13_title</font>
						<label>[UPPERCASE]$LOCALIZE[2][/UPPERCASE]</label>
						<textcolor>blue</textcolor>
						<shadowcolor>black</shadowcolor>
						<align>left</align>
						<aligny>center</aligny>
					</control>
					
					<control type="button" id="421">
						<width>750</width>
						<height>40</height>
						<font>font13</font>
						<label>[COLOR=grey3][UPPERCASE]$LOCALIZE[2][/UPPERCASE] - [/COLOR]$LOCALIZE[24000] [B]1[/B]</label>
						<label2>[COLOR=selected]$INFO[system.addontitle(Skin.String(HomeMusicButton1))][/COLOR]</label2>
						<textcolor>grey2</textcolor>
						<focusedcolor>white</focusedcolor>
						<texturefocus>MenuItemFO.png</texturefocus>
						<texturenofocus>MenuItemNF.png</texturenofocus>
						<onclick>Skin.SetAddon(HomeMusicButton1,xbmc.addon.audio)</onclick>
					</control>
					<control type="button" id="422">
						<width>750</width>
						<height>40</height>
						<font>font13</font>
						<label>[COLOR=grey3][UPPERCASE]$LOCALIZE[2][/UPPERCASE] - [/COLOR]$LOCALIZE[24000] [B]2[/B]</label>
						<label2>[COLOR=selected]$INFO[system.addontitle(Skin.String(HomeMusicButton2))][/COLOR]</label2>
						<textcolor>grey2</textcolor>
						<focusedcolor>white</focusedcolor>
						<texturefocus>MenuItemFO.png</texturefocus>
						<texturenofocus>MenuItemNF.png</texturenofocus>
						<onclick>Skin.SetAddon(HomeMusicButton2,xbmc.addon.audio)</onclick>
					</control>
					<control type="button" id="423">
						<width>750</width>
						<height>40</height>
						<font>font13</font>
						<label>[COLOR=grey3][UPPERCASE]$LOCALIZE[2][/UPPERCASE] - [/COLOR]$LOCALIZE[24000] [B]3[/B]</label>
						<label2>[COLOR=selected]$INFO[system.addontitle(Skin.String(HomeMusicButton3))][/COLOR]</label2>
						<textcolor>grey2</textcolor>
						<focusedcolor>white</focusedcolor>
						<texturefocus>MenuItemFO.png</texturefocus>
						<texturenofocus>MenuItemNF.png</texturenofocus>
						<onclick>Skin.SetAddon(HomeMusicButton3,xbmc.addon.audio)</onclick>
					</control>
					<control type="button" id="424">
						<width>750</width>
						<height>40</height>
						<font>font13</font>
						<label>[COLOR=grey3][UPPERCASE]$LOCALIZE[2][/UPPERCASE] - [/COLOR]$LOCALIZE[24000] [B]4[/B]</label>
						<label2>[COLOR=selected]$INFO[system.addontitle(Skin.String(HomeMusicButton4))][/COLOR]</label2>
						<textcolor>grey2</textcolor>
						<focusedcolor>white</focusedcolor>
						<texturefocus>MenuItemFO.png</texturefocus>
						<texturenofocus>MenuItemNF.png</texturenofocus>
						<onclick>Skin.SetAddon(HomeMusicButton4,xbmc.addon.audio)</onclick>
					</control>
					<control type="button" id="425">
						<width>750</width>
						<height>40</height>
						<font>font13</font>
						<label>[COLOR=grey3][UPPERCASE]$LOCALIZE[2][/UPPERCASE] - [/COLOR]$LOCALIZE[24000] [B]5[/B]</label>
						<label2>[COLOR=selected]$INFO[system.addontitle(Skin.String(HomeMusicButton5))][/COLOR]</label2>
						<textcolor>grey2</textcolor>
						<focusedcolor>white</focusedcolor>
						<texturefocus>MenuItemFO.png</texturefocus>
						<texturenofocus>MenuItemNF.png</texturenofocus>
						<onclick>Skin.SetAddon(HomeMusicButton5,xbmc.addon.audio)</onclick>
					</control>
					<control type="button" id="426">
						<width>750</width>
						<height>40</height>
						<font>font13</font>
						<label>[COLOR=grey3][UPPERCASE]$LOCALIZE[2][/UPPERCASE] - [/COLOR]$LOCALIZE[24000] [B]6[/B]</label>
						<label2>[COLOR=selected]$INFO[system.addontitle(Skin.String(HomeMusicButton6))][/COLOR]</label2>
						<textcolor>grey2</textcolor>
						<focusedcolor>white</focusedcolor>
						<texturefocus>MenuItemFO.png</texturefocus>
						<texturenofocus>MenuItemNF.png</texturenofocus>
						<onclick>Skin.SetAddon(HomeMusicButton6,xbmc.addon.audio)</onclick>
					</control>
					<control type="button" id="427">
						<width>750</width>
						<height>40</height>
						<font>font13</font>
						<label>[COLOR=grey3][UPPERCASE]$LOCALIZE[2][/UPPERCASE] - [/COLOR]$LOCALIZE[24000] [B]7[/B]</label>
						<label2>[COLOR=selected]$INFO[system.addontitle(Skin.String(HomeMusicButton7))][/COLOR]</label2>
						<textcolor>grey2</textcolor>
						<focusedcolor>white</focusedcolor>
						<texturefocus>MenuItemFO.png</texturefocus>
						<texturenofocus>MenuItemNF.png</texturenofocus>
						<onclick>Skin.SetAddon(HomeMusicButton7,xbmc.addon.audio)</onclick>
					</control>
					
					<!-- PICTURES ADDONS -->
					<control type="label" id="430">
						<width>750</width>
						<height>45</height>
						<font>font13_title</font>
						<label>[UPPERCASE]$LOCALIZE[1][/UPPERCASE]</label>
						<textcolor>blue</textcolor>
						<shadowcolor>black</shadowcolor>
						<align>left</align>
						<aligny>center</aligny>
					</control>
					
					<control type="button" id="431">
						<width>750</width>
						<height>40</height>
						<font>font13</font>
						<label>[COLOR=grey3][UPPERCASE]$LOCALIZE[1][/UPPERCASE] - [/COLOR]$LOCALIZE[24000] [B]1[/B]</label>
						<label2>[COLOR=selected]$INFO[system.addontitle(Skin.String(HomePictureButton1))][/COLOR]</label2>
						<textcolor>grey2</textcolor>
						<focusedcolor>white</focusedcolor>
						<texturefocus>MenuItemFO.png</texturefocus>
						<texturenofocus>MenuItemNF.png</texturenofocus>
						<onclick>Skin.SetAddon(HomePictureButton1,xbmc.addon.image)</onclick>
					</control>
					<control type="button" id="432">
						<width>750</width>
						<height>40</height>
						<font>font13</font>
						<label>[COLOR=grey3][UPPERCASE]$LOCALIZE[1][/UPPERCASE] - [/COLOR]$LOCALIZE[24000] [B]2[/B]</label>
						<label2>[COLOR=selected]$INFO[system.addontitle(Skin.String(HomePictureButton2))][/COLOR]</label2>
						<textcolor>grey2</textcolor>
						<focusedcolor>white</focusedcolor>
						<texturefocus>MenuItemFO.png</texturefocus>
						<texturenofocus>MenuItemNF.png</texturenofocus>
						<onclick>Skin.SetAddon(HomePictureButton2,xbmc.addon.image)</onclick>
					</control>
					<control type="button" id="433">
						<width>750</width>
						<height>40</height>
						<font>font13</font>
						<label>[COLOR=grey3][UPPERCASE]$LOCALIZE[1][/UPPERCASE] - [/COLOR]$LOCALIZE[24000] [B]3[/B]</label>
						<label2>[COLOR=selected]$INFO[system.addontitle(Skin.String(HomePictureButton3))][/COLOR]</label2>
						<textcolor>grey2</textcolor>
						<focusedcolor>white</focusedcolor>
						<texturefocus>MenuItemFO.png</texturefocus>
						<texturenofocus>MenuItemNF.png</texturenofocus>
						<onclick>Skin.SetAddon(HomePictureButton3,xbmc.addon.image)</onclick>
					</control>
					<control type="button" id="434">
						<width>750</width>
						<height>40</height>
						<font>font13</font>
						<label>[COLOR=grey3][UPPERCASE]$LOCALIZE[1][/UPPERCASE] - [/COLOR]$LOCALIZE[24000] [B]4[/B]</label>
						<label2>[COLOR=selected]$INFO[system.addontitle(Skin.String(HomePictureButton4))][/COLOR]</label2>
						<textcolor>grey2</textcolor>
						<focusedcolor>white</focusedcolor>
						<texturefocus>MenuItemFO.png</texturefocus>
						<texturenofocus>MenuItemNF.png</texturenofocus>
						<onclick>Skin.SetAddon(HomePictureButton4,xbmc.addon.image)</onclick>
					</control>
					<control type="button" id="435">
						<width>750</width>
						<height>40</height>
						<font>font13</font>
						<label>[COLOR=grey3][UPPERCASE]$LOCALIZE[1][/UPPERCASE] - [/COLOR]$LOCALIZE[24000] [B]5[/B]</label>
						<label2>[COLOR=selected]$INFO[system.addontitle(Skin.String(HomePictureButton5))][/COLOR]</label2>
						<textcolor>grey2</textcolor>
						<focusedcolor>white</focusedcolor>
						<texturefocus>MenuItemFO.png</texturefocus>
						<texturenofocus>MenuItemNF.png</texturenofocus>
						<onclick>Skin.SetAddon(HomePictureButton5,xbmc.addon.image)</onclick>
					</control>
					<control type="button" id="436">
						<width>750</width>
						<height>40</height>
						<font>font13</font>
						<label>[COLOR=grey3][UPPERCASE]$LOCALIZE[1][/UPPERCASE] - [/COLOR]$LOCALIZE[24000] [B]6[/B]</label>
						<label2>[COLOR=selected]$INFO[system.addontitle(Skin.String(HomePictureButton6))][/COLOR]</label2>
						<textcolor>grey2</textcolor>
						<focusedcolor>white</focusedcolor>
						<texturefocus>MenuItemFO.png</texturefocus>
						<texturenofocus>MenuItemNF.png</texturenofocus>
						<onclick>Skin.SetAddon(HomePictureButton6,xbmc.addon.image)</onclick>
					</control>
					<control type="button" id="437">
						<width>750</width>
						<height>40</height>
						<font>font13</font>
						<label>[COLOR=grey3][UPPERCASE]$LOCALIZE[1][/UPPERCASE] - [/COLOR]$LOCALIZE[24000] [B]7[/B]</label>
						<label2>[COLOR=selected]$INFO[system.addontitle(Skin.String(HomePictureButton7))][/COLOR]</label2>
						<textcolor>grey2</textcolor>
						<focusedcolor>white</focusedcolor>
						<texturefocus>MenuItemFO.png</texturefocus>
						<texturenofocus>MenuItemNF.png</texturenofocus>
						<onclick>Skin.SetAddon(HomePictureButton7,xbmc.addon.image)</onclick>
					</control>
					
					<!-- PROGRAMS ADDONS -->
					<control type="label" id="440">
						<width>750</width>
						<height>45</height>
						<font>font13_title</font>
						<label>[UPPERCASE]$LOCALIZE[24001][/UPPERCASE]</label>
						<textcolor>blue</textcolor>
						<shadowcolor>black</shadowcolor>
						<align>left</align>
						<aligny>center</aligny>
					</control>
					
					<control type="button" id="441">
						<width>750</width>
						<height>40</height>
						<font>font13</font>
						<label>[COLOR=grey3][UPPERCASE]$LOCALIZE[24001][/UPPERCASE] - [/COLOR]$LOCALIZE[24000] [B]1[/B]</label>
						<label2>[COLOR=selected]$INFO[system.addontitle(Skin.String(HomeProgramButton1))][/COLOR]</label2>
						<textcolor>grey2</textcolor>
						<focusedcolor>white</focusedcolor>
						<texturefocus>MenuItemFO.png</texturefocus>
						<texturenofocus>MenuItemNF.png</texturenofocus>
						<onclick>Skin.SetAddon(HomeProgramButton1,xbmc.addon.executable)</onclick>
					</control>
					<control type="button" id="442">
						<width>750</width>
						<height>40</height>
						<font>font13</font>
						<label>[COLOR=grey3][UPPERCASE]$LOCALIZE[24001][/UPPERCASE] - [/COLOR]$LOCALIZE[24000] [B]2[/B]</label>
						<label2>[COLOR=selected]$INFO[system.addontitle(Skin.String(HomeProgramButton2))][/COLOR]</label2>
						<textcolor>grey2</textcolor>
						<focusedcolor>white</focusedcolor>
						<texturefocus>MenuItemFO.png</texturefocus>
						<texturenofocus>MenuItemNF.png</texturenofocus>
						<onclick>Skin.SetAddon(HomeProgramButton2,xbmc.addon.executable)</onclick>
					</control>
					<control type="button" id="443">
						<width>750</width>
						<height>40</height>
						<font>font13</font>
						<label>[COLOR=grey3][UPPERCASE]$LOCALIZE[24001][/UPPERCASE] - [/COLOR]$LOCALIZE[24000] [B]3[/B]</label>
						<label2>[COLOR=selected]$INFO[system.addontitle(Skin.String(HomeProgramButton3))][/COLOR]</label2>
						<textcolor>grey2</textcolor>
						<focusedcolor>white</focusedcolor>
						<texturefocus>MenuItemFO.png</texturefocus>
						<texturenofocus>MenuItemNF.png</texturenofocus>
						<onclick>Skin.SetAddon(HomeProgramButton3,xbmc.addon.executable)</onclick>
					</control>
					<control type="button" id="444">
						<width>750</width>
						<height>40</height>
						<font>font13</font>
						<label>[COLOR=grey3][UPPERCASE]$LOCALIZE[24001][/UPPERCASE] - [/COLOR]$LOCALIZE[24000] [B]4[/B]</label>
						<label2>[COLOR=selected]$INFO[system.addontitle(Skin.String(HomeProgramButton4))][/COLOR]</label2>
						<textcolor>grey2</textcolor>
						<focusedcolor>white</focusedcolor>
						<texturefocus>MenuItemFO.png</texturefocus>
						<texturenofocus>MenuItemNF.png</texturenofocus>
						<onclick>Skin.SetAddon(HomeProgramButton4,xbmc.addon.executable)</onclick>
					</control>
					<control type="button" id="445">
						<width>750</width>
						<height>40</height>
						<font>font13</font>
						<label>[COLOR=grey3][UPPERCASE]$LOCALIZE[24001][/UPPERCASE] - [/COLOR]$LOCALIZE[24000] [B]5[/B]</label>
						<label2>[COLOR=selected]$INFO[system.addontitle(Skin.String(HomeProgramButton5))][/COLOR]</label2>
						<textcolor>grey2</textcolor>
						<focusedcolor>white</focusedcolor>
						<texturefocus>MenuItemFO.png</texturefocus>
						<texturenofocus>MenuItemNF.png</texturenofocus>
						<onclick>Skin.SetAddon(HomeProgramButton5,xbmc.addon.executable)</onclick>
					</control>
					<control type="button" id="446">
						<width>750</width>
						<height>40</height>
						<font>font13</font>
						<label>[COLOR=grey3][UPPERCASE]$LOCALIZE[24001][/UPPERCASE] - [/COLOR]$LOCALIZE[24000] [B]6[/B]</label>
						<label2>[COLOR=selected]$INFO[system.addontitle(Skin.String(HomeProgramButton6))][/COLOR]</label2>
						<textcolor>grey2</textcolor>
						<focusedcolor>white</focusedcolor>
						<texturefocus>MenuItemFO.png</texturefocus>
						<texturenofocus>MenuItemNF.png</texturenofocus>
						<onclick>Skin.SetAddon(HomeProgramButton6,xbmc.addon.executable)</onclick>
					</control>
					<control type="button" id="447">
						<width>750</width>
						<height>40</height>
						<font>font13</font>
						<label>[COLOR=grey3][UPPERCASE]$LOCALIZE[24001][/UPPERCASE] - [/COLOR]$LOCALIZE[24000] [B]7[/B]</label>
						<label2>[COLOR=selected]$INFO[system.addontitle(Skin.String(HomeProgramButton7))][/COLOR]</label2>
						<textcolor>grey2</textcolor>
						<focusedcolor>white</focusedcolor>
						<texturefocus>MenuItemFO.png</texturefocus>
						<texturenofocus>MenuItemNF.png</texturenofocus>
						<onclick>Skin.SetAddon(HomeProgramButton7,xbmc.addon.executable)</onclick>
					</control>
				</control>
				<control type="scrollbar" id="62">
					<left>1060</left>
					<top>60</top>
					<width>25</width>
					<height>530</height>
					<texturesliderbackground border="0,14,0,14">ScrollBarV.png</texturesliderbackground>
					<texturesliderbar border="0,14,0,14">ScrollBarV_bar.png</texturesliderbar>
					<texturesliderbarfocus border="0,14,0,14">ScrollBarV_bar_focus.png</texturesliderbarfocus>
					<textureslidernib>ScrollBarNib.png</textureslidernib>
					<textureslidernibfocus>ScrollBarNib.png</textureslidernibfocus>
					<onleft>9001</onleft>
					<onright>9000</onright>
					<showonepage>false</showonepage>
					<orientation>vertical</orientation>
					<visible>Container(9000).Hasfocus(3)</visible>
				</control>
				
				
				
				
				
				<control type="grouplist" id="9004">
					<visible>Container(9000).Hasfocus(4)</visible>
					<left>290</left>
					<top>60</top>
					<width>750</width>
					<height>530</height>
					<itemgap>-1</itemgap>
					<pagecontrol>63</pagecontrol>
					<onleft>9000</onleft>
					<onright>61</onright>
					<onup>9004</onup>
					<ondown>9004</ondown>
					
					<control type="label" id="300">
						<width>750</width>
						<height>45</height>
						<font>font13_title</font>
						<label>31106</label>
						<textcolor>blue</textcolor>
						<shadowcolor>black</shadowcolor>
						<align>left</align>
						<aligny>center</aligny>
					</control>
					
					<control type="radiobutton" id="399">
						<width>750</width>
						<height>40</height>
						<font>font13</font>
						<label>Use Original Confluence Default Background "Blue Bubbles" instead of Black</label>
						<textcolor>grey2</textcolor>
						<focusedcolor>white</focusedcolor>
						<texturefocus>MenuItemFO.png</texturefocus>
						<texturenofocus>MenuItemNF.png</texturenofocus>
						<onclick>Skin.ToggleSetting(UseOriginalConfluenceBackground)</onclick>
						<selected>Skin.HasSetting(UseOriginalConfluenceBackground)</selected>
					</control>
					<control type="radiobutton" id="301">
						<width>750</width>
						<height>40</height>
						<font>font13</font>
						<label>31119</label>
						<textcolor>grey2</textcolor>
						<focusedcolor>white</focusedcolor>
						<texturefocus>MenuItemFO.png</texturefocus>
						<texturenofocus>MenuItemNF.png</texturenofocus>
						<onclick>Skin.ToggleSetting(HideBackGroundFanart)</onclick>
						<selected>Skin.HasSetting(HideBackGroundFanart)</selected>
					</control>
					<control type="radiobutton" id="302">
						<width>750</width>
						<height>40</height>
						<font>font13</font>
						<label>31129</label>
						<textcolor>grey2</textcolor>
						<focusedcolor>white</focusedcolor>
						<texturefocus>MenuItemFO.png</texturefocus>
						<texturenofocus>MenuItemNF.png</texturenofocus>
						<onclick>Skin.ToggleSetting(HideVisualizationFanart)</onclick>
						<selected>Skin.HasSetting(HideVisualizationFanart)</selected>
					</control>
					<control type="radiobutton" id="303">
						<width>750</width>
						<height>40</height>
						<font>font13</font>
						<label>31124</label>
						<textcolor>grey2</textcolor>
						<focusedcolor>white</focusedcolor>
						<texturefocus>MenuItemFO.png</texturefocus>
						<texturenofocus>MenuItemNF.png</texturenofocus>
						<onclick>Skin.ToggleSetting(ShowBackgroundVideo)</onclick>
						<selected>!Skin.HasSetting(ShowBackgroundVideo)</selected>
					</control>
					<control type="radiobutton" id="304">
						<width>750</width>
						<height>40</height>
						<font>font13</font>
						<label>31125</label>
						<textcolor>grey2</textcolor>
						<focusedcolor>white</focusedcolor>
						<texturefocus>MenuItemFO.png</texturefocus>
						<texturenofocus>MenuItemNF.png</texturenofocus>
						<onclick>Skin.ToggleSetting(ShowBackgroundVis)</onclick>
						<selected>!Skin.HasSetting(ShowBackgroundVis)</selected>
					</control>
					<control type="label" id="310">
						<width>750</width>
						<height>45</height>
						<font>font13_title</font>
						<label>31102</label>
						<textcolor>blue</textcolor>
						<shadowcolor>black</shadowcolor>
						<align>left</align>
						<aligny>center</aligny>
					</control>
					<control type="radiobutton" id="311">
						<width>750</width>
						<height>40</height>
						<font>font13</font>
						<label>31109</label>
						<textcolor>grey2</textcolor>
						<focusedcolor>white</focusedcolor>
						<texturefocus>MenuItemFO.png</texturefocus>
						<texturenofocus>MenuItemNF.png</texturenofocus>
						<onclick>Skin.ToggleSetting(UseCustomBackground)</onclick>
						<selected>Skin.HasSetting(UseCustomBackground)</selected>
					</control>
					<control type="button" id="312">
						<width>750</width>
						<height>40</height>
						<font>font13</font>
						<label>- $LOCALIZE[31110]</label>
						<label2>[COLOR=selected]$INFO[Skin.String(CustomBackgroundPath)][/COLOR]</label2>
						<textcolor>grey2</textcolor>
						<focusedcolor>white</focusedcolor>
						<texturefocus>MenuItemFO.png</texturefocus>
						<texturenofocus>MenuItemNF.png</texturenofocus>
						<onclick>Skin.SetImage(CustomBackgroundPath)</onclick>
						<enable>Skin.HasSetting(UseCustomBackground)</enable>
					</control>
				</control>
				<control type="scrollbar" id="63">
					<left>1060</left>
					<top>60</top>
					<width>25</width>
					<height>530</height>
					<texturesliderbackground border="0,14,0,14">ScrollBarV.png</texturesliderbackground>
					<texturesliderbar border="0,14,0,14">ScrollBarV_bar.png</texturesliderbar>
					<texturesliderbarfocus border="0,14,0,14">ScrollBarV_bar_focus.png</texturesliderbarfocus>
					<textureslidernib>ScrollBarNib.png</textureslidernib>
					<textureslidernibfocus>ScrollBarNib.png</textureslidernibfocus>
					<onleft>9004</onleft>
					<onright>9000</onright>
					<showonepage>false</showonepage>
					<orientation>vertical</orientation>
					<visible>Container(9000).Hasfocus(4)</visible>
				</control>
			</control>
			
			
			
			
			
			
		</control>
		<include>CommonNowPlaying</include>
		<include>MainWindowMouseButtons</include>
		<include>BehindDialogFadeOut</include>
	</controls>
</window>
