<?xml version="1.0" encoding="UTF-8"?>
<window>
	<defaultcontrol always="true">100</defaultcontrol>
	<onload condition="!MusicPlayer.Content(LiveTV)">SetFocus(602)</onload>
	
	<include>dialogeffectSlower</include>
	
	<depth>DepthOSD</depth>
	<coordinates>
		<left>0</left>
		<top>0</top>
	</coordinates>
	
	<controls>
		<control type="group">
		
		<visible>!Window.IsVisible(SliderDialog)</visible>
		
		<animation effect="fade" end="100" time="700">Visible</animation>
		<animation effect="fade" end="0" time="350">Hidden</animation>
		
		
		<control type="button">
			<description>Close Window button</description>
			<left>64r</left>
			<top>0</top>
			<width>64</width>
			<height>32</height>
			<label></label>
			<font></font>
			<onclick>Dialog.Close(MusicOSD,true)</onclick>
			<onclick>FullScreen</onclick>
			<texturefocus>DialogCloseButton-focus.png</texturefocus>
			<texturenofocus>DialogCloseButton.png</texturenofocus>
			<!--<animation effect="fade" time="150">VisibleChange</animation>-->
			<!--
			<animation effect="slide" start="0,0" end="-50,0" time="0" condition="Player.Muted">conditional</animation>
			-->
			<!--
			<visible>[System.GetBool(input.enablemouse) + Skin.HasSetting(ShowMouseControlButtons)] + ![Window.IsVisible(AddonSettings) | Window.IsVisible(SelectDialog) | Window.IsVisible(VisualisationPresetList) | Window.IsVisible(PVROSDChannels) | Window.IsVisible(PVRChannelGuide) | Window.IsVisible(PVRRadioRDSInfo) | Window.IsVisible(OSDAudioDSPSettings) | Window.IsVisible(Addon)]</visible>
			-->
			<visible>[System.GetBool(input.enablemouse) + Skin.HasSetting(ShowMouseControlButtons)] + ![Window.IsVisible(SliderDialog)]</visible>
		</control>
		
		
		
		<control type="image" id="4010">
			<description>Seekbar focus border for mouse</description>
			<left>435</left>
			<top>114r</top>
			<width>682</width><!-- 726 -->
			<height>20</height>
			<texture border="4">button-focus-nobase.png</texture>
			<visible>Control.HasFocus(87) +     [System.GetBool(input.enablemouse)] + ![Window.IsVisible(SliderDialog) | VideoPlayer.Content(LiveTV)]</visible>
		</control>
		
		
		
		<control type="slider" id="87">
			<depth>DepthOSD+</depth>
			<description>Seek Slider</description>
			<left>440</left>
			<top>115r</top><!-- 93r move up test -->
			<width>676</width><!-- 720 -->
			<height>21</height>
			<!--
			<onup>702</onup>
			<ondown>26</ondown>
			-->
			<action>seek</action>
			<texturesliderbar>seekslider2.png</texturesliderbar>
			<textureslidernib></textureslidernib>
			<textureslidernibfocus></textureslidernibfocus>
			<!--
			<textureslidernib>osd_slider_nibNF.png</textureslidernib>
			<textureslidernibfocus>osd_slider_nib.png</textureslidernibfocus>
			-->
			
			<!--<animation effect="fade" time="150">VisibleChange</animation>-->
			<!--
			<visible>![Window.IsVisible(AddonSettings) | Window.IsVisible(SelectDialog) | Window.IsVisible(VisualisationPresetList) | Window.IsVisible(PVROSDChannels) | Window.IsVisible(PVRChannelGuide) | Window.IsVisible(PVRRadioRDSInfo) | Window.IsVisible(OSDAudioDSPSettings) | Window.IsVisible(Addon)]</visible>
			-->
			<visible>[System.GetBool(input.enablemouse)] + ![Window.IsVisible(SliderDialog) | MusicPlayer.Content(LiveTV)]</visible>
		</control>
		<control type="grouplist" id="100">
		
			<left>336</left>
			<top>78r</top>
			<orientation>horizontal</orientation>
			<itemgap>0</itemgap>
			<!--<animation effect="fade" time="150">VisibleChange</animation>-->
			<!--
			<visible>![Window.IsVisible(AddonSettings) | Window.IsVisible(SelectDialog) | Window.IsVisible(VisualisationPresetList) | Window.IsVisible(PVROSDChannels) | Window.IsVisible(PVRChannelGuide) | Window.IsVisible(PVRRadioRDSInfo) | Window.IsVisible(OSDAudioDSPSettings) | Window.IsVisible(Addon)]</visible>
			-->
			<visible>![Window.IsVisible(SliderDialog)]</visible>
			<control type="button" id="300">
				<width>54</width>
				<height>54</height>
				<label>210</label>
				<font></font>
				<texturefocus>osd/buttons/OSDChannelUPFO.png</texturefocus>
				<texturenofocus>osd/buttons/OSDChannelUPNF.png</texturenofocus>
				<onclick>ChannelUp</onclick><!-- PlayerControl(Previous) -->
				<visible>MusicPlayer.Content(LiveTV)</visible>
			</control>
			<control type="button" id="301">
				<width>54</width>
				<height>54</height>
				<label>209</label>
				<font></font>
				<texturefocus>osd/buttons/OSDChannelDownFO.png</texturefocus>
				<texturenofocus>osd/buttons/OSDChannelDownNF.png</texturenofocus>
				<onclick>ChannelDown</onclick><!-- PlayerControl(Next) -->
				<visible>MusicPlayer.Content(LiveTV)</visible>
			</control>
			<control type="button" id="600">
				<width>54</width>
				<height>54</height>
				<label>210</label>
				<font></font>
				<texturefocus>osd/buttons/OSDPrevTrackFO.png</texturefocus>
				<texturenofocus>osd/buttons/OSDPrevTrackNF.png</texturenofocus>
				<onclick>PlayerControl(Previous)</onclick>
				<visible>!MusicPlayer.Content(LiveTV)</visible>
			</control>
			<control type="button" id="601">
				<width>54</width>
				<height>54</height>
				<label>31354</label>
				<font></font>
				<texturefocus>osd/buttons/OSDRewindFO.png</texturefocus>
				<texturenofocus>osd/buttons/OSDRewindNF.png</texturenofocus>
				<onclick>PlayerControl(Rewind)</onclick>
				<visible>Player.SeekEnabled + Skin.HasSetting(DisableFullScreenOsdButtonSimplicity)</visible>
				<enable>Player.SeekEnabled + Skin.HasSetting(DisableFullScreenOsdButtonSimplicity)</enable>
				<animation effect="fade" start="100" end="20" time="0" condition="![Player.SeekEnabled + Skin.HasSetting(DisableFullScreenOsdButtonSimplicity)]">Conditional</animation>
			</control>
			<control type="togglebutton" id="602">
				<width>54</width>
				<height>54</height>
				<label>31351</label>
				<altlabel>208</altlabel>
				<font></font>
				<texturefocus>osd/buttons/OSDPauseFO.png</texturefocus>
				<texturenofocus>osd/buttons/OSDPauseNF.png</texturenofocus>
				<usealttexture>Player.Paused | Player.Forwarding | Player.Rewinding</usealttexture>
				<alttexturefocus>osd/buttons/OSDPlayFO.png</alttexturefocus>
				<alttexturenofocus>osd/buttons/OSDPlayNF.png</alttexturenofocus>
				<onclick>PlayerControl(Play)</onclick>
				<visible>Player.PauseEnabled</visible>
			</control>
			<control type="button" id="603">
				<width>54</width>
				<height>54</height>
				<label>31352</label>
				<font></font>
				<texturefocus>osd/buttons/OSDStopFO.png</texturefocus>
				<texturenofocus>osd/buttons/OSDStopNF.png</texturenofocus>
				<onclick>PlayerControl(Stop)</onclick>
			</control>
			<control type="button" id="604">
				<width>54</width>
				<height>54</height>
				<label>31353</label>
				<font></font>
				<texturefocus>osd/buttons/OSDForwardFO.png</texturefocus>
				<texturenofocus>osd/buttons/OSDForwardNF.png</texturenofocus>
				<onclick>PlayerControl(Forward)</onclick>
				<visible>Player.SeekEnabled + Skin.HasSetting(DisableFullScreenOsdButtonSimplicity)</visible>
				<enable>Player.SeekEnabled + Skin.HasSetting(DisableFullScreenOsdButtonSimplicity)</enable>
				<animation effect="fade" start="100" end="20" time="0" condition="![Player.SeekEnabled + Skin.HasSetting(DisableFullScreenOsdButtonSimplicity)]">Conditional</animation>
			</control>
			<control type="button" id="605">
				<width>54</width>
				<height>54</height>
				<label>209</label>
				<font></font>
				<texturefocus>osd/buttons/OSDNextTrackFO.png</texturefocus>
				<texturenofocus>osd/buttons/OSDNextTrackNF.png</texturenofocus>
				<visible>!MusicPlayer.Content(LiveTV)</visible>
				<onclick>PlayerControl(Next)</onclick>
			</control>
			
			
			
			<control type="image" id="2003">
				<width>16</width>
				<texture></texture>
				<visible>MusicPlayer.Content(LiveTV)</visible>
			</control>
			
			
			
			<control type="button" id="306">
				<width>54</width>
				<height>54</height>
				<label>19019</label>
				<font></font>
				<texturefocus>osd/buttons/OSDChannelListFO.png</texturefocus>
				<texturenofocus>osd/buttons/OSDChannelListNF.png</texturenofocus>
				<onclick>ActivateWindow(PVROSDChannels)</onclick>
				<visible>MusicPlayer.Content(LiveTV)</visible>
			</control>
			<control type="button" id="307">
				<width>54</width>
				<height>54</height>
				<label>$LOCALIZE[19029]$INFO[MusicPlayer.ChannelName, – ]</label>
				<font></font>
				<texturefocus>osd/buttons/OSDepgFO.png</texturefocus>
				<texturenofocus>osd/buttons/OSDepgNF.png</texturenofocus>
				<onclick>ActivateWindow(PVRChannelGuide)</onclick>
				<visible>MusicPlayer.Content(LiveTV) + !RDS.HasRadiotextPlus</visible>
			</control>
			<control type="button" id="308">
				<visible>RDS.HasRadiotextPlus</visible>
				<width>54</width>
				<height>54</height>
				<label>209</label>
				<font></font>
				<texturefocus>osd/buttons/OSDRadioRDSFO.png</texturefocus>
				<texturenofocus>osd/buttons/OSDRadioRDSNF.png</texturenofocus>
				<onclick>ActivateWindow(PVRRadioRDSInfo)</onclick>
				<visible>MusicPlayer.Content(LiveTV) + RDS.HasRadiotextPlus</visible>
			</control>
			<control type="group" id="699">
				<width>54</width>
				<height>54</height>
				<visible>!MusicPlayer.Content(LiveTV)</visible>
				<control type="button" id="606">
					<left>0</left>
					<top>0</top>
					<width>54</width>
					<height>54</height>
					<label>$LOCALIZE[486]$INFO[Playlist.Repeat, : ]</label>
					<font></font>
					<texturefocus></texturefocus>
					<texturenofocus></texturenofocus>
					<onleft>605</onleft>
					<onright>607</onright>
					<onclick>PlayerControl(Repeat)</onclick>
				</control>
				<control type="image">
					<left>0</left>
					<top>0</top>
					<width>54</width>
					<height>54</height>
					<texture>osd/buttons/OSDRepeatNF.png</texture>
					<visible>!Playlist.IsRepeat + !Playlist.IsRepeatOne</visible>
					<visible>!Control.HasFocus(606)</visible>
				</control>
				<control type="image">
					<left>0</left>
					<top>0</top>
					<width>54</width>
					<height>54</height>
					<texture>osd/buttons/OSDRepeatFO.png</texture>
					<visible>!Playlist.IsRepeat + !Playlist.IsRepeatOne</visible>
					<visible>Control.HasFocus(606)</visible>
				</control>
				<control type="image">
					<left>0</left>
					<top>0</top>
					<width>54</width>
					<height>54</height>
					<texture>osd/buttons/OSDRepeatOneNF.png</texture>
					<visible>Playlist.IsRepeatOne</visible>
					<visible>!Control.HasFocus(606)</visible>
				</control>
				<control type="image">
					<left>0</left>
					<top>0</top>
					<width>54</width>
					<height>54</height>
					<texture>osd/buttons/OSDRepeatOneFO.png</texture>
					<visible>Playlist.IsRepeatOne</visible>
					<visible>Control.HasFocus(606)</visible>
				</control>
				<control type="image">
					<left>0</left>
					<top>0</top>
					<width>54</width>
					<height>54</height>
					<texture>osd/buttons/OSDRepeatAllNF.png</texture>
					<visible>Playlist.IsRepeat</visible>
					<visible>!Control.HasFocus(606)</visible>
				</control>
				<control type="image">
					<left>0</left>
					<top>0</top>
					<width>54</width>
					<height>54</height>
					<texture>osd/buttons/OSDRepeatAllFO.png</texture>
					<visible>Playlist.IsRepeat</visible>
					<visible>Control.HasFocus(606)</visible>
				</control>
			</control>
			<control type="togglebutton" id="607">
				<width>54</width>
				<height>54</height>
				<label>$LOCALIZE[590]$INFO[Playlist.Random, : ]</label>
				<font></font>
				<texturefocus>osd/buttons/OSDRandomOffFO.png</texturefocus>
				<texturenofocus>osd/buttons/OSDRandomOffNF.png</texturenofocus>
				<usealttexture>Playlist.IsRandom</usealttexture>
				<alttexturefocus>osd/buttons/OSDRandomOnFO.png</alttexturefocus>
				<alttexturenofocus>osd/buttons/OSDRandomOnNF.png</alttexturenofocus>
				<visible>!MusicPlayer.Content(LiveTV)</visible>
				<onclick>PlayerControl(Random)</onclick>
			</control>
			
			
			
			<!-- ADD 54px IF NOT PauseEnabled -->
			<control type="image" id="1998">
				<width>54</width>
				<texture></texture>
				<visible>!Player.PauseEnabled</visible>
			</control>
			
			<!-- ADD 54px IF LiveTV (Playlist Icon Hidden) -->
			<control type="image" id="1999">
				<width>54</width>
				<texture></texture>
				<visible>MusicPlayer.Content(LiveTV)</visible>
			</control>
			
			
			
			<control type="button" id="901">
				<width>54</width>
				<height>54</height>
				<label>dummy space</label>
				<font></font>
				<texturefocus></texturefocus>
				<texturenofocus></texturenofocus>
				<visible>![Player.SeekEnabled + Skin.HasSetting(DisableFullScreenOsdButtonSimplicity)]</visible>
				<enable>false</enable>
			</control>
			<control type="button" id="902">
				<width>54</width>
				<height>54</height>
				<label>dummy space</label>
				<font></font>
				<texturefocus></texturefocus>
				<texturenofocus></texturenofocus>
				<visible>![Player.SeekEnabled + Skin.HasSetting(DisableFullScreenOsdButtonSimplicity)]</visible>
				<enable>false</enable>
			</control>
			
			
			
			<control type="image" id="2300">
				<width>180</width><!-- 213 -33corr -->
				<texture></texture>
			</control>
			
			
			
			<control type="image" id="2500">
				<width>38</width><!-- 54-16 -->
				<texture></texture>
				<visible>MusicPlayer.Content(LiveTV)</visible>
			</control>
			<control type="image" id="2600">
				<width>54</width>
				<texture></texture>
				<visible>!PVR.CanRecordPlayingChannel</visible>
			</control>
			
			<control type="button" id="705">
				<width>54</width>
				<height>54</height>
				<label>15047</label>
				<font></font>
				<texturefocus>osd/buttons/OSDRateFO.png</texturefocus>
				<texturenofocus>osd/buttons/OSDRateNF.png</texturenofocus>
				<onclick>setrating</onclick>
				<enable>!MusicPlayer.Content(LiveTV) + !Pvr.IsPlayingRecording</enable>
				<animation effect="fade" start="100" end="0" time="0" condition="![!MusicPlayer.Content(LiveTV) + !Pvr.IsPlayingRecording]">Conditional</animation>
			</control>
			<control type="button" id="500">
				<width>54</width>
				<height>54</height>
				<label>12006</label>
				<font></font>
				<texturefocus>osd/buttons/OSDVizFO.png</texturefocus>
				<texturenofocus>osd/buttons/OSDVizNF.png</texturenofocus>
				<onup>403</onup>
			</control>
			<control type="togglebutton" id="701">
				<width>54</width>
				<height>54</height>
				<label>31128</label>
				<font></font>
				<texturefocus>osd/buttons/OSDLyricsFO.png</texturefocus>
				<texturenofocus>osd/buttons/OSDLyricsNF.png</texturenofocus>
				<alttexturefocus>osd/buttons/OSDLyricsFO.png</alttexturefocus>
				<alttexturenofocus>osd/buttons/OSDLyricsNF.png</alttexturenofocus>
				<onclick>Close</onclick>
				<onclick>RunScript($INFO[Skin.String(LyricScript_Path)])</onclick>
				<altclick>Skin.SetAddon(LyricScript_Path,xbmc.python.lyrics)</altclick>
				<altclick>Close</altclick>
				<altclick>RunScript($INFO[Skin.String(LyricScript_Path)])</altclick>
				<usealttexture>String.IsEmpty(Skin.String(LyricScript_Path))</usealttexture>
				<visible>!MusicPlayer.Content(LiveTV)</visible>
			</control>
			<!--
			<control type="button" id="702">
				<width>54</width>
				<height>54</height>
				<label>$LOCALIZE[250] $LOCALIZE[21417]</label>
				<font></font>
				<texturefocus>osd/buttons/OSDPresetSettingsFO.png</texturefocus>
				<texturenofocus>osd/buttons/OSDPresetSettingsNF.png</texturenofocus>
				<onclick>Addon.Default.OpenSettings(xbmc.player.musicviz)</onclick>
			</control>
			<control type="button" id="703">
				<width>54</width>
				<height>54</height>
				<label>31048</label>
				<font></font>
				<texturefocus>osd/buttons/OSDPreFO.png</texturefocus>
				<texturenofocus>osd/buttons/OSDPreNF.png</texturenofocus>
				<onclick>ActivateWindow(visualisationpresetlist)</onclick>
				<enable>Visualisation.HasPresets</enable>
				<animation effect="fade" start="100" end="23" time="0" condition="!Visualisation.HasPresets">Conditional</animation>
			</control>
			-->
			
			<!--
			<control type="togglebutton" id="700">
				<width>54</width>
				<height>54</height>
				<label>13396</label>
				<font></font>
				<texturefocus>osd/buttons/OSDAudioFO.png</texturefocus>
				<texturenofocus>osd/buttons/OSDAudioNF.png</texturenofocus>
				<usealttexture>System.GetBool(audiooutput.dspaddonsenabled)</usealttexture>
				<alttexturefocus>osd/buttons/OSDDSPAudioFO.png</alttexturefocus>
				<alttexturenofocus>osd/buttons/OSDDSPAudioNF.png</alttexturenofocus>
				<onclick>ActivateWindow(OSDAudioSettings)</onclick>
			</control>
			-->
			<control type="button" id="700">
				<width>54</width>
				<height>54</height>
				<label>PLAYLIST</label>
				<font></font>
				<texturefocus>osd/buttons/OSDplaylistFO.png</texturefocus>
				<texturenofocus>osd/buttons/OSDplaylistNF.png</texturenofocus>
				
				<onclick>Dialog.Close(all,true)</onclick>
				<onclick>ActivateWindow(MusicPlaylist)</onclick>
				
				<visible>!MusicPlayer.Content(LiveTV)</visible>
				
			</control>
			
			<control type="togglebutton" id="704">
				<width>54</width>
				<height>54</height>
				<label>264</label>
				<font></font>
				<texturefocus>osd/buttons/OSDRecordOffFO.png</texturefocus>
				<texturenofocus>osd/buttons/OSDRecordOffNF.png</texturenofocus>
				
				<!-- PVR.IsRecordingPlayingChannel alttexture test -->
				<usealttexture>PVR.IsRecordingPlayingChannel</usealttexture>
				<alttexturefocus>osd/buttons/OSDRecordOnFO.png</alttexturefocus>
				<alttexturenofocus>osd/buttons/OSDRecordOnNF.png</alttexturenofocus>
				
				<onclick>PVR.ToggleRecordPlayingChannel</onclick>
				<visible>PVR.CanRecordPlayingChannel</visible>
			</control>
		</control>
		</control>
		
		
		
		<!-- VIS SUBMENU -->
		<control type="button" id="410">
			<description>Fake button for mouse control</description>
			<right>70</right><!-- 36 -->
			<bottom>72</bottom>
			<width>256</width>
			<height>250</height>
			<label></label>
			<font></font>
			<texturenofocus></texturenofocus>
			<texturefocus></texturefocus>
			
			<!--
			<animation effect="slide" start="0,0" end="55,0" time="0" condition="!PVR.CanRecordPlayingChannel">Conditional</animation>
			-->
			<animation effect="slide" start="0,0" end="54,0" time="0" condition="MusicPlayer.Content(LiveTV)">Conditional</animation>
			
			<visible>Control.HasFocus(410) | Control.HasFocus(500) | ControlGroup(400).HasFocus | Control.HasFocus(401) | Control.HasFocus(402) | Control.HasFocus(403)</visible>
		</control>
		<control type="grouplist" id="400">
			<depth>DepthOSD+</depth>
			<!--
			<visible>![Window.IsVisible(SliderDialog) | Window.IsVisible(OSDVideoSettings) | Window.IsVisible(OSDAudioSettings) | Window.IsVisible(OSDAudioDSPSettings) | Window.IsVisible(VideoBookmarks)]</visible>
			dont hide test
			-->
			<visible>![Window.IsVisible(SliderDialog)]</visible>
			<!--<animation effect="fade" time="150">VisibleChange</animation>-->
			
			<!--
			<animation effect="slide" start="0,0" end="55,0" time="0" condition="!PVR.CanRecordPlayingChannel">Conditional</animation>
			-->
			<animation effect="slide" start="0,0" end="54,0" time="0" condition="MusicPlayer.Content(LiveTV)">Conditional</animation>
			
			<!-- added -->
			<!-- MOVE 32px LEFT IF VA-DRC TOGGLE VISIBLE -->
			<animation effect="slide" start="0,0" end="-35,0" time="0" condition="!VideoPlayer.Content(LiveTV) + false">Conditional</animation>
			
			<right>70</right><!-- 36 -->
			<bottom>4</bottom>
			<width>256</width>
			<height>260</height>
			<itemgap>0</itemgap>
			<onleft>500</onleft>
			<onright>500</onright>
			<onup>500</onup>
			<ondown>500</ondown>
			<orientation>vertical</orientation>
			<visible>Control.HasFocus(410) | Control.HasFocus(500) | ControlGroup(400).HasFocus | Control.HasFocus(401) | Control.HasFocus(402) | Control.HasFocus(403)</visible>
			<!--<include>VisibleFadeEffect</include>-->
			<include>VisibleFadeEffectNoFadeOutSlow</include>
			<control type="group">
				<description>Header</description>
				<width>256</width>
				<height>40</height>
				<control type="image">
					<description>Header</description>
					<left>0</left>
					<top>0</top>
					<width>256</width>
					<height>40</height>
					<texture border="20,8,20,0">SubMenuBack-Header.png</texture>
				</control>
				<control type="label">
					<left>30</left>
					<top>20</top>
					<width>196</width>
					<height>15</height>
					<font>Regular17</font>
					<label>250</label>
					<textcolor>blue</textcolor>
					<align>center</align>
					<aligny>center</aligny>
				</control>
			</control>
			<control type="togglebutton" id="401">
				<description>Visualisation Choose Button</description>
				<height>40</height>
				<width>256</width>
				<font>Regular20</font>
				<label>$LOCALIZE[22080]$INFO[Visualisation.Name,: ,]</label>
				<textoffsetx>30</textoffsetx>
				<aligny>center</aligny>
				<texturefocus border="24,4,24,4">SubMenuBack-MiddleFO.png</texturefocus>
				<texturenofocus border="24,4,24,4">SubMenuBack-MiddleNF.png</texturenofocus>
				<alttexturefocus border="24,4,24,4">SubMenuBack-MiddleFO.png</alttexturefocus>
				<alttexturenofocus border="24,4,24,4">SubMenuBack-MiddleNF.png</alttexturenofocus>
				
				<onclick>SendClick(500)</onclick>
			</control>
			<control type="togglebutton" id="402">
				<description>Visualisation Settings Button</description>
				<height>40</height>
				<width>256</width>
				<font>Regular20</font>
				<label>$LOCALIZE[21417]</label>
				<textoffsetx>30</textoffsetx>
				<aligny>center</aligny>
				<texturefocus border="24,4,24,4">SubMenuBack-MiddleFO.png</texturefocus>
				<texturenofocus border="24,4,24,4">SubMenuBack-MiddleNF.png</texturenofocus>
				<alttexturefocus border="24,4,24,4">SubMenuBack-MiddleFO.png</alttexturefocus>
				<alttexturenofocus border="24,4,24,4">SubMenuBack-MiddleNF.png</alttexturenofocus>
				
				<onclick>Addon.Default.OpenSettings(xbmc.player.musicviz)</onclick>
				<enable>!String.IsEmpty(Visualisation.Name)</enable>
				
			</control>
			<control type="togglebutton" id="403">
				<description>Visualisation Presets Button</description>
				<height>40</height>
				<width>256</width>
				<font>Regular20</font>
				<label>$LOCALIZE[13388]</label>
				<textoffsetx>30</textoffsetx>
				<aligny>center</aligny>
				<texturefocus border="24,4,24,4">SubMenuBack-MiddleFO.png</texturefocus>
				<texturenofocus border="24,4,24,4">SubMenuBack-MiddleNF.png</texturenofocus>
				<alttexturefocus border="24,4,24,4">SubMenuBack-MiddleFO.png</alttexturefocus>
				<alttexturenofocus border="24,4,24,4">SubMenuBack-MiddleNF.png</alttexturenofocus>
				
				<onclick>ActivateWindow(visualisationpresetlist)</onclick>
				<enable>!String.IsEmpty(Visualisation.Name) + Visualisation.HasPresets</enable>
				
			</control>
			<control type="image" id="440">
				<description>Footer</description>
				<width>256</width>
				<height>20</height>
				<texture flipy="true" border="20,0,20,8">SubMenuBack-Header.png</texture>
			</control>
		</control>
		
		
		
		<control type="image">
			<left>0</left>
			<top>0</top>
			<width>1280</width>
			<height>720</height>
			<texture>black-back.png</texture>
			<visible>Window.IsVisible(SelectDialog) | Window.IsVisible(OSDVideoSettings) | Window.IsVisible(OSDAudioSettings) | Window.IsVisible(OSDAudioDSPSettings) | Window.IsVisible(VideoBookmarks)</visible>
		</control>
		
		
		
	</controls>
</window>
